churn,tenure_months,monthly_charges,total_services,support_calls_last90d,late_payments_12m,downtime_hrs_6m,contract,internet,payment_method,support_tier,promo_status
0,5.2,91.13,3,1,1,3.75,month-to-month,fiber,bank_transfer,basic,never
0,22.0,19.04,2,3,2,3.22,one-year,fiber,credit_card,basic,never
0,25.8,77.94,2,1,0,2.06,month-to-month,fiber,electronic_check,basic,never
0,6.8,91.52,1,4,1,0.6,one-year,fiber,bank_transfer,plus,never
0,18.7,54.31,1,2,1,0.0,two-year,none,bank_transfer,plus,past
1,27.1,31.99,3,4,0,3.03,month-to-month,fiber,credit_card,basic,never
0,32.6,90.45,2,3,2,2.87,month-to-month,fiber,electronic_check,plus,never
0,2.4,58.53,3,2,0,1.81,month-to-month,fiber,credit_card,basic,never
0,15.0,47.18,2,3,2,2.6,month-to-month,fiber,electronic_check,basic,past
0,24.7,77.01,2,2,2,3.1,month-to-month,fiber,bank_transfer,basic,past
0,18.6,64.6,1,2,1,3.98,one-year,fiber,credit_card,basic,past
1,18.4,106.65,2,1,0,5.54,one-year,fiber,bank_transfer,plus,never
0,19.2,66.33,1,3,0,2.72,month-to-month,dsl,bank_transfer,plus,past
0,8.4,56.6,2,1,0,2.34,month-to-month,dsl,electronic_check,plus,past
0,26.8,50.79,3,3,1,2.08,month-to-month,dsl,electronic_check,basic,never
1,3.7,88.18,4,3,0,2.52,two-year,fiber,credit_card,basic,past
1,43.3,57.09,3,1,1,3.48,month-to-month,fiber,electronic_check,basic,past
0,4.8,100.66,1,4,1,2.06,month-to-month,none,electronic_check,basic,current
0,2.0,109.39,3,2,0,3.64,two-year,dsl,electronic_check,plus,never
0,13.3,116.78,2,2,0,1.13,month-to-month,fiber,electronic_check,basic,never
0,4.4,99.5,1,2,1,1.5,month-to-month,none,electronic_check,basic,never
0,5.4,63.47,2,2,0,1.76,two-year,dsl,electronic_check,basic,never
1,37.6,111.28,2,6,1,0.6,month-to-month,fiber,electronic_check,basic,past
0,3.1,63.15,1,3,2,3.0,month-to-month,none,bank_transfer,basic,current
0,7.7,76.16,3,1,0,2.11,two-year,fiber,electronic_check,basic,current
1,9.5,82.22,2,3,0,1.83,month-to-month,dsl,electronic_check,basic,never
1,3.4,96.96,2,1,0,2.21,month-to-month,fiber,electronic_check,plus,never
0,7.5,40.77,3,2,0,0.76,one-year,dsl,electronic_check,plus,past
0,7.1,66.7,2,2,0,2.18,one-year,none,electronic_check,basic,current
0,23.5,68.45,4,2,0,1.22,month-to-month,fiber,electronic_check,premium,never
0,8.1,80.71,1,2,0,3.77,month-to-month,fiber,electronic_check,plus,past
0,39.6,33.32,2,1,0,2.13,month-to-month,fiber,electronic_check,plus,never
0,16.0,61.05,3,3,2,1.0,month-to-month,fiber,electronic_check,plus,past
0,2.3,74.3,2,3,0,1.71,month-to-month,dsl,bank_transfer,basic,current
0,42.6,82.27,3,2,0,1.75,month-to-month,none,electronic_check,plus,past
0,1.8,88.78,3,1,2,3.45,one-year,fiber,electronic_check,premium,past
0,40.9,91.62,2,3,2,0.61,one-year,none,electronic_check,basic,current
0,13.0,109.84,1,2,2,4.42,month-to-month,dsl,bank_transfer,basic,never
0,31.9,44.41,0,1,1,1.55,month-to-month,none,electronic_check,plus,never
0,21.5,51.76,2,0,0,3.78,month-to-month,fiber,credit_card,premium,current
0,12.3,58.93,2,1,1,1.51,month-to-month,dsl,credit_card,basic,past
0,35.5,79.65,4,0,1,2.29,month-to-month,fiber,electronic_check,plus,past
1,3.1,83.16,3,2,1,2.88,one-year,fiber,electronic_check,basic,past
0,2.6,108.43,2,1,0,2.62,month-to-month,fiber,electronic_check,plus,never
0,35.2,39.9,0,2,0,1.42,month-to-month,none,credit_card,basic,past
0,11.5,51.41,2,3,1,4.92,one-year,dsl,credit_card,basic,never
0,8.4,48.81,3,0,1,2.78,month-to-month,fiber,electronic_check,plus,never
0,25.1,61.31,1,0,1,2.52,two-year,none,bank_transfer,premium,current
0,28.8,30.42,3,3,0,2.58,month-to-month,dsl,electronic_check,basic,past
0,14.5,48.6,3,1,0,3.16,one-year,fiber,electronic_check,plus,never
1,5.0,118.02,1,2,2,2.65,month-to-month,none,credit_card,basic,never
1,27.0,92.82,2,3,1,2.53,month-to-month,fiber,bank_transfer,basic,never
1,9.5,82.55,1,1,0,0.8,one-year,fiber,electronic_check,plus,never
0,10.2,97.25,3,1,0,1.48,month-to-month,dsl,electronic_check,plus,never
0,0.9,26.8,2,1,0,2.38,month-to-month,fiber,electronic_check,plus,past
0,26.8,86.31,4,2,0,1.12,month-to-month,dsl,credit_card,basic,past
0,2.2,106.78,3,0,0,3.0,month-to-month,dsl,electronic_check,premium,past
0,7.8,78.94,2,1,0,2.89,one-year,dsl,electronic_check,basic,current
0,7.2,44.25,2,0,0,2.58,month-to-month,dsl,electronic_check,plus,current
0,2.9,50.42,1,1,2,1.44,one-year,fiber,electronic_check,premium,never
0,17.7,31.62,3,2,2,3.24,two-year,fiber,electronic_check,plus,current
0,30.5,45.66,2,1,1,0.81,one-year,dsl,bank_transfer,basic,past
0,26.7,90.5,2,0,1,0.38,month-to-month,dsl,electronic_check,plus,never
0,9.1,88.97,0,3,2,0.27,month-to-month,none,electronic_check,basic,never
0,17.5,49.4,1,3,1,1.81,month-to-month,none,bank_transfer,basic,current
1,32.1,44.59,4,5,0,1.89,month-to-month,fiber,electronic_check,basic,never
0,34.5,85.73,3,2,2,3.59,two-year,fiber,credit_card,premium,never
0,2.3,27.74,0,1,1,1.59,two-year,none,electronic_check,premium,never
0,2.5,81.06,1,3,1,2.36,one-year,dsl,electronic_check,basic,never
0,1.2,98.86,1,0,0,2.66,month-to-month,none,credit_card,plus,past
0,16.2,46.03,1,0,0,1.77,one-year,dsl,credit_card,plus,past
0,52.4,75.43,3,2,0,2.54,month-to-month,dsl,electronic_check,basic,never
0,2.1,26.21,1,2,0,1.23,month-to-month,dsl,electronic_check,plus,past
1,33.7,79.92,2,6,0,1.01,month-to-month,fiber,bank_transfer,basic,never
0,31.7,66.11,2,3,0,1.41,one-year,fiber,electronic_check,plus,never
0,1.8,93.11,3,2,0,2.07,month-to-month,dsl,electronic_check,basic,current
0,10.4,97.46,2,1,1,3.9,month-to-month,fiber,credit_card,plus,never
0,14.0,49.4,2,2,1,1.76,month-to-month,fiber,electronic_check,basic,current
0,28.4,75.47,4,4,2,2.31,month-to-month,fiber,credit_card,basic,never
1,0.6,95.12,2,5,0,2.77,month-to-month,fiber,electronic_check,basic,never
0,45.7,62.77,2,1,0,1.95,month-to-month,none,credit_card,basic,past
1,11.0,90.17,3,1,0,2.84,month-to-month,dsl,bank_transfer,basic,past
1,6.9,76.4,2,3,0,3.2,month-to-month,fiber,electronic_check,plus,past
0,52.9,70.6,3,1,0,2.92,one-year,fiber,credit_card,basic,never
0,7.6,77.02,3,3,1,1.24,one-year,fiber,credit_card,premium,past
1,35.4,85.08,3,1,1,3.23,month-to-month,fiber,credit_card,basic,past
0,5.0,42.04,2,4,1,3.79,month-to-month,dsl,bank_transfer,plus,current
0,9.1,69.31,1,0,1,1.89,one-year,dsl,electronic_check,plus,past
1,41.4,88.22,2,4,0,3.93,two-year,fiber,electronic_check,basic,never
0,4.0,61.33,4,3,0,2.27,one-year,fiber,bank_transfer,basic,past
0,8.7,71.19,3,2,2,0.6,one-year,fiber,bank_transfer,basic,never
0,9.0,77.86,2,2,0,1.75,two-year,fiber,electronic_check,plus,never
0,64.5,58.39,2,2,0,0.67,month-to-month,fiber,credit_card,basic,never
0,18.5,69.0,3,1,1,1.05,two-year,dsl,bank_transfer,plus,current
0,10.2,54.54,1,2,1,1.15,month-to-month,dsl,credit_card,basic,past
0,7.2,55.35,3,1,1,2.32,month-to-month,fiber,bank_transfer,basic,never
0,14.3,89.33,1,1,0,3.07,one-year,fiber,bank_transfer,basic,past
0,7.4,77.36,1,4,1,2.71,one-year,fiber,credit_card,premium,current
0,37.5,76.93,2,0,1,0.99,month-to-month,dsl,electronic_check,plus,never
1,38.4,84.88,0,3,0,4.12,one-year,none,electronic_check,basic,never
0,7.9,84.69,2,3,1,0.6,month-to-month,fiber,electronic_check,basic,never
0,5.1,110.01,2,5,0,2.86,month-to-month,fiber,bank_transfer,basic,past
0,25.7,77.91,2,4,2,2.43,one-year,none,electronic_check,basic,never
0,4.4,60.98,1,3,1,3.87,month-to-month,dsl,electronic_check,basic,never
0,2.6,115.69,2,1,1,1.42,month-to-month,none,electronic_check,plus,past
0,25.0,88.7,3,3,0,2.75,one-year,fiber,electronic_check,basic,never
0,19.3,68.32,3,2,0,3.58,one-year,fiber,credit_card,plus,never
0,3.7,44.58,0,1,0,0.77,one-year,none,credit_card,basic,past
1,29.2,69.03,0,3,2,1.49,month-to-month,none,electronic_check,basic,never
0,1.6,62.65,2,3,0,3.07,month-to-month,fiber,bank_transfer,basic,never
0,5.4,80.74,2,3,0,2.83,month-to-month,fiber,credit_card,basic,past
0,19.4,80.76,3,3,0,3.02,month-to-month,fiber,electronic_check,basic,never
0,18.6,120.72,2,1,0,4.18,month-to-month,fiber,bank_transfer,basic,current
1,24.2,78.78,2,4,0,0.0,month-to-month,dsl,credit_card,basic,never
0,2.8,62.68,2,2,1,0.55,one-year,dsl,bank_transfer,plus,current
0,38.5,46.22,3,2,0,3.25,two-year,dsl,credit_card,basic,current
0,6.2,79.99,3,4,0,2.08,month-to-month,none,electronic_check,basic,never
0,22.5,59.87,2,0,0,3.97,month-to-month,fiber,credit_card,plus,never
0,46.5,66.19,0,4,1,0.72,one-year,none,bank_transfer,basic,current
0,14.0,44.32,2,2,1,4.12,month-to-month,fiber,bank_transfer,basic,current
1,1.2,106.04,2,3,0,3.25,month-to-month,dsl,credit_card,basic,past
0,5.4,95.86,3,2,1,2.58,month-to-month,fiber,credit_card,basic,never
0,21.4,70.55,2,3,0,1.94,month-to-month,fiber,credit_card,basic,past
0,0.8,45.24,2,3,0,3.37,one-year,fiber,credit_card,basic,never
0,2.2,114.99,3,0,1,2.84,two-year,fiber,electronic_check,plus,never
0,24.2,44.84,1,3,2,3.01,month-to-month,dsl,bank_transfer,plus,current
1,12.3,98.56,2,2,0,2.98,month-to-month,none,credit_card,basic,past
0,19.8,64.52,3,2,0,2.58,one-year,dsl,credit_card,basic,never
0,0.1,33.18,1,2,0,1.09,two-year,fiber,bank_transfer,basic,never
0,39.6,12.22,3,2,0,4.24,month-to-month,fiber,bank_transfer,basic,never
0,4.3,38.14,0,5,1,0.49,month-to-month,none,electronic_check,basic,current
0,7.8,94.13,2,3,0,3.69,two-year,fiber,electronic_check,basic,past
0,13.5,23.12,2,3,1,3.64,two-year,dsl,credit_card,premium,current
0,0.8,95.41,2,1,0,1.61,month-to-month,fiber,electronic_check,basic,past
1,1.1,110.36,2,3,2,3.76,month-to-month,fiber,electronic_check,plus,past
0,36.6,38.67,2,3,1,2.78,one-year,none,credit_card,basic,never
0,0.2,65.12,1,3,1,3.3,one-year,fiber,electronic_check,plus,never
0,10.2,83.03,3,0,1,0.96,month-to-month,dsl,electronic_check,plus,past
0,12.3,85.33,1,2,0,5.32,one-year,fiber,credit_card,basic,never
1,13.6,70.72,1,3,2,2.43,one-year,fiber,electronic_check,basic,never
1,10.4,76.99,3,5,0,2.01,month-to-month,fiber,electronic_check,basic,past
0,43.8,103.97,1,3,0,1.64,month-to-month,none,electronic_check,plus,past
1,18.7,68.72,1,6,0,2.99,month-to-month,fiber,credit_card,basic,past
0,34.9,18.13,0,4,1,4.16,month-to-month,none,electronic_check,basic,past
0,12.2,80.94,1,5,1,2.29,one-year,dsl,credit_card,basic,never
0,19.2,74.74,2,1,0,3.96,month-to-month,fiber,electronic_check,plus,never
0,0.5,45.48,2,2,0,0.6,month-to-month,fiber,bank_transfer,plus,current
0,8.3,75.77,2,1,1,3.47,month-to-month,fiber,bank_transfer,basic,current
1,20.9,91.19,3,2,1,2.65,month-to-month,dsl,electronic_check,plus,past
0,23.9,63.33,1,3,3,1.94,month-to-month,dsl,bank_transfer,basic,past
0,45.3,65.17,1,0,1,2.62,month-to-month,dsl,bank_transfer,plus,never
0,29.2,44.27,1,2,2,1.0,month-to-month,fiber,bank_transfer,plus,never
0,0.9,130.47,2,3,0,3.11,one-year,fiber,credit_card,basic,past
1,12.3,65.87,3,1,3,3.84,month-to-month,dsl,electronic_check,plus,never
0,10.2,96.7,3,6,1,2.66,month-to-month,dsl,bank_transfer,basic,past
0,4.4,89.61,2,1,0,3.4,month-to-month,dsl,electronic_check,plus,past
0,22.1,108.36,1,3,0,3.87,month-to-month,fiber,electronic_check,basic,current
0,60.8,62.84,2,0,1,1.81,two-year,dsl,credit_card,plus,never
0,3.1,93.28,2,4,0,2.1,two-year,fiber,bank_transfer,basic,past
0,19.5,52.67,1,2,0,2.41,month-to-month,fiber,bank_transfer,basic,never
0,7.4,116.04,3,4,2,2.38,month-to-month,dsl,electronic_check,basic,past
0,10.4,85.3,2,2,1,3.98,one-year,dsl,electronic_check,basic,past
0,3.4,71.45,1,2,1,2.6,two-year,fiber,electronic_check,basic,never
0,41.9,53.63,0,2,0,3.1,month-to-month,none,electronic_check,basic,never
0,3.6,54.63,2,3,2,4.93,one-year,fiber,bank_transfer,basic,past
0,15.9,54.99,2,3,0,2.88,two-year,fiber,electronic_check,basic,current
0,21.4,65.82,3,4,1,2.97,month-to-month,dsl,bank_transfer,basic,never
0,7.4,20.06,1,2,1,3.78,two-year,fiber,electronic_check,basic,never
1,40.1,111.83,2,4,0,0.01,month-to-month,dsl,electronic_check,basic,past
0,4.5,94.39,1,4,1,0.6,month-to-month,fiber,bank_transfer,plus,never
0,8.3,55.94,2,1,0,2.94,month-to-month,none,electronic_check,plus,never
1,19.8,91.35,2,2,2,5.35,month-to-month,fiber,bank_transfer,basic,current
0,22.1,66.34,2,4,1,2.4,two-year,fiber,electronic_check,plus,never
0,12.9,93.01,3,2,0,1.44,month-to-month,fiber,bank_transfer,plus,current
1,39.7,63.89,2,0,1,1.87,one-year,fiber,electronic_check,premium,current
0,20.0,60.94,2,1,0,0.92,month-to-month,fiber,electronic_check,plus,current
0,21.7,21.58,2,1,0,1.48,month-to-month,fiber,electronic_check,plus,never
0,10.5,37.94,2,2,0,2.43,month-to-month,fiber,credit_card,basic,current
0,57.8,118.85,4,3,2,2.68,month-to-month,fiber,credit_card,basic,current
0,18.2,76.2,3,1,0,3.6,month-to-month,none,electronic_check,basic,never
0,1.5,32.68,1,1,1,1.29,month-to-month,none,electronic_check,premium,past
0,30.6,119.45,2,1,0,0.95,month-to-month,dsl,credit_card,basic,past
0,5.8,82.0,1,4,1,2.45,one-year,none,electronic_check,basic,never
1,3.3,116.52,2,1,0,2.98,month-to-month,fiber,bank_transfer,plus,never
0,14.3,90.04,0,1,2,2.72,month-to-month,none,bank_transfer,premium,past
0,1.5,64.09,0,1,0,2.14,month-to-month,none,bank_transfer,basic,past
0,0.3,31.75,3,2,0,1.81,month-to-month,dsl,electronic_check,basic,current
0,20.4,69.68,3,1,0,4.32,month-to-month,fiber,electronic_check,basic,current
0,22.6,45.83,2,1,0,2.69,two-year,fiber,electronic_check,premium,never
0,13.3,49.81,1,1,0,1.09,one-year,dsl,bank_transfer,premium,current
0,41.2,95.74,1,3,0,2.44,month-to-month,fiber,electronic_check,basic,never
0,17.0,25.0,2,2,0,1.96,month-to-month,fiber,electronic_check,plus,current
1,17.8,79.86,2,2,1,6.21,month-to-month,fiber,bank_transfer,basic,never
0,22.1,58.65,4,1,1,3.33,month-to-month,fiber,electronic_check,plus,never
1,29.5,92.97,2,2,2,0.6,month-to-month,fiber,bank_transfer,plus,never
0,11.0,35.68,2,4,1,3.35,month-to-month,fiber,electronic_check,basic,past
0,64.9,56.48,2,2,0,4.04,two-year,dsl,electronic_check,plus,past
0,11.9,126.62,1,4,0,1.4,month-to-month,none,bank_transfer,basic,past
0,18.6,108.03,2,1,1,0.78,one-year,fiber,electronic_check,plus,past
0,41.4,54.08,0,2,1,1.55,month-to-month,none,credit_card,basic,never
0,1.9,113.15,3,0,0,1.86,one-year,fiber,bank_transfer,plus,never
0,8.0,28.24,1,1,0,3.52,month-to-month,fiber,electronic_check,plus,never
0,4.1,34.85,2,0,0,3.67,one-year,fiber,credit_card,plus,never
0,17.8,48.54,2,3,0,3.4,two-year,fiber,credit_card,basic,never
0,10.9,33.7,4,4,0,2.53,month-to-month,dsl,electronic_check,basic,current
0,21.9,69.43,2,4,0,3.61,month-to-month,dsl,electronic_check,plus,past
0,40.4,69.95,2,1,1,2.64,one-year,fiber,electronic_check,plus,never
0,7.6,88.55,1,1,0,2.7,one-year,dsl,electronic_check,plus,never
0,28.7,48.12,3,3,1,2.98,one-year,fiber,credit_card,basic,past
0,0.6,89.07,1,4,0,2.81,month-to-month,fiber,electronic_check,plus,never
0,18.8,27.01,4,3,0,2.65,two-year,dsl,electronic_check,basic,past
0,9.7,45.63,1,2,1,1.05,two-year,dsl,electronic_check,basic,never
1,4.5,86.76,3,0,1,2.62,month-to-month,fiber,electronic_check,plus,never
0,6.7,53.77,2,0,2,1.68,month-to-month,fiber,electronic_check,plus,past
0,22.7,55.8,1,3,0,1.74,month-to-month,dsl,credit_card,premium,current
0,18.7,64.07,1,1,0,2.09,two-year,dsl,electronic_check,basic,past
1,24.8,100.74,1,2,0,2.58,one-year,fiber,electronic_check,basic,past
0,23.3,83.6,3,3,2,5.24,one-year,fiber,electronic_check,basic,current
0,39.6,41.84,2,1,2,1.46,one-year,dsl,bank_transfer,premium,past
0,5.0,68.14,3,3,0,2.42,month-to-month,dsl,credit_card,basic,never
0,23.5,88.62,1,3,0,3.18,month-to-month,fiber,electronic_check,basic,past
0,3.8,92.8,3,1,0,3.5,month-to-month,fiber,electronic_check,basic,past
1,4.4,52.27,3,3,1,1.57,month-to-month,dsl,bank_transfer,basic,current
1,12.1,84.3,1,2,0,4.49,month-to-month,fiber,electronic_check,basic,never
0,3.1,44.61,1,5,1,1.75,two-year,dsl,electronic_check,basic,never
0,2.6,120.79,3,1,0,4.44,month-to-month,fiber,electronic_check,basic,current
0,13.2,68.5,1,2,1,3.1,month-to-month,fiber,electronic_check,basic,never
1,2.0,111.01,3,2,1,3.36,month-to-month,fiber,electronic_check,premium,past
0,31.5,56.83,2,3,0,0.59,one-year,dsl,credit_card,basic,never
0,7.2,76.28,2,3,0,3.41,one-year,fiber,electronic_check,basic,never
0,12.4,80.11,2,3,1,0.21,one-year,dsl,electronic_check,plus,never
0,5.4,79.17,0,2,0,0.92,month-to-month,none,electronic_check,plus,past
0,0.8,71.79,2,2,1,3.65,one-year,dsl,electronic_check,premium,past
1,4.5,103.86,3,1,1,1.51,month-to-month,fiber,electronic_check,plus,never
0,39.6,50.35,1,4,0,1.84,one-year,dsl,credit_card,plus,past
0,10.8,112.14,2,0,0,1.43,month-to-month,none,electronic_check,plus,past
0,10.8,50.34,3,3,0,2.08,month-to-month,fiber,bank_transfer,basic,current
0,22.2,55.76,1,3,1,1.05,month-to-month,none,credit_card,basic,never
0,19.9,63.84,3,2,0,3.0,one-year,fiber,bank_transfer,plus,current
1,19.8,60.04,4,3,1,4.37,month-to-month,fiber,electronic_check,basic,never
0,8.2,41.59,1,2,1,0.6,one-year,fiber,electronic_check,basic,never
0,4.8,58.02,2,0,0,3.13,month-to-month,dsl,credit_card,premium,past
1,37.4,80.26,1,4,0,4.72,two-year,fiber,electronic_check,basic,past
0,13.3,48.24,3,1,0,2.6,one-year,dsl,credit_card,basic,past
0,5.8,63.64,1,4,0,0.52,month-to-month,none,electronic_check,basic,current
0,3.5,68.43,2,1,0,1.5,one-year,dsl,electronic_check,basic,never
0,1.4,81.17,1,1,1,3.04,month-to-month,dsl,electronic_check,plus,current
1,31.1,121.58,2,2,0,1.33,one-year,fiber,electronic_check,plus,past
0,10.9,93.86,3,2,0,2.69,month-to-month,dsl,electronic_check,basic,never
1,23.6,88.27,1,2,0,1.07,month-to-month,fiber,electronic_check,basic,past
0,0.8,57.22,2,3,0,2.15,two-year,dsl,electronic_check,basic,past
0,13.2,43.3,2,2,0,1.71,month-to-month,dsl,electronic_check,basic,past
0,7.9,43.57,1,1,0,0.42,month-to-month,dsl,electronic_check,basic,current
0,3.0,77.18,3,1,1,3.29,month-to-month,fiber,electronic_check,basic,never
1,60.3,78.09,0,2,1,1.34,month-to-month,none,bank_transfer,basic,past
0,27.3,80.34,2,2,0,2.55,one-year,none,electronic_check,basic,current
1,4.8,110.79,2,1,2,3.02,month-to-month,fiber,bank_transfer,plus,never
0,9.1,84.12,3,3,0,1.33,two-year,dsl,electronic_check,basic,past
1,11.5,117.94,3,4,1,3.47,month-to-month,dsl,electronic_check,basic,never
0,14.2,37.58,3,3,0,2.03,month-to-month,fiber,bank_transfer,basic,never
0,35.7,48.3,2,3,0,4.0,two-year,fiber,bank_transfer,basic,never
0,3.8,78.32,3,1,1,2.61,month-to-month,fiber,credit_card,basic,never
0,10.3,72.08,1,4,0,3.62,month-to-month,none,electronic_check,basic,past
0,5.9,92.19,1,5,1,2.21,one-year,fiber,electronic_check,basic,never
0,18.3,102.35,2,3,1,1.73,month-to-month,dsl,electronic_check,basic,past
0,9.1,99.77,1,2,1,0.0,month-to-month,dsl,electronic_check,plus,past
0,4.9,98.18,0,4,0,3.92,two-year,none,electronic_check,plus,past
0,5.3,103.02,2,1,1,2.31,month-to-month,dsl,bank_transfer,plus,never
0,19.1,77.99,3,0,0,1.91,two-year,dsl,bank_transfer,premium,past
0,29.9,34.87,2,2,0,1.0,one-year,fiber,credit_card,plus,never
0,4.4,40.85,2,1,0,3.77,month-to-month,fiber,credit_card,basic,never
0,2.6,106.08,2,1,0,0.6,month-to-month,fiber,electronic_check,plus,past
1,8.9,84.87,2,0,1,1.88,month-to-month,none,electronic_check,plus,past
0,0.3,71.27,2,5,0,0.69,two-year,fiber,electronic_check,plus,past
0,38.5,80.67,3,1,0,0.58,month-to-month,dsl,credit_card,basic,never
1,12.9,95.26,3,1,2,1.65,month-to-month,dsl,electronic_check,premium,current
0,69.0,49.8,3,1,0,4.92,month-to-month,fiber,bank_transfer,plus,past
0,36.7,15.68,1,5,0,1.9,two-year,fiber,electronic_check,basic,never
0,13.4,57.42,2,0,1,0.69,month-to-month,dsl,bank_transfer,premium,past
0,36.2,78.83,2,4,0,3.81,one-year,fiber,credit_card,basic,past
0,31.2,103.45,1,0,0,0.88,month-to-month,dsl,electronic_check,plus,current
0,7.1,87.02,2,1,0,2.58,two-year,dsl,bank_transfer,plus,never
0,16.2,111.83,2,2,0,4.08,month-to-month,dsl,bank_transfer,basic,never
0,3.2,68.89,2,3,0,2.43,month-to-month,dsl,credit_card,basic,past
0,25.5,72.17,1,1,0,2.23,two-year,dsl,electronic_check,basic,past
1,60.7,95.13,1,2,0,2.35,month-to-month,fiber,credit_card,basic,current
0,8.6,100.76,3,0,1,2.61,one-year,fiber,electronic_check,plus,past
0,56.4,75.34,2,2,1,2.24,month-to-month,fiber,credit_card,basic,never
0,60.9,45.68,3,1,1,1.89,month-to-month,fiber,electronic_check,plus,current
0,6.0,82.82,2,2,0,2.71,month-to-month,dsl,electronic_check,plus,never
0,4.5,23.06,1,1,1,1.6,month-to-month,none,credit_card,basic,current
0,25.6,48.54,1,3,0,2.69,month-to-month,dsl,electronic_check,basic,past
1,7.2,128.24,2,5,1,1.75,month-to-month,dsl,credit_card,basic,past
0,72.0,66.08,2,1,2,0.0,month-to-month,dsl,bank_transfer,premium,past
0,70.5,61.44,2,3,0,3.92,two-year,fiber,electronic_check,plus,past
0,2.2,84.33,2,1,0,1.53,month-to-month,dsl,credit_card,basic,never
0,4.3,66.28,2,2,1,2.76,month-to-month,none,credit_card,basic,current
0,2.1,27.61,2,3,0,1.44,month-to-month,fiber,electronic_check,basic,never
1,4.5,103.73,2,1,1,3.72,month-to-month,fiber,electronic_check,plus,past
0,6.5,57.76,1,3,0,2.56,one-year,none,credit_card,basic,never
0,22.2,56.7,2,2,1,0.0,two-year,dsl,electronic_check,plus,never
0,63.3,33.8,1,4,0,1.09,month-to-month,dsl,electronic_check,basic,never
0,4.6,44.05,1,2,2,1.97,month-to-month,none,electronic_check,basic,never
1,0.1,81.17,0,3,1,2.03,two-year,none,bank_transfer,basic,never
1,24.7,53.99,3,2,0,2.06,month-to-month,fiber,electronic_check,basic,current
0,4.4,38.16,3,1,0,3.22,month-to-month,fiber,credit_card,plus,never
0,22.9,59.46,1,0,1,1.01,month-to-month,dsl,electronic_check,premium,past
0,34.4,67.34,4,2,0,4.38,two-year,fiber,bank_transfer,plus,past
0,33.9,61.69,4,0,0,1.53,one-year,dsl,electronic_check,plus,current
1,13.4,94.37,1,2,0,0.76,month-to-month,dsl,electronic_check,basic,current
1,16.6,96.97,1,1,0,3.53,month-to-month,fiber,electronic_check,plus,past
0,20.5,27.49,0,1,0,2.24,one-year,none,credit_card,premium,current
0,8.1,71.39,3,4,0,0.0,two-year,dsl,credit_card,basic,past
0,37.6,49.52,2,0,0,0.6,two-year,fiber,electronic_check,plus,never
0,18.7,88.07,2,1,2,0.7,one-year,dsl,credit_card,plus,never
1,4.1,88.14,3,1,1,3.87,month-to-month,fiber,electronic_check,basic,current
1,10.1,78.58,3,1,0,2.19,month-to-month,dsl,electronic_check,basic,past
1,4.2,72.87,1,2,1,1.35,month-to-month,none,credit_card,basic,past
1,11.6,65.48,3,2,1,3.14,month-to-month,fiber,electronic_check,basic,never
0,1.8,32.42,3,0,1,3.29,one-year,fiber,bank_transfer,plus,past
0,11.2,42.87,2,2,0,1.94,month-to-month,none,electronic_check,basic,current
0,2.7,105.03,3,2,1,0.6,one-year,fiber,credit_card,premium,current
1,6.2,67.98,2,3,0,2.91,month-to-month,fiber,bank_transfer,basic,past
0,11.6,85.71,2,2,2,3.23,one-year,fiber,bank_transfer,basic,current
0,13.3,119.62,3,2,2,2.63,month-to-month,fiber,electronic_check,plus,past
0,5.6,73.0,2,3,0,2.69,month-to-month,fiber,electronic_check,basic,never
1,72.0,109.43,3,5,0,2.58,month-to-month,fiber,electronic_check,basic,current
0,37.8,82.56,2,1,0,3.17,month-to-month,fiber,credit_card,plus,current
0,28.9,75.66,1,2,2,3.85,two-year,fiber,bank_transfer,basic,current
0,5.5,123.46,2,2,2,1.16,month-to-month,dsl,credit_card,plus,never
0,4.0,57.49,2,2,1,1.27,two-year,dsl,electronic_check,basic,current
0,47.8,82.65,2,0,2,2.83,month-to-month,dsl,electronic_check,plus,past
0,14.1,40.16,4,3,0,2.59,month-to-month,fiber,bank_transfer,plus,past
0,41.6,47.8,1,2,0,1.85,one-year,fiber,bank_transfer,plus,never
0,1.8,71.65,2,2,1,2.5,month-to-month,dsl,electronic_check,basic,past
0,63.6,40.66,1,3,0,2.72,one-year,fiber,electronic_check,basic,current
0,12.8,84.88,2,1,1,2.35,month-to-month,fiber,bank_transfer,plus,never
0,15.9,90.99,2,3,2,0.0,one-year,dsl,electronic_check,plus,never
1,1.2,90.97,2,2,2,2.5,month-to-month,dsl,bank_transfer,basic,never
0,33.3,84.93,0,2,1,3.89,month-to-month,none,electronic_check,basic,never
0,28.7,33.69,3,2,2,2.49,two-year,fiber,electronic_check,plus,never
0,72.0,61.59,4,2,0,1.81,month-to-month,fiber,electronic_check,basic,current
1,8.4,88.82,2,2,1,3.78,one-year,fiber,bank_transfer,basic,never
1,0.5,58.62,2,2,0,3.52,one-year,fiber,electronic_check,basic,past
0,3.5,63.46,3,1,0,4.81,month-to-month,fiber,credit_card,basic,past
0,28.3,88.44,1,2,2,3.0,one-year,dsl,electronic_check,plus,past
1,26.6,84.49,2,1,3,3.12,two-year,fiber,electronic_check,basic,past
1,21.4,72.65,3,1,1,0.92,month-to-month,fiber,electronic_check,basic,past
0,9.5,47.27,3,1,2,2.21,month-to-month,fiber,electronic_check,plus,past
0,12.6,106.33,3,2,2,2.81,month-to-month,dsl,electronic_check,basic,past
1,1.5,59.69,3,1,0,2.46,one-year,fiber,credit_card,plus,past
1,18.7,116.5,2,2,1,0.17,month-to-month,dsl,bank_transfer,basic,past
0,39.2,63.7,3,2,0,2.41,month-to-month,dsl,electronic_check,basic,never
0,5.5,53.21,1,1,0,3.86,one-year,dsl,bank_transfer,plus,past
1,2.1,63.82,3,3,0,1.33,one-year,fiber,electronic_check,basic,never
1,14.8,111.22,1,3,1,4.05,month-to-month,fiber,credit_card,basic,never
0,22.4,79.93,2,1,0,2.76,one-year,none,credit_card,basic,never
0,18.8,99.46,2,2,2,5.23,month-to-month,fiber,electronic_check,premium,current
0,0.3,106.96,2,3,0,0.76,one-year,dsl,credit_card,basic,never
0,17.5,44.86,3,3,1,1.78,month-to-month,fiber,credit_card,basic,current
0,17.0,75.26,2,0,2,0.68,month-to-month,fiber,credit_card,plus,current
0,44.8,99.19,1,1,0,2.3,one-year,dsl,bank_transfer,basic,never
0,5.5,54.67,2,1,0,2.97,one-year,dsl,bank_transfer,basic,never
0,2.0,63.39,2,1,2,2.2,one-year,dsl,bank_transfer,basic,past
0,0.9,50.0,2,5,1,2.26,two-year,fiber,electronic_check,basic,never
0,11.6,33.85,1,2,0,1.42,month-to-month,dsl,credit_card,basic,never
0,2.1,98.05,2,1,1,3.0,month-to-month,dsl,bank_transfer,basic,never
0,26.3,10.0,2,1,1,3.19,month-to-month,fiber,bank_transfer,plus,past
1,7.5,48.78,2,2,2,3.11,month-to-month,fiber,electronic_check,basic,never
0,28.1,91.09,1,3,0,1.74,month-to-month,fiber,credit_card,basic,current
0,19.3,51.56,3,4,2,1.99,month-to-month,fiber,bank_transfer,plus,never
1,8.6,104.57,1,3,0,3.6,month-to-month,fiber,bank_transfer,basic,never
0,1.4,84.63,2,1,2,3.31,month-to-month,fiber,bank_transfer,basic,past
0,52.6,50.96,2,1,1,3.67,month-to-month,fiber,bank_transfer,basic,past
0,15.7,73.63,2,3,1,2.64,month-to-month,fiber,bank_transfer,plus,past
0,6.9,42.9,2,3,0,2.12,month-to-month,fiber,bank_transfer,basic,past
0,16.0,45.32,1,2,1,2.93,month-to-month,none,electronic_check,plus,never
0,33.1,79.33,1,1,0,2.32,two-year,none,electronic_check,basic,past
1,14.5,99.82,1,2,1,1.72,month-to-month,dsl,electronic_check,basic,past
0,50.3,25.71,2,3,0,2.25,one-year,fiber,electronic_check,basic,past
0,13.0,79.77,3,2,2,1.79,one-year,fiber,bank_transfer,basic,never
0,53.0,10.0,2,2,1,2.8,month-to-month,fiber,bank_transfer,basic,past
1,2.2,69.88,1,1,2,0.64,month-to-month,none,electronic_check,basic,current
0,14.5,69.1,2,3,1,2.32,two-year,dsl,electronic_check,basic,past
0,24.4,63.04,2,3,0,1.17,month-to-month,dsl,electronic_check,basic,past
0,44.3,74.14,1,2,0,2.42,one-year,fiber,credit_card,plus,never
1,13.3,59.68,2,2,0,2.78,one-year,none,electronic_check,basic,never
1,12.6,91.91,2,3,2,3.52,month-to-month,none,electronic_check,basic,past
0,4.5,35.77,2,3,1,0.62,two-year,dsl,credit_card,premium,never
0,25.2,77.79,2,4,0,1.76,one-year,dsl,bank_transfer,basic,never
0,13.8,61.23,1,4,1,3.53,month-to-month,none,electronic_check,basic,past
0,5.7,83.35,2,1,1,0.6,one-year,fiber,credit_card,basic,never
1,23.8,93.13,2,1,0,3.11,month-to-month,fiber,bank_transfer,basic,current
0,14.1,82.92,2,1,0,0.21,one-year,dsl,bank_transfer,plus,never
0,33.4,68.29,1,0,0,1.56,month-to-month,none,electronic_check,plus,never
0,30.1,72.47,2,2,1,5.25,two-year,fiber,credit_card,basic,current
0,3.3,50.03,2,1,0,3.19,month-to-month,fiber,electronic_check,basic,past
0,33.9,60.81,0,4,0,1.51,month-to-month,none,electronic_check,basic,never
0,7.3,42.31,2,2,0,1.37,month-to-month,fiber,electronic_check,premium,past
1,1.0,65.71,4,2,0,1.07,two-year,fiber,credit_card,basic,current
0,7.0,63.43,1,0,0,5.21,one-year,fiber,electronic_check,plus,past
0,1.7,69.61,1,0,0,2.46,month-to-month,fiber,electronic_check,plus,never
1,1.3,77.6,3,2,0,1.46,month-to-month,fiber,credit_card,premium,past
0,18.7,97.15,2,2,1,1.42,month-to-month,dsl,bank_transfer,basic,current
0,41.4,54.56,2,1,0,0.62,two-year,dsl,electronic_check,basic,current
0,19.2,103.54,3,2,0,2.52,month-to-month,fiber,credit_card,basic,current
0,0.3,82.57,4,1,0,0.0,two-year,dsl,credit_card,plus,past
0,7.0,27.63,2,3,1,2.11,two-year,fiber,credit_card,basic,never
0,10.4,62.23,1,2,1,2.51,month-to-month,fiber,bank_transfer,plus,never
0,24.0,45.94,2,5,0,2.81,month-to-month,fiber,bank_transfer,basic,never
0,12.1,91.87,3,2,0,1.02,month-to-month,dsl,credit_card,basic,never
0,21.3,50.91,3,1,1,0.78,one-year,dsl,electronic_check,basic,past
0,7.5,65.17,2,3,0,2.24,two-year,dsl,bank_transfer,basic,past
0,8.3,100.69,2,2,0,0.4,two-year,dsl,electronic_check,plus,never
0,7.7,47.0,0,2,0,2.26,month-to-month,none,electronic_check,basic,never
0,41.5,32.88,2,2,0,2.86,month-to-month,dsl,credit_card,basic,current
0,5.5,71.12,1,1,0,2.16,month-to-month,dsl,credit_card,premium,never
0,54.8,94.87,2,4,0,3.07,month-to-month,fiber,bank_transfer,basic,past
0,9.2,49.52,1,2,1,2.15,one-year,none,electronic_check,premium,current
0,19.3,96.11,3,3,1,1.93,month-to-month,dsl,credit_card,basic,current
0,2.2,25.65,1,3,1,1.57,one-year,fiber,electronic_check,plus,never
0,6.4,62.89,2,5,0,2.73,two-year,dsl,credit_card,basic,past
0,1.0,132.62,0,5,0,2.98,two-year,none,electronic_check,basic,never
0,1.8,63.38,2,0,2,3.77,two-year,fiber,electronic_check,plus,never
0,37.9,70.3,3,2,1,3.48,two-year,dsl,electronic_check,basic,past
0,1.5,64.89,1,1,1,0.68,two-year,dsl,electronic_check,basic,current
1,0.1,105.19,2,0,0,2.13,month-to-month,dsl,electronic_check,plus,never
0,9.9,37.41,2,3,0,2.44,two-year,dsl,electronic_check,premium,past
0,16.7,41.75,2,3,1,4.13,month-to-month,fiber,electronic_check,basic,past
0,72.0,68.87,2,2,0,1.28,month-to-month,fiber,electronic_check,basic,never
0,4.7,85.53,2,1,1,2.76,month-to-month,fiber,bank_transfer,premium,never
1,6.7,31.1,1,1,2,3.86,two-year,none,electronic_check,basic,current
0,23.9,51.47,1,5,1,1.36,month-to-month,fiber,electronic_check,premium,current
0,19.8,66.91,2,5,0,2.25,month-to-month,dsl,bank_transfer,basic,past
0,10.1,66.45,2,1,0,2.83,month-to-month,fiber,credit_card,plus,never
0,36.1,62.02,1,5,1,4.01,two-year,fiber,electronic_check,basic,never
0,11.1,78.3,1,2,0,0.89,one-year,dsl,bank_transfer,basic,past
0,5.9,16.36,3,1,0,1.67,month-to-month,fiber,credit_card,plus,never
1,72.0,79.32,1,5,1,2.35,month-to-month,fiber,electronic_check,basic,past
0,6.8,50.56,2,3,1,0.67,month-to-month,dsl,electronic_check,basic,never
1,27.7,78.69,2,3,0,2.61,month-to-month,dsl,credit_card,basic,past
1,7.1,29.99,1,3,0,3.53,month-to-month,none,electronic_check,basic,past
1,43.3,89.47,4,1,0,4.73,month-to-month,fiber,electronic_check,plus,past
0,25.2,34.86,2,4,0,4.25,month-to-month,fiber,credit_card,basic,current
0,7.5,51.01,3,1,1,2.72,two-year,dsl,credit_card,plus,never
0,17.0,79.11,3,2,1,1.31,one-year,fiber,electronic_check,premium,current
0,29.3,76.79,2,4,0,1.15,month-to-month,fiber,credit_card,basic,past
0,36.8,20.41,2,3,0,0.6,month-to-month,fiber,bank_transfer,basic,past
0,25.5,31.45,2,2,0,2.62,month-to-month,none,credit_card,basic,never
0,1.9,69.22,2,3,0,0.19,one-year,dsl,electronic_check,basic,past
0,20.9,67.54,1,4,1,1.65,month-to-month,fiber,electronic_check,basic,never
0,1.9,104.0,3,5,2,2.7,month-to-month,dsl,credit_card,basic,current
0,2.2,84.91,3,2,0,1.91,month-to-month,dsl,bank_transfer,plus,past
0,7.6,95.56,1,1,1,1.23,month-to-month,none,credit_card,basic,current
0,11.5,18.6,3,3,1,1.18,two-year,fiber,electronic_check,basic,never
1,4.7,41.74,2,1,2,2.22,one-year,fiber,electronic_check,basic,never
1,2.1,97.29,1,4,0,1.75,month-to-month,dsl,electronic_check,basic,current
0,2.8,67.73,2,3,1,3.08,one-year,dsl,credit_card,basic,never
0,4.6,65.71,2,2,0,2.66,month-to-month,fiber,bank_transfer,basic,never
1,19.1,69.12,4,0,0,3.71,month-to-month,fiber,credit_card,plus,past
1,2.0,105.67,2,2,0,1.35,month-to-month,dsl,electronic_check,basic,past
1,0.9,89.14,1,3,1,1.77,month-to-month,dsl,credit_card,premium,never
0,21.7,57.89,3,1,0,1.53,two-year,fiber,electronic_check,basic,past
0,1.4,75.5,1,5,1,2.71,one-year,none,electronic_check,basic,current
0,3.7,115.93,1,1,2,2.0,one-year,none,bank_transfer,plus,never
0,20.2,88.58,1,5,0,1.91,month-to-month,fiber,electronic_check,basic,past
0,18.3,70.22,2,2,1,2.95,month-to-month,dsl,bank_transfer,plus,current
0,2.1,42.71,1,3,1,3.19,month-to-month,none,electronic_check,basic,current
1,0.9,99.78,2,2,0,1.45,month-to-month,fiber,electronic_check,basic,past
0,17.6,70.4,3,3,1,4.24,month-to-month,fiber,credit_card,plus,never
1,0.2,62.78,2,1,0,1.42,month-to-month,fiber,credit_card,basic,never
0,17.2,73.68,3,5,0,2.57,month-to-month,fiber,electronic_check,basic,never
0,3.4,61.94,0,2,1,3.24,one-year,none,credit_card,basic,never
0,0.2,75.27,2,4,1,1.95,one-year,dsl,electronic_check,basic,past
0,3.9,107.37,3,2,1,2.79,one-year,dsl,credit_card,basic,current
0,5.0,13.16,3,1,1,2.55,month-to-month,dsl,credit_card,basic,current
0,16.2,55.19,2,3,0,2.58,month-to-month,fiber,electronic_check,plus,never
0,37.7,55.35,3,4,0,0.42,month-to-month,dsl,bank_transfer,plus,never
0,15.5,33.54,2,0,1,2.14,month-to-month,fiber,credit_card,plus,past
0,22.2,35.42,2,3,0,2.72,month-to-month,fiber,bank_transfer,basic,never
0,4.8,59.96,2,3,0,3.85,two-year,dsl,electronic_check,basic,past
0,36.3,41.37,1,1,0,2.86,two-year,dsl,credit_card,basic,never
0,4.8,63.17,1,2,0,4.77,month-to-month,fiber,electronic_check,basic,past
0,2.0,70.41,3,3,2,3.09,month-to-month,dsl,bank_transfer,basic,never
0,5.1,56.88,1,1,1,1.03,two-year,dsl,credit_card,plus,current
0,24.5,64.73,3,1,0,1.28,month-to-month,dsl,credit_card,basic,past
0,26.5,91.09,3,1,1,1.45,month-to-month,fiber,electronic_check,basic,never
0,2.6,61.76,1,0,1,1.85,month-to-month,fiber,bank_transfer,plus,never
0,12.9,33.98,3,4,0,3.25,month-to-month,dsl,bank_transfer,basic,past
0,8.0,54.22,2,1,0,2.21,month-to-month,dsl,credit_card,plus,current
0,1.8,78.67,3,3,0,2.15,one-year,dsl,bank_transfer,basic,current
0,3.0,97.46,2,2,0,4.52,month-to-month,fiber,electronic_check,basic,past
0,52.8,41.94,2,2,0,0.95,one-year,fiber,electronic_check,basic,past
0,26.0,60.22,2,1,0,0.42,month-to-month,none,electronic_check,plus,current
0,8.7,80.92,2,2,0,3.86,month-to-month,fiber,credit_card,premium,never
0,5.3,63.14,2,3,0,1.93,two-year,fiber,bank_transfer,basic,current
1,9.7,66.95,3,1,0,1.57,month-to-month,fiber,electronic_check,plus,past
1,61.5,107.31,2,1,2,3.28,month-to-month,fiber,credit_card,plus,never
0,3.7,74.63,1,2,1,3.0,one-year,dsl,bank_transfer,premium,past
0,5.2,86.38,2,1,0,2.78,month-to-month,dsl,electronic_check,plus,past
0,29.8,55.64,2,1,0,0.6,two-year,fiber,bank_transfer,basic,past
0,7.6,59.14,2,2,0,2.49,month-to-month,dsl,bank_transfer,basic,past
0,17.9,55.67,2,1,1,2.09,month-to-month,fiber,electronic_check,plus,never
1,6.7,99.26,3,0,1,4.21,two-year,fiber,electronic_check,premium,never
1,5.1,94.92,3,3,3,3.28,month-to-month,fiber,bank_transfer,basic,past
0,5.3,76.92,2,3,2,3.9,two-year,dsl,credit_card,premium,never
1,72.0,110.72,1,3,1,1.05,month-to-month,fiber,bank_transfer,basic,never
0,7.7,62.46,3,1,1,4.87,month-to-month,fiber,credit_card,basic,never
1,24.1,123.49,1,4,0,0.83,month-to-month,none,bank_transfer,basic,never
0,10.6,39.56,1,0,0,1.28,month-to-month,none,electronic_check,premium,past
0,18.3,25.57,3,1,1,2.75,month-to-month,fiber,electronic_check,plus,current
0,19.1,67.16,2,3,0,0.86,month-to-month,dsl,bank_transfer,basic,never
0,11.9,81.77,1,3,2,3.82,month-to-month,fiber,electronic_check,basic,current
0,4.8,110.77,4,2,0,0.0,two-year,dsl,credit_card,basic,current
0,1.5,85.14,2,1,0,2.1,two-year,fiber,bank_transfer,basic,current
0,0.8,55.18,0,4,0,1.83,month-to-month,none,electronic_check,basic,past
0,1.9,102.74,2,4,1,1.11,two-year,dsl,credit_card,basic,never
0,21.3,49.79,4,3,1,2.74,two-year,fiber,electronic_check,basic,past
0,11.5,57.5,3,1,1,2.0,month-to-month,fiber,electronic_check,plus,past
1,8.7,34.04,1,2,1,2.83,month-to-month,none,electronic_check,basic,past
0,16.9,32.62,2,2,1,3.56,month-to-month,dsl,electronic_check,basic,past
1,8.3,60.2,2,4,1,2.42,month-to-month,fiber,electronic_check,basic,past
0,16.5,51.57,3,3,0,0.74,month-to-month,dsl,electronic_check,premium,past
0,6.3,85.32,2,4,2,1.09,two-year,none,electronic_check,basic,never
0,11.9,96.59,2,2,1,2.91,two-year,dsl,electronic_check,basic,never
0,10.6,76.8,2,0,0,3.3,month-to-month,dsl,bank_transfer,plus,past
0,7.4,47.52,2,3,0,2.49,month-to-month,dsl,bank_transfer,plus,past
0,0.2,75.48,2,0,1,1.11,one-year,dsl,credit_card,premium,past
0,8.6,93.89,2,1,0,3.56,two-year,dsl,electronic_check,plus,past
1,27.3,67.22,2,5,1,3.34,month-to-month,fiber,bank_transfer,basic,past
0,10.6,38.49,2,3,0,1.66,month-to-month,none,bank_transfer,basic,never
0,43.3,59.0,1,3,1,0.77,month-to-month,dsl,credit_card,basic,past
0,20.9,45.16,3,1,1,2.93,month-to-month,dsl,bank_transfer,basic,past
0,1.1,63.9,2,1,1,1.77,month-to-month,fiber,electronic_check,basic,never
1,20.3,69.9,2,1,0,4.26,month-to-month,fiber,bank_transfer,plus,current
0,14.8,25.43,2,3,0,5.51,month-to-month,fiber,bank_transfer,basic,past
0,13.8,71.68,3,2,0,0.74,month-to-month,fiber,electronic_check,basic,never
0,0.7,102.67,1,2,0,1.04,one-year,fiber,bank_transfer,basic,never
0,3.3,43.55,1,3,0,0.7,month-to-month,none,bank_transfer,basic,past
0,6.1,88.83,0,3,0,1.75,two-year,none,credit_card,plus,past
0,9.7,69.91,2,0,1,2.87,one-year,fiber,electronic_check,plus,never
0,11.2,57.38,4,4,0,0.45,one-year,dsl,electronic_check,basic,never
0,15.2,86.53,2,2,0,1.97,two-year,fiber,electronic_check,plus,past
0,30.3,63.77,2,0,0,2.67,month-to-month,fiber,credit_card,plus,current
1,2.6,77.05,3,4,1,1.14,month-to-month,fiber,electronic_check,basic,past
0,4.5,87.37,3,2,0,1.84,two-year,none,credit_card,basic,never
0,34.7,49.34,0,1,0,1.89,two-year,none,electronic_check,plus,past
1,26.8,93.51,2,2,1,3.12,month-to-month,dsl,bank_transfer,basic,current
0,25.9,58.08,2,0,1,1.78,one-year,fiber,electronic_check,plus,current
0,26.0,72.33,2,1,1,2.68,month-to-month,dsl,bank_transfer,plus,current
0,3.8,48.68,2,2,0,1.75,month-to-month,fiber,electronic_check,premium,past
0,2.8,86.21,2,0,0,1.07,month-to-month,dsl,electronic_check,premium,past
0,15.1,68.54,1,2,2,2.39,month-to-month,none,bank_transfer,basic,never
0,32.8,18.85,2,2,1,5.14,month-to-month,fiber,electronic_check,plus,current
0,20.2,56.49,2,5,0,3.23,two-year,dsl,electronic_check,basic,past
0,6.6,90.49,2,0,0,3.39,month-to-month,fiber,credit_card,plus,past
0,2.3,40.69,3,3,0,1.44,month-to-month,fiber,electronic_check,basic,never
0,5.6,108.3,1,2,1,1.87,month-to-month,none,bank_transfer,premium,past
0,11.0,60.85,2,0,1,2.02,month-to-month,fiber,bank_transfer,plus,never
1,39.2,71.52,3,1,0,1.62,month-to-month,fiber,electronic_check,basic,past
1,69.0,59.62,2,3,0,2.94,month-to-month,fiber,electronic_check,basic,past
1,23.0,60.7,3,2,0,0.81,month-to-month,fiber,bank_transfer,basic,current
1,6.3,68.51,3,3,0,3.5,month-to-month,dsl,electronic_check,basic,never
0,7.3,70.45,3,3,0,2.23,month-to-month,dsl,electronic_check,basic,past
0,21.0,68.32,3,1,0,3.28,month-to-month,fiber,credit_card,plus,never
0,12.8,59.33,3,2,0,3.04,one-year,dsl,bank_transfer,basic,past
1,17.1,72.83,1,1,1,1.31,month-to-month,none,electronic_check,basic,current
0,6.0,75.43,3,3,0,0.0,month-to-month,dsl,bank_transfer,basic,never
0,11.5,85.09,0,1,0,0.69,month-to-month,none,bank_transfer,plus,never
0,7.0,92.64,2,2,0,2.07,month-to-month,dsl,electronic_check,plus,never
0,1.1,67.48,2,1,0,2.77,month-to-month,fiber,electronic_check,plus,past
0,2.2,35.6,1,1,0,0.4,month-to-month,dsl,credit_card,basic,current
0,10.6,50.08,2,5,1,1.51,one-year,dsl,credit_card,basic,past
1,18.2,74.61,2,2,0,3.3,month-to-month,dsl,credit_card,basic,never
0,28.0,88.43,2,3,0,2.63,two-year,dsl,credit_card,plus,current
0,23.8,51.78,3,0,1,1.48,month-to-month,fiber,electronic_check,plus,current
0,2.6,71.78,1,2,1,3.14,month-to-month,none,credit_card,basic,never
0,2.3,75.07,3,3,0,0.0,one-year,dsl,electronic_check,basic,never
0,0.4,115.12,1,2,1,0.11,one-year,dsl,credit_card,plus,never
0,3.1,87.25,4,2,0,2.17,two-year,fiber,electronic_check,basic,current
0,18.3,96.9,2,3,1,2.51,month-to-month,fiber,electronic_check,basic,past
0,16.9,77.32,1,2,1,0.94,one-year,dsl,electronic_check,basic,never
0,19.2,79.67,2,3,1,3.09,two-year,fiber,electronic_check,plus,current
1,17.4,121.33,2,2,1,3.47,month-to-month,fiber,electronic_check,premium,never
1,10.9,62.98,3,2,1,1.34,month-to-month,fiber,electronic_check,basic,past
0,6.4,93.48,1,1,1,3.09,month-to-month,fiber,bank_transfer,basic,past
0,25.1,58.27,2,2,1,1.46,month-to-month,dsl,electronic_check,basic,past
0,7.6,23.24,1,3,0,1.36,two-year,fiber,electronic_check,plus,never
0,4.6,43.2,0,2,1,1.86,one-year,none,electronic_check,plus,past
0,72.0,29.65,1,3,0,0.34,two-year,dsl,bank_transfer,basic,never
0,2.2,52.48,2,1,1,1.01,month-to-month,fiber,electronic_check,basic,never
0,10.7,81.89,2,2,0,3.21,month-to-month,dsl,electronic_check,basic,never
0,4.0,55.62,3,3,1,3.78,month-to-month,fiber,bank_transfer,basic,past
0,3.2,84.05,3,2,1,1.7,month-to-month,fiber,electronic_check,plus,past
1,70.1,83.77,3,5,0,2.11,one-year,fiber,electronic_check,premium,never
0,1.8,118.27,2,2,0,1.08,two-year,fiber,bank_transfer,basic,current
0,1.0,43.16,2,1,1,1.71,month-to-month,fiber,electronic_check,premium,current
0,3.9,58.66,2,2,3,0.81,month-to-month,none,electronic_check,basic,never
0,7.7,53.84,0,4,1,0.63,month-to-month,none,electronic_check,basic,never
0,55.8,25.92,3,2,0,1.97,month-to-month,fiber,credit_card,plus,current
1,13.5,101.5,1,2,0,2.12,one-year,fiber,electronic_check,basic,never
0,0.6,43.75,1,2,0,1.09,month-to-month,fiber,electronic_check,premium,never
0,72.0,49.62,1,3,0,1.49,month-to-month,fiber,bank_transfer,basic,never
0,5.1,74.37,1,3,0,0.74,month-to-month,none,electronic_check,basic,past
0,13.3,97.43,2,2,0,4.56,one-year,fiber,bank_transfer,plus,past
1,11.0,66.29,3,1,2,3.55,month-to-month,fiber,electronic_check,basic,past
0,3.8,106.11,1,3,1,2.34,month-to-month,none,bank_transfer,premium,current
0,8.4,98.15,2,3,0,0.0,month-to-month,dsl,bank_transfer,basic,never
1,2.0,47.01,2,4,1,3.06,month-to-month,fiber,bank_transfer,basic,past
0,8.3,71.08,2,2,0,1.54,month-to-month,dsl,electronic_check,plus,never
0,14.8,68.48,3,4,0,0.6,one-year,fiber,credit_card,basic,current
0,10.8,83.71,4,1,2,1.71,one-year,fiber,credit_card,plus,current
1,24.0,70.63,3,2,0,2.74,month-to-month,dsl,electronic_check,plus,past
0,46.2,39.99,1,2,1,3.43,month-to-month,dsl,electronic_check,basic,never
0,5.0,80.66,1,3,1,3.93,one-year,fiber,electronic_check,basic,past
0,7.9,94.91,2,2,0,2.64,two-year,fiber,electronic_check,plus,past
0,58.9,71.38,3,2,0,2.23,month-to-month,fiber,credit_card,basic,past
1,47.0,38.42,2,4,0,1.96,one-year,fiber,electronic_check,basic,past
0,27.3,74.35,3,3,0,2.77,month-to-month,fiber,bank_transfer,basic,never
1,8.0,82.6,1,3,0,2.23,one-year,dsl,electronic_check,basic,never
0,9.8,66.36,3,3,0,0.0,month-to-month,dsl,electronic_check,basic,never
0,68.2,59.2,2,2,1,3.59,two-year,fiber,credit_card,basic,past
0,26.3,90.85,1,0,2,0.0,one-year,none,electronic_check,plus,never
0,0.1,66.48,3,1,0,3.7,month-to-month,fiber,bank_transfer,premium,past
0,11.9,83.22,1,3,1,0.92,one-year,dsl,credit_card,basic,never
0,7.6,74.64,1,0,0,3.66,month-to-month,fiber,bank_transfer,plus,never
0,3.9,34.72,1,3,2,5.63,one-year,dsl,electronic_check,basic,past
0,13.1,31.82,2,4,1,3.39,month-to-month,fiber,electronic_check,premium,past
0,15.9,26.53,3,3,0,2.87,month-to-month,fiber,electronic_check,premium,current
0,9.3,67.86,2,1,1,1.58,one-year,fiber,electronic_check,plus,never
0,6.7,33.51,0,2,1,1.38,month-to-month,none,credit_card,basic,never
0,6.5,68.28,3,2,2,2.58,one-year,fiber,electronic_check,basic,past
0,72.0,86.69,1,1,2,0.38,one-year,dsl,credit_card,basic,never
0,4.8,65.82,1,3,1,1.58,one-year,dsl,electronic_check,plus,past
0,2.8,37.42,2,1,1,3.41,two-year,fiber,bank_transfer,premium,past
0,35.1,56.75,1,0,0,3.21,month-to-month,dsl,electronic_check,premium,past
0,60.0,63.57,2,1,0,4.94,month-to-month,fiber,electronic_check,plus,past
0,72.0,59.65,2,4,1,3.95,month-to-month,dsl,credit_card,basic,past
0,30.4,75.09,3,0,1,3.71,month-to-month,fiber,bank_transfer,plus,never
0,15.5,58.81,1,1,0,1.15,month-to-month,none,bank_transfer,basic,never
1,7.5,110.58,3,3,1,2.14,one-year,fiber,electronic_check,basic,past
0,29.4,96.46,2,0,2,3.97,month-to-month,fiber,credit_card,plus,never
1,27.7,82.82,2,4,0,2.36,month-to-month,fiber,bank_transfer,basic,current
0,16.1,111.92,1,1,1,2.55,two-year,dsl,credit_card,plus,current
0,8.6,28.14,1,1,1,2.18,one-year,fiber,electronic_check,plus,never
0,9.4,67.07,1,4,0,0.94,month-to-month,none,electronic_check,basic,current
0,8.9,48.63,2,2,2,0.0,month-to-month,dsl,electronic_check,basic,past
0,7.2,58.6,2,1,0,2.6,one-year,fiber,credit_card,plus,never
0,30.8,35.46,2,0,0,1.65,month-to-month,dsl,credit_card,plus,past
0,19.3,89.73,1,3,0,1.67,month-to-month,none,credit_card,basic,past
0,69.3,60.21,4,0,0,0.85,month-to-month,dsl,electronic_check,plus,past
0,5.8,60.39,2,4,0,1.91,two-year,fiber,bank_transfer,plus,never
1,27.5,111.84,1,3,0,3.5,month-to-month,dsl,credit_card,basic,past
0,3.5,87.24,2,0,0,0.6,two-year,fiber,credit_card,plus,past
0,1.6,66.35,2,1,0,1.35,month-to-month,none,electronic_check,basic,never
0,13.6,63.52,1,3,1,1.65,month-to-month,none,electronic_check,basic,current
0,8.2,67.09,1,1,0,0.6,one-year,fiber,electronic_check,plus,never
1,12.7,108.17,2,1,1,2.42,month-to-month,fiber,electronic_check,basic,past
0,26.3,50.23,2,4,0,1.06,month-to-month,dsl,credit_card,basic,past
0,4.0,50.71,3,4,0,1.12,month-to-month,dsl,bank_transfer,basic,never
0,4.5,36.82,3,3,1,0.75,month-to-month,fiber,credit_card,basic,never
0,16.9,64.36,4,1,1,4.12,two-year,fiber,credit_card,plus,never
0,37.6,78.31,1,4,0,1.98,one-year,fiber,electronic_check,basic,current
0,59.8,57.96,2,3,1,2.14,month-to-month,dsl,credit_card,basic,current
0,47.7,57.39,2,1,1,3.64,month-to-month,dsl,electronic_check,plus,current
0,13.1,53.84,1,1,0,3.38,month-to-month,fiber,electronic_check,basic,current
0,10.8,65.69,1,2,0,2.89,month-to-month,dsl,electronic_check,basic,past
0,12.6,76.69,1,1,1,1.53,month-to-month,none,bank_transfer,basic,current
0,15.7,40.26,2,2,2,1.72,month-to-month,dsl,electronic_check,premium,past
0,5.3,68.07,3,3,2,3.49,one-year,fiber,credit_card,basic,never
0,6.0,126.96,2,2,1,3.41,two-year,fiber,bank_transfer,basic,past
1,18.9,103.5,2,3,0,1.06,month-to-month,fiber,electronic_check,basic,never
1,28.0,66.99,3,2,0,1.04,month-to-month,fiber,electronic_check,premium,past
0,6.7,57.55,1,2,0,2.29,month-to-month,none,credit_card,basic,past
0,11.3,78.73,1,2,2,2.28,month-to-month,dsl,credit_card,basic,never
0,42.3,55.7,2,3,2,3.12,month-to-month,fiber,electronic_check,basic,current
0,23.5,67.55,3,2,0,3.73,month-to-month,fiber,credit_card,premium,never
0,42.7,55.62,2,0,1,1.83,one-year,none,credit_card,plus,current
1,2.0,104.76,1,3,0,3.28,month-to-month,none,bank_transfer,basic,current
0,24.1,98.98,3,2,0,2.72,month-to-month,fiber,credit_card,basic,never
1,18.2,75.98,3,0,0,3.54,month-to-month,fiber,electronic_check,plus,never
0,3.3,74.11,1,1,0,2.67,month-to-month,fiber,electronic_check,premium,never
0,26.4,96.61,2,3,0,0.08,one-year,dsl,electronic_check,basic,past
0,36.3,51.85,3,2,2,3.44,month-to-month,fiber,credit_card,basic,never
0,44.1,65.26,2,0,1,3.46,two-year,dsl,electronic_check,plus,current
0,18.8,107.13,3,4,0,2.27,one-year,dsl,credit_card,basic,never
0,23.0,71.65,1,0,2,0.0,month-to-month,dsl,electronic_check,premium,never
0,10.4,51.97,2,1,0,5.59,month-to-month,fiber,electronic_check,plus,never
0,55.1,52.38,1,4,0,0.33,one-year,none,electronic_check,premium,never
0,14.2,66.03,2,2,0,1.13,month-to-month,dsl,electronic_check,basic,current
0,4.5,45.96,2,2,0,1.62,month-to-month,dsl,bank_transfer,basic,past
0,7.8,87.66,1,1,0,1.0,one-year,fiber,credit_card,basic,past
0,34.6,81.06,2,4,0,0.21,month-to-month,dsl,bank_transfer,basic,past
0,8.0,23.97,2,1,0,0.6,one-year,fiber,bank_transfer,basic,past
0,5.5,105.39,2,3,1,2.71,one-year,dsl,bank_transfer,basic,current
0,6.6,46.43,3,1,2,1.55,two-year,dsl,electronic_check,basic,current
0,27.3,67.73,2,5,0,2.39,one-year,fiber,credit_card,plus,current
0,6.2,40.52,2,2,1,5.2,two-year,fiber,electronic_check,basic,current
0,30.9,34.61,2,2,0,2.48,month-to-month,fiber,electronic_check,plus,never
0,17.9,98.1,2,5,1,1.79,month-to-month,fiber,electronic_check,basic,current
0,35.4,46.9,2,1,0,2.46,month-to-month,fiber,electronic_check,plus,current
0,47.1,31.45,2,2,2,3.23,two-year,fiber,electronic_check,basic,never
0,10.5,67.16,1,4,2,3.47,month-to-month,none,credit_card,basic,never
0,10.0,60.9,3,1,0,2.46,month-to-month,dsl,electronic_check,basic,never
0,17.3,70.57,1,1,0,2.17,month-to-month,dsl,electronic_check,plus,past
0,60.0,77.68,2,3,0,1.47,one-year,dsl,bank_transfer,basic,past
0,2.0,65.27,1,3,2,2.99,month-to-month,fiber,electronic_check,basic,never
0,4.9,100.63,3,2,0,2.8,month-to-month,dsl,credit_card,basic,never
1,0.4,124.82,3,1,1,2.83,month-to-month,fiber,bank_transfer,basic,current
0,5.9,58.42,3,2,0,1.63,month-to-month,fiber,electronic_check,basic,past
0,36.8,80.39,2,3,0,1.73,month-to-month,dsl,bank_transfer,basic,never
0,6.3,89.26,1,2,0,0.61,one-year,dsl,credit_card,premium,past
1,6.5,95.88,3,5,0,2.43,month-to-month,fiber,bank_transfer,basic,never
0,11.9,81.4,2,2,0,1.12,two-year,none,electronic_check,basic,current
1,4.3,81.73,1,2,2,1.46,month-to-month,dsl,electronic_check,basic,never
0,10.3,70.53,2,2,1,2.96,month-to-month,fiber,credit_card,basic,current
0,23.8,35.32,2,4,2,0.77,one-year,dsl,bank_transfer,basic,never
0,3.0,69.12,1,3,0,3.28,month-to-month,none,electronic_check,basic,current
1,32.4,100.93,1,5,0,5.37,month-to-month,fiber,bank_transfer,basic,past
0,33.9,106.73,2,4,0,3.99,two-year,fiber,electronic_check,basic,never
1,48.4,95.94,1,1,1,2.01,month-to-month,fiber,electronic_check,plus,past
0,4.5,105.33,2,2,1,2.49,one-year,fiber,bank_transfer,plus,past
1,3.5,95.65,2,4,1,2.12,month-to-month,dsl,credit_card,basic,past
0,14.3,63.65,3,1,1,2.32,month-to-month,fiber,electronic_check,premium,never
0,41.4,46.46,1,2,1,3.34,one-year,fiber,bank_transfer,basic,past
0,17.5,78.28,2,2,1,2.43,month-to-month,dsl,electronic_check,plus,never
0,17.7,42.55,1,4,1,3.44,month-to-month,fiber,bank_transfer,basic,never
0,0.6,73.75,1,2,1,1.17,month-to-month,dsl,electronic_check,basic,never
0,7.3,78.63,1,2,0,1.51,month-to-month,dsl,credit_card,basic,past
0,3.6,65.22,2,2,2,2.67,month-to-month,dsl,electronic_check,basic,never
0,9.3,83.06,2,6,1,1.76,month-to-month,fiber,credit_card,basic,never
0,21.4,77.13,1,1,1,2.5,two-year,none,electronic_check,basic,never
1,9.2,51.78,2,4,0,1.62,month-to-month,fiber,bank_transfer,basic,current
0,12.1,90.57,2,2,0,2.96,one-year,fiber,electronic_check,basic,past
0,14.9,42.71,4,2,0,1.9,month-to-month,fiber,electronic_check,basic,past
0,9.2,73.14,1,1,0,0.95,month-to-month,none,electronic_check,basic,current
0,3.4,45.81,2,2,2,0.0,month-to-month,none,bank_transfer,basic,never
0,22.4,42.62,1,4,0,1.06,month-to-month,dsl,electronic_check,basic,never
0,2.4,23.8,1,3,2,2.78,one-year,fiber,credit_card,basic,past
1,10.7,107.45,3,2,2,5.57,one-year,fiber,credit_card,basic,past
0,35.7,105.41,2,3,1,4.1,one-year,dsl,electronic_check,basic,never
0,5.0,100.77,3,3,1,4.25,one-year,fiber,credit_card,basic,past
0,11.7,91.92,1,0,1,0.6,two-year,fiber,bank_transfer,premium,never
1,4.6,81.58,2,3,1,2.46,month-to-month,dsl,electronic_check,basic,never
0,5.3,15.39,2,1,1,2.71,one-year,dsl,bank_transfer,basic,past
0,20.5,54.15,1,5,0,1.25,month-to-month,none,electronic_check,basic,never
0,48.2,60.02,3,3,0,0.73,month-to-month,none,credit_card,plus,never
0,0.7,83.14,1,1,1,1.04,month-to-month,dsl,credit_card,basic,never
0,46.7,52.66,2,3,0,2.28,one-year,fiber,electronic_check,plus,never
0,8.0,116.94,4,2,0,1.96,one-year,dsl,electronic_check,plus,never
0,2.4,36.4,2,1,0,1.38,month-to-month,none,electronic_check,plus,past
0,3.6,68.69,1,3,2,2.86,month-to-month,dsl,bank_transfer,basic,never
0,7.5,69.42,2,1,2,3.49,month-to-month,fiber,credit_card,basic,past
0,1.3,124.28,2,0,0,1.98,month-to-month,dsl,bank_transfer,plus,past
0,2.9,93.59,1,1,0,1.08,month-to-month,dsl,electronic_check,plus,past
0,72.0,66.04,3,2,0,2.48,one-year,fiber,electronic_check,basic,current
0,46.8,90.4,2,0,0,2.09,month-to-month,fiber,electronic_check,plus,never
0,3.7,75.88,1,1,2,2.4,month-to-month,fiber,electronic_check,basic,past
0,0.5,111.95,1,1,1,1.73,month-to-month,fiber,bank_transfer,basic,never
0,32.4,86.68,2,4,1,1.49,one-year,fiber,bank_transfer,basic,past
0,50.0,77.4,2,5,0,2.5,one-year,dsl,electronic_check,plus,past
0,49.3,71.25,1,1,0,3.28,month-to-month,fiber,electronic_check,basic,current
0,7.9,47.4,2,2,0,2.23,month-to-month,fiber,electronic_check,basic,never
0,2.5,57.86,2,3,0,1.55,one-year,fiber,electronic_check,basic,past
0,3.3,84.19,4,2,0,0.74,two-year,dsl,electronic_check,plus,current
0,19.5,65.2,2,2,1,0.37,month-to-month,dsl,electronic_check,plus,never
0,8.3,102.02,2,1,0,0.91,two-year,dsl,electronic_check,basic,current
1,16.7,108.67,4,0,0,0.95,month-to-month,dsl,electronic_check,plus,past
0,7.3,67.5,2,3,0,2.55,month-to-month,dsl,bank_transfer,basic,never
0,27.3,68.56,0,3,0,2.17,month-to-month,none,electronic_check,basic,current
0,18.3,36.93,2,3,1,1.02,one-year,dsl,bank_transfer,plus,past
0,9.8,56.76,2,3,0,1.84,two-year,dsl,credit_card,basic,current
0,5.6,109.6,3,3,1,3.74,month-to-month,fiber,bank_transfer,basic,past
0,4.0,44.16,3,1,1,2.34,one-year,dsl,bank_transfer,plus,past
0,4.9,90.26,2,6,0,2.57,month-to-month,dsl,electronic_check,basic,past
0,9.7,31.33,2,2,1,3.0,month-to-month,fiber,electronic_check,basic,never
0,4.5,71.06,2,2,1,1.97,month-to-month,dsl,electronic_check,premium,never
0,4.1,72.94,3,3,0,0.54,month-to-month,dsl,bank_transfer,premium,never
0,4.6,56.5,1,2,2,2.9,month-to-month,fiber,credit_card,plus,past
0,11.4,52.84,1,1,0,3.3,one-year,fiber,credit_card,basic,never
0,7.0,45.87,3,3,1,4.9,one-year,fiber,bank_transfer,basic,current
0,14.6,39.69,1,3,0,1.74,one-year,fiber,electronic_check,basic,current
0,8.3,52.34,4,0,1,3.75,one-year,fiber,electronic_check,plus,never
0,11.7,44.03,4,2,0,0.6,month-to-month,fiber,credit_card,basic,past
0,0.8,97.11,2,2,0,3.31,two-year,fiber,electronic_check,plus,past
0,30.4,42.43,3,2,2,4.34,month-to-month,dsl,bank_transfer,plus,current
0,2.3,68.19,3,1,0,2.8,two-year,fiber,electronic_check,basic,past
0,13.9,54.19,2,2,1,3.48,month-to-month,fiber,bank_transfer,basic,current
0,14.1,25.87,3,4,1,1.94,one-year,dsl,bank_transfer,basic,never
0,8.5,49.19,1,2,0,3.58,month-to-month,fiber,electronic_check,basic,past
0,1.3,52.16,3,1,0,2.49,month-to-month,fiber,bank_transfer,basic,past
0,20.5,57.47,2,0,0,1.6,two-year,fiber,bank_transfer,plus,past
1,1.3,80.06,3,2,2,3.84,month-to-month,fiber,electronic_check,basic,past
0,17.0,53.39,3,1,0,0.9,month-to-month,fiber,electronic_check,plus,past
0,34.7,50.9,2,2,1,4.16,month-to-month,fiber,electronic_check,plus,never
0,4.8,34.51,1,1,1,1.05,two-year,dsl,bank_transfer,plus,past
0,21.9,57.72,2,2,2,0.6,one-year,fiber,bank_transfer,basic,past
0,2.8,30.56,3,2,0,0.54,two-year,dsl,credit_card,basic,past
0,31.8,100.37,2,3,1,1.94,two-year,fiber,bank_transfer,basic,current
1,25.6,67.21,3,3,1,1.71,month-to-month,fiber,bank_transfer,basic,past
0,1.4,91.9,1,3,2,0.95,month-to-month,none,electronic_check,basic,current
0,4.1,68.1,2,1,0,0.6,month-to-month,none,electronic_check,basic,current
0,1.2,81.99,2,1,0,2.87,month-to-month,dsl,bank_transfer,plus,current
0,4.6,71.03,2,1,1,1.69,one-year,fiber,electronic_check,premium,never
0,48.3,31.31,2,1,1,1.32,two-year,fiber,bank_transfer,basic,past
1,4.3,101.8,2,1,1,2.05,month-to-month,dsl,bank_transfer,plus,past
0,2.1,84.08,2,2,1,1.47,one-year,fiber,bank_transfer,basic,past
0,15.5,66.5,2,0,1,1.82,one-year,fiber,electronic_check,plus,never
0,21.2,103.78,2,3,1,1.31,one-year,dsl,credit_card,basic,never
0,0.5,73.0,1,2,0,4.21,month-to-month,fiber,bank_transfer,basic,past
0,29.7,66.28,3,2,0,2.25,month-to-month,dsl,electronic_check,basic,past
0,8.6,55.78,2,0,0,0.57,one-year,dsl,electronic_check,premium,never
0,23.1,45.56,2,1,0,3.93,one-year,fiber,electronic_check,basic,current
0,9.3,79.64,3,3,2,3.2,month-to-month,dsl,bank_transfer,plus,never
0,4.4,57.52,4,2,0,1.68,month-to-month,fiber,bank_transfer,basic,never
0,7.5,60.01,1,1,0,6.33,month-to-month,fiber,electronic_check,basic,current
0,15.2,74.29,2,0,0,2.68,two-year,fiber,electronic_check,premium,past
0,37.9,77.05,1,1,0,4.55,one-year,fiber,bank_transfer,plus,past
0,18.1,61.04,0,4,0,1.02,two-year,none,electronic_check,plus,never
0,11.8,75.92,3,1,0,1.53,one-year,fiber,electronic_check,plus,current
0,4.3,69.85,2,0,1,1.57,month-to-month,dsl,credit_card,premium,never
0,7.9,27.53,1,1,1,1.89,one-year,fiber,bank_transfer,basic,current
0,0.0,61.78,0,1,0,0.77,month-to-month,none,credit_card,premium,past
0,25.3,75.74,2,2,0,1.04,one-year,fiber,electronic_check,basic,never
0,15.4,116.84,2,2,0,0.6,month-to-month,fiber,electronic_check,basic,never
0,2.9,63.24,1,2,1,0.77,month-to-month,none,credit_card,basic,past
0,10.1,62.28,1,4,2,1.57,two-year,dsl,electronic_check,basic,past
0,67.2,52.99,2,4,0,3.89,month-to-month,none,credit_card,basic,never
0,44.3,63.09,2,2,0,5.05,two-year,none,credit_card,basic,never
0,11.6,117.91,2,2,1,0.0,month-to-month,dsl,electronic_check,plus,never
0,22.7,78.25,3,2,0,4.09,month-to-month,fiber,credit_card,plus,never
0,2.3,74.07,2,2,2,3.35,month-to-month,dsl,credit_card,basic,never
1,7.3,72.02,3,1,0,3.04,month-to-month,fiber,electronic_check,basic,never
0,64.1,49.23,1,1,2,2.79,month-to-month,dsl,bank_transfer,plus,past
0,5.2,96.2,1,0,1,2.06,one-year,fiber,electronic_check,plus,never
0,12.5,33.88,2,2,0,4.07,month-to-month,fiber,credit_card,basic,never
1,11.6,116.6,2,3,1,3.03,month-to-month,dsl,bank_transfer,basic,never
0,2.9,35.82,2,1,0,3.1,two-year,dsl,electronic_check,premium,past
0,54.6,78.11,1,2,1,2.63,month-to-month,dsl,bank_transfer,basic,past
0,1.0,28.4,2,4,1,0.0,two-year,dsl,electronic_check,basic,never
0,69.2,87.53,1,3,1,2.61,one-year,none,bank_transfer,basic,past
0,2.2,68.13,2,2,1,0.3,month-to-month,dsl,credit_card,basic,never
0,1.8,68.74,4,1,0,2.21,one-year,fiber,electronic_check,plus,past
0,6.3,55.42,1,2,0,2.59,month-to-month,none,credit_card,basic,past
0,12.9,34.29,2,4,1,1.64,month-to-month,fiber,electronic_check,basic,never
0,7.5,78.34,3,2,0,2.66,one-year,dsl,bank_transfer,basic,never
0,6.8,36.68,2,1,1,2.52,month-to-month,fiber,bank_transfer,basic,past
0,10.6,98.26,2,3,0,2.68,month-to-month,fiber,credit_card,basic,never
1,16.2,102.12,2,2,0,3.45,month-to-month,fiber,credit_card,premium,past
0,18.4,87.55,1,2,0,3.48,month-to-month,none,electronic_check,basic,never
0,4.4,64.81,1,0,0,1.67,month-to-month,dsl,credit_card,plus,never
0,40.4,31.84,2,2,0,1.09,one-year,fiber,credit_card,plus,past
0,17.8,82.77,3,4,0,2.42,month-to-month,dsl,electronic_check,basic,past
1,8.0,119.91,2,1,2,1.26,month-to-month,fiber,electronic_check,basic,current
0,9.2,108.98,3,1,0,0.48,month-to-month,dsl,credit_card,plus,current
0,15.1,131.31,2,4,1,1.85,month-to-month,dsl,bank_transfer,basic,never
1,4.6,73.43,2,1,0,1.51,month-to-month,fiber,bank_transfer,premium,past
0,2.8,70.21,4,2,1,4.55,one-year,fiber,electronic_check,premium,never
0,51.5,89.69,2,3,0,4.29,month-to-month,fiber,electronic_check,premium,current
0,5.0,60.41,2,1,0,3.67,month-to-month,fiber,electronic_check,basic,current
0,4.0,83.98,3,2,0,2.09,one-year,fiber,electronic_check,plus,current
0,5.6,97.4,2,3,0,3.04,two-year,dsl,electronic_check,basic,current
0,6.6,61.26,2,3,0,2.26,month-to-month,dsl,bank_transfer,basic,past
0,2.2,65.89,2,3,1,0.71,month-to-month,dsl,bank_transfer,plus,never
0,7.6,92.82,1,2,0,1.18,month-to-month,fiber,bank_transfer,basic,current
0,23.7,52.83,1,4,0,2.05,month-to-month,none,electronic_check,basic,never
0,12.2,32.8,1,2,1,3.85,month-to-month,fiber,electronic_check,plus,past
0,29.5,61.72,3,2,2,2.25,two-year,dsl,electronic_check,premium,past
0,10.6,100.06,3,3,1,1.59,month-to-month,dsl,bank_transfer,basic,never
0,43.4,93.99,3,1,0,4.15,month-to-month,fiber,electronic_check,plus,never
0,11.1,80.59,1,0,1,2.74,month-to-month,fiber,bank_transfer,premium,never
0,1.4,38.13,2,1,1,3.18,month-to-month,dsl,credit_card,premium,past
0,0.1,57.72,3,2,1,1.57,two-year,fiber,electronic_check,basic,past
0,15.6,66.48,3,5,1,0.0,month-to-month,dsl,electronic_check,basic,never
0,33.2,96.81,1,2,2,1.3,month-to-month,none,credit_card,basic,past
0,3.4,82.75,1,2,0,2.66,month-to-month,fiber,bank_transfer,basic,current
0,0.6,46.32,2,1,0,1.79,one-year,fiber,electronic_check,basic,past
0,19.8,75.96,0,2,0,2.26,two-year,none,electronic_check,premium,past
0,25.6,33.31,2,2,1,2.22,month-to-month,dsl,bank_transfer,premium,never
0,38.3,30.85,3,3,1,1.57,month-to-month,dsl,credit_card,basic,current
0,11.7,57.79,1,1,2,1.49,one-year,fiber,electronic_check,basic,past
1,7.9,127.12,2,4,2,2.33,month-to-month,dsl,electronic_check,premium,current
0,2.7,64.01,2,3,2,0.6,two-year,fiber,bank_transfer,plus,never
0,5.8,57.59,2,2,1,2.4,month-to-month,fiber,credit_card,basic,never
0,72.0,57.21,2,4,1,3.84,month-to-month,dsl,bank_transfer,basic,never
0,3.4,72.56,2,0,1,0.63,one-year,dsl,credit_card,premium,past
1,28.0,94.54,0,2,0,2.93,month-to-month,none,credit_card,basic,never
1,9.0,84.46,2,3,1,2.54,month-to-month,dsl,credit_card,basic,past
0,0.2,61.58,2,3,1,1.32,month-to-month,fiber,bank_transfer,premium,current
0,24.9,95.48,1,1,1,1.84,one-year,none,electronic_check,plus,past
1,26.8,63.94,3,2,0,1.94,month-to-month,dsl,electronic_check,basic,past
0,1.7,68.36,1,2,2,2.5,month-to-month,none,electronic_check,basic,past
0,29.9,94.25,2,3,0,0.7,month-to-month,fiber,bank_transfer,basic,past
1,0.0,40.78,2,1,0,4.22,month-to-month,dsl,credit_card,plus,never
0,2.3,81.97,1,0,1,1.99,month-to-month,fiber,credit_card,premium,never
0,16.5,93.44,2,1,1,3.72,one-year,dsl,credit_card,plus,never
0,4.7,40.69,1,3,0,2.93,two-year,dsl,electronic_check,basic,never
0,34.3,62.76,2,1,1,1.69,month-to-month,fiber,electronic_check,premium,never
0,9.9,50.24,2,2,0,0.83,month-to-month,fiber,electronic_check,basic,past
0,25.2,28.02,2,2,1,0.05,month-to-month,dsl,electronic_check,premium,past
0,28.0,69.05,2,2,0,1.26,one-year,fiber,credit_card,basic,past
0,7.7,87.05,2,2,0,3.31,month-to-month,fiber,electronic_check,basic,never
0,8.4,83.96,2,1,0,0.0,one-year,none,electronic_check,premium,never
0,14.3,47.76,3,3,0,0.7,one-year,fiber,credit_card,basic,never
0,42.3,81.93,2,1,1,3.41,one-year,fiber,credit_card,premium,past
0,10.2,73.91,3,2,0,2.22,month-to-month,fiber,bank_transfer,premium,past
0,6.2,33.39,3,1,0,2.67,one-year,fiber,electronic_check,basic,past
1,30.7,126.67,2,3,2,2.1,month-to-month,fiber,electronic_check,basic,never
0,17.3,63.14,1,1,0,0.9,month-to-month,dsl,electronic_check,basic,past
0,12.1,93.24,3,3,0,0.81,month-to-month,dsl,electronic_check,basic,never
0,38.6,76.01,2,0,1,1.2,month-to-month,fiber,bank_transfer,plus,past
0,5.8,95.14,1,4,0,0.0,month-to-month,none,bank_transfer,basic,never
0,0.4,40.94,2,1,2,2.46,one-year,fiber,bank_transfer,basic,past
0,22.3,83.73,2,4,1,4.18,one-year,fiber,electronic_check,basic,never
0,5.9,45.64,2,1,1,1.66,month-to-month,none,electronic_check,premium,past
1,0.4,66.33,1,3,0,2.52,month-to-month,fiber,electronic_check,basic,current
0,27.5,11.43,2,1,1,0.6,one-year,fiber,electronic_check,plus,current
0,27.8,44.21,2,2,2,1.45,month-to-month,dsl,credit_card,plus,current
1,29.8,118.36,3,2,0,4.15,month-to-month,fiber,credit_card,basic,past
0,0.2,115.1,2,0,0,0.18,two-year,dsl,electronic_check,plus,past
0,3.9,61.62,3,2,0,3.81,month-to-month,dsl,electronic_check,basic,never
0,4.3,45.07,4,1,0,4.1,month-to-month,fiber,electronic_check,basic,current
0,72.0,83.76,2,3,0,2.86,month-to-month,dsl,credit_card,basic,never
0,14.5,79.86,3,3,1,1.56,month-to-month,fiber,credit_card,plus,past
0,38.8,45.02,2,3,0,3.7,month-to-month,fiber,credit_card,plus,current
0,19.5,54.24,2,3,1,1.76,one-year,fiber,bank_transfer,basic,never
0,7.4,70.81,2,1,1,1.41,one-year,dsl,electronic_check,premium,current
0,7.2,53.56,2,2,0,1.98,month-to-month,fiber,credit_card,basic,never
0,1.4,76.5,2,2,1,2.63,month-to-month,fiber,bank_transfer,basic,never
1,26.2,96.33,2,2,0,2.42,month-to-month,dsl,electronic_check,plus,past
1,21.4,77.29,1,3,0,3.95,month-to-month,fiber,electronic_check,basic,past
0,36.4,59.56,1,3,2,2.65,month-to-month,dsl,bank_transfer,premium,past
0,15.6,79.67,0,1,1,3.3,month-to-month,none,bank_transfer,basic,current
0,0.1,96.27,2,3,0,0.89,one-year,dsl,electronic_check,basic,never
1,7.3,93.24,2,4,1,4.41,month-to-month,fiber,credit_card,basic,never
0,7.4,40.36,1,2,1,3.27,month-to-month,fiber,electronic_check,basic,never
0,5.1,66.36,2,1,0,1.72,one-year,fiber,electronic_check,basic,never
0,55.6,45.85,3,2,1,3.92,one-year,dsl,bank_transfer,basic,past
0,10.0,56.51,1,2,0,1.67,month-to-month,fiber,credit_card,basic,never
0,15.9,51.33,2,3,1,2.61,month-to-month,fiber,bank_transfer,plus,current
1,44.4,90.17,1,2,0,5.77,month-to-month,fiber,electronic_check,basic,never
0,1.9,37.27,2,4,0,1.95,two-year,fiber,electronic_check,basic,past
1,26.5,67.0,2,3,2,3.6,month-to-month,fiber,credit_card,basic,never
1,4.0,97.45,1,2,1,1.92,month-to-month,none,bank_transfer,basic,past
0,8.3,64.31,2,1,1,1.8,month-to-month,fiber,credit_card,basic,never
0,5.9,75.48,3,0,2,0.26,one-year,dsl,bank_transfer,premium,current
0,72.0,85.22,1,1,0,1.03,month-to-month,none,credit_card,basic,past
0,24.1,56.49,2,1,1,3.76,month-to-month,fiber,electronic_check,plus,never
1,25.3,81.67,1,0,2,0.54,one-year,dsl,electronic_check,plus,never
0,11.2,125.61,2,4,0,2.98,month-to-month,dsl,credit_card,basic,past
0,39.8,61.64,2,2,1,1.54,month-to-month,dsl,electronic_check,plus,never
0,10.5,10.0,3,0,2,3.66,month-to-month,dsl,bank_transfer,plus,current
0,19.9,113.37,0,2,0,1.89,two-year,none,electronic_check,basic,never
0,25.8,95.69,1,1,0,1.53,one-year,dsl,electronic_check,plus,past
1,11.2,88.21,2,4,1,1.62,month-to-month,dsl,bank_transfer,basic,past
0,2.5,10.0,2,1,1,3.77,one-year,fiber,electronic_check,plus,never
0,9.1,118.59,2,3,0,1.82,month-to-month,dsl,electronic_check,plus,past
1,4.3,84.71,2,4,2,3.23,month-to-month,dsl,electronic_check,basic,current
0,10.3,76.83,2,4,0,1.73,two-year,dsl,credit_card,plus,past
1,43.7,119.69,1,0,0,2.22,month-to-month,fiber,credit_card,plus,current
0,10.1,92.91,2,1,1,1.1,two-year,dsl,electronic_check,plus,current
0,40.4,80.52,1,5,0,1.54,one-year,none,bank_transfer,plus,current
0,22.2,57.51,1,0,1,2.41,one-year,none,credit_card,premium,never
0,17.9,84.39,2,3,1,2.94,month-to-month,fiber,electronic_check,premium,past
1,13.6,45.42,3,2,1,3.29,month-to-month,fiber,electronic_check,basic,past
1,2.8,99.29,3,1,1,1.5,month-to-month,fiber,electronic_check,basic,past
0,5.1,83.6,1,2,0,3.83,one-year,dsl,electronic_check,basic,current
1,0.4,90.59,2,1,0,2.27,month-to-month,fiber,electronic_check,basic,past
0,0.9,10.86,1,1,2,0.98,one-year,none,electronic_check,basic,current
0,14.5,47.8,2,4,1,1.17,month-to-month,fiber,bank_transfer,basic,past
0,18.7,37.37,3,1,1,3.99,one-year,fiber,electronic_check,basic,current
0,6.1,50.62,2,2,1,2.45,two-year,dsl,electronic_check,plus,past
1,25.2,86.6,2,2,1,3.27,one-year,fiber,bank_transfer,basic,past
0,40.2,67.3,2,1,1,2.63,month-to-month,none,electronic_check,plus,never
0,0.5,72.04,1,1,0,1.43,month-to-month,fiber,electronic_check,premium,never
0,8.0,42.48,1,1,2,1.79,month-to-month,fiber,bank_transfer,basic,past
0,5.8,81.17,0,0,0,1.89,month-to-month,none,credit_card,premium,current
0,2.9,94.97,1,3,1,2.56,one-year,dsl,electronic_check,basic,never
0,56.0,108.35,2,1,0,2.48,month-to-month,none,electronic_check,plus,never
0,13.8,60.55,1,2,0,2.99,one-year,fiber,electronic_check,basic,never
0,0.5,69.74,3,2,3,1.24,month-to-month,dsl,bank_transfer,basic,never
0,70.2,108.35,1,3,0,1.83,month-to-month,dsl,credit_card,basic,never
0,5.1,78.06,1,1,0,1.6,two-year,none,bank_transfer,plus,never
0,17.3,87.59,2,2,1,2.85,two-year,none,credit_card,plus,past
1,2.5,112.79,3,1,0,2.34,month-to-month,fiber,bank_transfer,plus,never
1,8.9,83.28,1,2,3,1.91,one-year,fiber,credit_card,basic,never
1,21.8,55.25,3,2,1,3.13,month-to-month,fiber,bank_transfer,basic,never
0,5.7,124.56,2,1,0,1.23,month-to-month,dsl,bank_transfer,basic,current
0,29.1,91.35,1,2,1,1.32,month-to-month,fiber,credit_card,basic,never
0,9.9,91.13,2,3,2,1.47,month-to-month,dsl,electronic_check,basic,current
0,1.9,102.92,1,4,0,2.82,month-to-month,none,electronic_check,basic,current
0,38.5,70.69,1,0,0,1.94,two-year,dsl,credit_card,premium,past
0,45.0,52.73,0,2,0,1.5,one-year,none,credit_card,basic,past
0,45.8,16.22,1,1,0,1.74,month-to-month,fiber,credit_card,basic,past
0,21.5,72.22,1,3,1,2.16,one-year,dsl,bank_transfer,basic,current
0,11.5,65.15,2,1,0,4.54,month-to-month,none,electronic_check,basic,never
0,6.2,27.17,1,1,0,4.01,two-year,fiber,electronic_check,plus,never
1,4.5,45.39,3,1,3,4.34,month-to-month,fiber,electronic_check,basic,past
0,0.7,75.42,3,3,2,2.14,one-year,dsl,electronic_check,basic,never
0,7.7,74.26,2,2,0,2.05,month-to-month,fiber,bank_transfer,basic,past
0,51.0,111.69,2,2,1,3.33,month-to-month,none,credit_card,plus,current
0,28.0,83.32,1,1,0,2.32,month-to-month,fiber,credit_card,plus,never
0,8.9,76.49,3,1,0,2.67,month-to-month,dsl,electronic_check,plus,current
0,13.3,70.24,2,3,1,0.0,one-year,dsl,credit_card,basic,current
0,14.2,109.26,0,1,1,1.17,month-to-month,none,electronic_check,premium,never
0,22.0,101.27,1,3,1,0.91,month-to-month,fiber,bank_transfer,basic,current
1,6.8,105.03,2,4,1,1.78,month-to-month,fiber,bank_transfer,basic,never
0,23.8,87.19,3,1,1,1.83,month-to-month,none,credit_card,basic,never
0,9.4,131.55,2,1,0,0.18,two-year,none,electronic_check,basic,past
0,15.6,93.72,2,2,2,0.0,month-to-month,dsl,electronic_check,basic,current
0,20.5,76.62,3,1,1,3.83,one-year,fiber,electronic_check,basic,past
1,14.6,106.78,1,4,1,2.39,month-to-month,fiber,electronic_check,basic,never
0,62.8,73.35,3,3,1,2.6,two-year,fiber,credit_card,basic,never
1,16.2,62.91,2,1,1,0.6,month-to-month,fiber,electronic_check,plus,past
0,22.8,59.53,1,1,1,3.65,month-to-month,dsl,electronic_check,plus,never
0,25.6,87.01,1,3,1,4.46,one-year,fiber,bank_transfer,basic,never
0,5.5,47.65,1,2,1,1.8,two-year,fiber,bank_transfer,basic,never
0,14.2,38.0,3,2,0,2.31,month-to-month,fiber,electronic_check,basic,current
0,12.3,52.9,1,0,1,4.96,month-to-month,fiber,bank_transfer,plus,past
1,7.2,103.24,4,1,0,2.13,month-to-month,fiber,electronic_check,plus,past
0,34.2,58.55,2,3,2,4.01,month-to-month,fiber,credit_card,plus,past
0,16.4,59.17,4,0,1,1.57,two-year,fiber,electronic_check,premium,past
0,1.1,51.09,3,1,1,2.76,two-year,fiber,electronic_check,basic,never
0,22.7,35.05,1,0,0,0.65,month-to-month,fiber,electronic_check,plus,never
0,18.2,84.74,3,2,1,4.0,month-to-month,fiber,credit_card,basic,past
0,27.0,108.0,3,1,1,1.56,month-to-month,dsl,bank_transfer,basic,never
0,56.1,47.73,1,2,0,1.86,month-to-month,fiber,electronic_check,premium,never
0,52.4,45.37,1,4,0,2.4,month-to-month,dsl,electronic_check,basic,never
0,28.7,106.67,1,1,1,4.36,month-to-month,dsl,electronic_check,plus,current
0,2.4,40.67,3,4,0,2.97,two-year,fiber,bank_transfer,premium,past
0,1.8,57.31,2,3,0,4.8,month-to-month,fiber,electronic_check,basic,never
1,5.3,99.96,1,2,0,0.0,month-to-month,none,electronic_check,basic,never
0,6.4,59.41,1,1,0,2.31,one-year,none,bank_transfer,plus,past
0,33.2,59.91,2,1,0,3.28,month-to-month,fiber,credit_card,plus,current
0,3.7,73.02,1,2,1,2.21,month-to-month,none,electronic_check,basic,past
1,54.2,69.33,2,4,2,1.33,month-to-month,fiber,credit_card,basic,current
0,50.0,68.31,2,1,2,1.59,one-year,dsl,electronic_check,basic,past
0,14.0,42.93,2,2,0,2.6,month-to-month,fiber,bank_transfer,plus,never
1,36.4,91.35,3,4,1,3.13,month-to-month,dsl,bank_transfer,basic,past
0,8.8,47.45,0,1,0,3.04,one-year,none,electronic_check,basic,past
0,0.6,31.1,1,3,0,0.86,one-year,fiber,credit_card,basic,past
0,53.4,84.12,0,3,1,3.64,one-year,none,electronic_check,basic,never
0,11.0,68.15,3,1,0,2.19,month-to-month,dsl,bank_transfer,plus,past
0,15.1,64.77,2,3,0,0.88,two-year,fiber,bank_transfer,basic,past
0,27.6,83.29,1,0,1,0.6,month-to-month,fiber,electronic_check,plus,current
0,0.5,103.11,1,3,1,3.11,month-to-month,fiber,electronic_check,plus,past
0,2.5,45.69,3,0,1,4.2,month-to-month,fiber,bank_transfer,premium,past
0,21.5,70.0,1,2,0,2.36,month-to-month,fiber,electronic_check,premium,past
0,8.0,24.65,3,1,2,2.78,month-to-month,fiber,electronic_check,plus,past
0,12.3,33.92,1,2,1,1.96,month-to-month,dsl,electronic_check,basic,current
0,20.9,60.25,2,1,0,2.71,two-year,fiber,credit_card,plus,past
0,55.0,42.95,1,2,1,2.81,month-to-month,none,bank_transfer,plus,never
0,24.6,50.25,2,2,1,2.46,month-to-month,fiber,bank_transfer,basic,past
0,9.6,125.86,2,3,1,2.15,two-year,fiber,bank_transfer,basic,never
0,3.6,59.69,4,4,0,0.42,month-to-month,dsl,electronic_check,premium,never
1,6.7,91.97,2,2,0,0.92,month-to-month,dsl,bank_transfer,basic,never
0,17.9,99.03,3,1,1,4.11,month-to-month,dsl,credit_card,basic,past
0,7.6,46.93,3,2,1,2.92,month-to-month,fiber,credit_card,basic,current
0,0.5,66.98,1,4,0,4.31,month-to-month,fiber,electronic_check,basic,never
0,15.5,61.34,2,3,0,2.11,one-year,fiber,electronic_check,basic,current
1,3.2,125.81,2,1,2,0.6,month-to-month,fiber,bank_transfer,plus,never
0,11.5,108.2,2,2,1,3.76,month-to-month,fiber,electronic_check,plus,never
0,61.2,17.63,2,2,2,1.59,month-to-month,none,electronic_check,basic,past
0,4.3,65.45,1,1,0,0.6,one-year,fiber,bank_transfer,plus,never
0,47.5,72.4,2,3,2,1.53,one-year,fiber,credit_card,basic,never
0,6.6,59.4,2,2,0,0.0,month-to-month,dsl,electronic_check,basic,past
0,28.3,140.03,1,1,0,3.49,month-to-month,fiber,electronic_check,plus,never
0,20.5,65.06,1,3,1,2.38,one-year,fiber,electronic_check,basic,never
0,44.7,65.34,1,1,0,3.14,month-to-month,fiber,bank_transfer,plus,current
0,9.1,69.18,2,2,2,2.31,one-year,dsl,electronic_check,plus,never
1,24.7,101.47,2,2,0,3.78,month-to-month,fiber,credit_card,basic,current
0,2.0,34.0,1,1,2,1.02,two-year,none,credit_card,basic,never
0,28.2,73.99,1,2,0,3.71,one-year,fiber,bank_transfer,basic,never
0,2.8,35.67,3,4,1,2.2,month-to-month,dsl,bank_transfer,basic,current
1,3.0,25.96,3,3,2,5.66,month-to-month,fiber,credit_card,basic,past
0,28.6,82.44,1,2,2,0.0,month-to-month,dsl,electronic_check,plus,past
0,1.9,81.34,2,0,1,3.42,one-year,fiber,electronic_check,plus,past
0,17.6,74.73,4,1,0,2.79,month-to-month,fiber,electronic_check,basic,past
0,15.3,148.67,1,3,1,3.08,one-year,dsl,electronic_check,plus,never
0,6.5,26.94,2,2,0,2.82,month-to-month,fiber,electronic_check,plus,past
1,9.5,68.65,3,1,0,2.93,month-to-month,dsl,electronic_check,basic,never
0,3.6,25.87,2,2,0,0.98,one-year,dsl,electronic_check,basic,past
0,4.4,95.24,2,1,0,1.43,month-to-month,fiber,credit_card,basic,never
0,6.9,84.47,2,2,1,2.54,two-year,fiber,electronic_check,basic,never
0,1.4,75.63,3,1,0,1.79,month-to-month,dsl,electronic_check,basic,never
0,3.7,22.34,3,4,1,3.77,month-to-month,fiber,electronic_check,premium,current
0,25.1,52.93,2,2,0,1.46,two-year,dsl,credit_card,plus,never
0,1.0,56.58,2,1,2,2.45,month-to-month,fiber,bank_transfer,basic,never
0,16.8,58.57,2,3,1,1.66,month-to-month,none,credit_card,plus,never
0,2.1,66.16,2,2,0,3.49,one-year,none,electronic_check,basic,past
0,30.0,90.79,2,2,0,3.98,two-year,none,credit_card,plus,never
0,5.0,50.07,1,2,2,3.36,month-to-month,fiber,credit_card,basic,past
0,1.7,85.12,2,1,0,1.28,two-year,none,electronic_check,premium,never
0,71.2,71.51,2,3,1,3.79,month-to-month,dsl,electronic_check,basic,past
0,3.0,77.2,3,3,1,2.35,month-to-month,none,credit_card,basic,never
0,18.1,112.8,2,1,1,2.82,month-to-month,fiber,electronic_check,plus,current
0,25.9,97.22,2,1,0,3.47,two-year,fiber,credit_card,basic,never
0,13.6,65.52,0,1,1,3.08,two-year,none,electronic_check,basic,past
0,2.1,37.31,1,3,1,3.22,month-to-month,fiber,bank_transfer,basic,current
1,3.5,132.95,3,0,2,0.95,month-to-month,fiber,credit_card,plus,past
0,39.6,18.35,2,3,0,3.55,two-year,fiber,electronic_check,basic,past
0,1.2,105.38,2,2,1,0.42,month-to-month,dsl,bank_transfer,basic,current
0,72.0,82.15,2,5,0,1.84,month-to-month,dsl,electronic_check,basic,past
1,2.1,102.42,3,0,1,1.84,month-to-month,fiber,bank_transfer,plus,past
0,36.7,82.32,1,2,0,2.64,month-to-month,dsl,electronic_check,plus,current
1,6.9,83.84,1,2,0,1.62,month-to-month,dsl,electronic_check,plus,never
1,15.2,107.27,2,3,0,5.04,month-to-month,fiber,electronic_check,basic,past
1,3.4,84.2,3,1,2,1.3,month-to-month,dsl,electronic_check,basic,past
0,11.6,29.61,1,2,2,4.37,month-to-month,fiber,electronic_check,basic,past
0,15.9,107.45,1,4,1,3.4,month-to-month,none,bank_transfer,basic,past
0,48.9,103.25,2,0,0,2.04,month-to-month,none,electronic_check,plus,never
1,25.3,63.07,2,2,0,1.92,month-to-month,fiber,electronic_check,premium,never
0,29.0,61.84,1,2,0,4.26,month-to-month,fiber,electronic_check,plus,never
0,32.4,76.63,3,1,2,1.62,month-to-month,fiber,bank_transfer,plus,never
0,3.8,59.36,3,4,0,2.34,one-year,dsl,credit_card,basic,past
0,43.4,55.6,2,2,0,0.86,month-to-month,dsl,bank_transfer,plus,past
0,12.2,111.43,3,2,0,1.66,month-to-month,fiber,credit_card,basic,past
0,17.3,37.34,2,2,0,2.07,one-year,dsl,electronic_check,basic,past
0,32.8,44.3,2,1,0,4.61,one-year,fiber,electronic_check,basic,never
0,35.8,81.1,1,4,1,4.39,month-to-month,dsl,bank_transfer,plus,current
0,1.5,67.48,3,1,2,4.17,month-to-month,fiber,bank_transfer,plus,current
0,4.2,97.79,2,2,1,2.09,one-year,dsl,credit_card,basic,past
0,22.4,84.48,3,0,1,2.71,one-year,fiber,electronic_check,plus,current
0,22.0,57.05,2,3,2,3.06,two-year,fiber,bank_transfer,plus,never
0,13.9,66.42,1,3,0,0.0,one-year,dsl,bank_transfer,basic,current
0,20.6,66.01,3,1,1,1.13,month-to-month,dsl,credit_card,plus,past
0,17.2,42.24,2,4,2,2.42,month-to-month,fiber,bank_transfer,basic,past
0,4.4,83.87,2,1,1,4.26,month-to-month,dsl,electronic_check,basic,never
0,2.6,19.47,1,2,1,3.07,month-to-month,none,electronic_check,basic,current
0,2.1,59.38,3,2,3,0.95,one-year,dsl,electronic_check,basic,never
0,0.2,78.9,2,3,0,1.39,month-to-month,dsl,electronic_check,basic,current
0,48.5,84.74,4,3,0,2.63,month-to-month,fiber,electronic_check,basic,current
0,17.7,87.67,2,5,2,2.51,month-to-month,fiber,credit_card,basic,current
0,16.0,71.31,2,2,0,4.95,month-to-month,dsl,electronic_check,basic,never
0,8.6,54.85,4,5,2,1.4,one-year,fiber,credit_card,basic,never
0,12.5,19.8,4,2,0,2.47,month-to-month,fiber,electronic_check,basic,never
0,12.4,36.05,0,3,1,0.04,month-to-month,none,electronic_check,basic,never
0,21.3,65.91,2,1,0,2.81,month-to-month,dsl,electronic_check,premium,never
0,0.5,20.18,1,2,1,1.29,month-to-month,fiber,credit_card,basic,never
0,16.6,45.09,3,2,1,2.58,one-year,dsl,electronic_check,premium,current
0,7.4,31.42,3,1,1,2.1,month-to-month,fiber,electronic_check,plus,never
0,72.0,62.87,1,1,1,2.38,month-to-month,fiber,electronic_check,plus,current
0,3.4,54.81,2,5,1,0.94,two-year,fiber,electronic_check,premium,never
0,14.5,68.58,1,3,0,3.44,one-year,none,bank_transfer,basic,never
0,12.8,91.59,1,3,2,1.02,month-to-month,none,credit_card,plus,current
0,6.6,28.22,1,1,0,1.67,month-to-month,fiber,electronic_check,plus,current
0,14.9,83.88,1,3,0,1.01,month-to-month,dsl,credit_card,plus,never
1,20.9,58.42,2,2,1,2.84,month-to-month,dsl,bank_transfer,basic,past
0,5.7,44.26,3,4,0,0.87,one-year,dsl,electronic_check,basic,past
0,11.0,51.21,1,1,1,2.63,one-year,dsl,bank_transfer,premium,never
0,25.3,80.85,2,4,3,1.5,month-to-month,none,electronic_check,basic,never
0,11.4,99.28,4,4,1,1.47,two-year,fiber,bank_transfer,basic,current
0,6.8,69.41,1,1,1,0.0,month-to-month,dsl,bank_transfer,basic,never
0,18.7,83.61,1,4,0,2.17,month-to-month,none,bank_transfer,basic,current
0,3.6,93.05,2,3,0,2.59,one-year,fiber,electronic_check,basic,never
0,10.0,75.17,1,1,0,3.46,one-year,fiber,credit_card,basic,current
0,4.7,68.04,2,1,1,3.62,one-year,fiber,credit_card,plus,past
0,7.0,36.41,2,4,0,4.77,two-year,fiber,credit_card,basic,past
1,0.8,107.95,3,3,1,1.47,two-year,fiber,credit_card,basic,never
0,3.7,51.79,2,3,1,2.05,month-to-month,dsl,electronic_check,basic,current
1,26.4,36.65,3,1,2,4.26,month-to-month,fiber,electronic_check,premium,never
0,18.9,53.0,2,2,0,0.0,month-to-month,dsl,credit_card,basic,past
0,2.3,65.63,2,1,0,4.24,month-to-month,fiber,credit_card,basic,never
0,1.6,78.2,1,1,1,4.05,month-to-month,fiber,credit_card,plus,never
0,6.4,28.08,2,3,1,3.83,month-to-month,dsl,electronic_check,basic,never
0,54.7,10.0,3,1,0,3.88,one-year,fiber,electronic_check,basic,past
1,19.7,83.83,1,2,1,0.94,month-to-month,none,credit_card,basic,past
0,1.7,64.54,1,0,1,3.38,month-to-month,fiber,electronic_check,premium,never
0,72.0,34.71,1,1,0,1.7,one-year,dsl,electronic_check,basic,past
1,0.4,97.24,1,6,1,1.96,month-to-month,fiber,electronic_check,plus,current
0,18.0,78.44,2,2,1,2.55,month-to-month,fiber,credit_card,premium,never
0,2.6,92.74,3,1,0,4.16,one-year,fiber,electronic_check,premium,current
0,8.7,16.15,0,1,0,0.46,month-to-month,none,bank_transfer,plus,past
0,30.3,73.17,2,1,1,2.6,month-to-month,dsl,credit_card,basic,past
0,26.3,68.08,1,1,0,1.6,month-to-month,none,bank_transfer,premium,past
0,6.1,42.46,1,1,2,2.02,month-to-month,none,bank_transfer,plus,never
0,0.6,79.44,3,2,1,0.92,one-year,dsl,electronic_check,basic,past
0,10.8,41.55,2,1,0,3.93,two-year,fiber,electronic_check,basic,current
0,49.9,87.04,1,1,0,3.19,one-year,dsl,credit_card,basic,current
0,19.5,117.96,3,2,1,2.98,two-year,dsl,electronic_check,basic,never
1,52.5,93.56,2,2,0,3.4,month-to-month,fiber,bank_transfer,basic,never
1,23.1,78.75,2,2,2,3.11,month-to-month,fiber,electronic_check,basic,current
0,72.0,33.2,2,1,1,1.63,two-year,fiber,bank_transfer,basic,never
0,6.4,77.43,0,1,0,2.89,one-year,none,electronic_check,basic,current
0,17.1,44.28,0,3,0,0.47,month-to-month,none,electronic_check,basic,past
0,72.0,64.72,3,1,0,1.81,one-year,fiber,electronic_check,basic,never
0,9.0,44.17,2,2,0,2.76,month-to-month,fiber,electronic_check,basic,past
0,37.9,66.11,2,1,0,2.52,month-to-month,dsl,bank_transfer,plus,past
0,15.6,66.1,3,0,0,1.46,month-to-month,dsl,credit_card,plus,past
0,6.6,70.46,2,3,1,1.41,two-year,fiber,electronic_check,plus,current
0,11.1,69.78,3,1,0,1.11,month-to-month,dsl,credit_card,plus,current
0,14.6,64.33,2,3,0,0.85,two-year,dsl,electronic_check,basic,current
0,16.0,97.79,2,3,1,2.95,month-to-month,fiber,credit_card,basic,never
0,0.4,62.65,3,1,0,3.6,one-year,fiber,electronic_check,plus,never
0,5.3,45.27,3,7,0,1.8,month-to-month,none,bank_transfer,basic,past
0,8.8,87.54,0,1,1,2.55,month-to-month,none,credit_card,plus,never
0,37.1,46.52,1,4,0,2.07,one-year,none,electronic_check,basic,never
0,42.5,30.02,1,4,0,1.27,one-year,fiber,electronic_check,basic,past
1,28.5,115.9,2,3,1,3.62,one-year,fiber,bank_transfer,basic,past
0,14.1,56.1,1,2,2,1.94,one-year,dsl,electronic_check,premium,past
0,19.5,82.94,3,2,0,4.77,one-year,fiber,electronic_check,premium,current
1,11.9,74.5,1,3,1,1.66,one-year,none,electronic_check,basic,past
1,3.9,20.04,3,2,0,0.0,month-to-month,dsl,bank_transfer,premium,never
0,1.1,74.27,3,1,0,1.83,two-year,fiber,electronic_check,premium,past
0,35.9,86.72,2,1,0,2.42,month-to-month,fiber,electronic_check,basic,past
1,49.7,101.76,4,1,0,0.6,month-to-month,fiber,electronic_check,plus,past
1,4.2,97.89,4,1,0,3.12,two-year,fiber,credit_card,basic,never
0,16.4,66.85,2,3,0,1.75,month-to-month,dsl,bank_transfer,basic,current
0,7.6,74.64,2,2,0,2.89,month-to-month,fiber,electronic_check,basic,past
0,45.5,108.1,2,3,0,2.84,one-year,fiber,electronic_check,premium,past
0,1.9,82.65,1,3,2,2.83,one-year,fiber,electronic_check,basic,never
0,12.8,72.89,1,2,0,1.12,month-to-month,fiber,electronic_check,plus,past
0,17.7,69.82,1,1,0,3.38,month-to-month,dsl,bank_transfer,basic,past
0,21.1,71.96,3,1,1,2.79,month-to-month,fiber,bank_transfer,basic,current
0,27.6,45.06,2,3,0,4.53,month-to-month,fiber,electronic_check,basic,current
0,3.2,116.4,2,2,0,4.2,one-year,fiber,electronic_check,basic,never
0,4.9,107.06,2,0,2,1.19,month-to-month,fiber,bank_transfer,premium,never
0,12.7,102.57,3,2,0,2.46,one-year,fiber,bank_transfer,basic,never
0,11.0,81.72,1,2,0,0.0,one-year,dsl,electronic_check,plus,current
0,25.1,119.66,2,2,1,2.26,two-year,fiber,credit_card,basic,never
0,46.0,114.02,4,3,1,1.65,one-year,dsl,electronic_check,basic,never
0,23.8,76.17,2,2,1,3.62,one-year,fiber,bank_transfer,basic,past
0,19.0,54.72,2,2,0,2.97,month-to-month,fiber,electronic_check,basic,past
0,1.4,85.33,1,0,1,2.41,two-year,dsl,electronic_check,premium,current
0,1.1,61.8,0,4,0,2.1,month-to-month,none,bank_transfer,basic,never
0,22.6,96.53,4,3,0,0.5,one-year,dsl,electronic_check,basic,never
0,41.0,93.4,1,2,0,3.35,one-year,fiber,electronic_check,basic,current
0,10.3,67.42,1,1,1,3.77,one-year,fiber,electronic_check,basic,past
0,0.3,53.57,2,5,1,0.28,month-to-month,dsl,credit_card,plus,never
0,21.8,51.5,2,2,1,4.61,month-to-month,fiber,electronic_check,basic,never
0,7.8,45.15,1,1,1,5.63,two-year,dsl,bank_transfer,plus,never
0,36.5,127.79,3,1,1,0.7,one-year,dsl,bank_transfer,plus,current
0,12.7,91.12,2,2,0,0.6,month-to-month,fiber,credit_card,basic,current
0,0.3,38.45,1,3,0,4.15,month-to-month,fiber,electronic_check,basic,never
0,7.3,37.31,2,1,0,2.61,one-year,fiber,bank_transfer,basic,past
0,13.7,76.68,1,2,1,0.71,two-year,none,bank_transfer,plus,never
0,19.3,10.0,2,3,2,1.9,month-to-month,fiber,bank_transfer,basic,never
0,15.5,54.42,2,2,1,2.05,month-to-month,none,electronic_check,basic,past
0,7.9,42.43,2,4,1,2.8,month-to-month,dsl,electronic_check,basic,past
1,6.8,89.77,1,0,0,3.69,month-to-month,fiber,electronic_check,premium,never
0,1.2,75.64,3,2,1,2.5,month-to-month,fiber,electronic_check,basic,current
0,8.8,24.7,3,1,1,3.2,month-to-month,fiber,electronic_check,premium,current
0,28.4,66.06,1,4,1,4.58,one-year,fiber,electronic_check,basic,past
0,37.0,66.35,3,2,0,1.08,one-year,fiber,electronic_check,basic,current
0,20.6,45.53,3,1,0,2.06,month-to-month,dsl,credit_card,basic,past
0,6.9,91.11,1,3,0,2.87,two-year,dsl,electronic_check,basic,never
1,19.9,107.46,3,1,0,2.85,month-to-month,fiber,credit_card,basic,current
1,44.5,104.05,2,2,0,1.45,month-to-month,fiber,credit_card,basic,past
1,28.5,113.46,2,3,1,0.0,month-to-month,dsl,electronic_check,basic,current
1,11.2,62.57,2,1,2,3.51,month-to-month,fiber,electronic_check,basic,never
1,28.8,77.36,2,2,0,2.93,month-to-month,fiber,credit_card,basic,never
0,0.3,39.56,2,2,1,2.28,two-year,fiber,electronic_check,plus,past
0,16.8,69.5,2,3,0,2.08,one-year,fiber,electronic_check,basic,never
0,28.3,52.09,3,2,0,0.85,month-to-month,dsl,electronic_check,basic,never
0,16.5,115.27,3,0,0,1.8,month-to-month,fiber,bank_transfer,premium,never
1,11.7,79.45,4,3,0,2.17,month-to-month,fiber,bank_transfer,basic,past
0,55.0,62.24,2,2,0,2.34,month-to-month,fiber,credit_card,plus,past
0,0.4,69.22,3,3,0,0.72,month-to-month,fiber,electronic_check,premium,never
1,12.1,106.61,2,4,1,1.69,one-year,fiber,electronic_check,basic,current
0,0.4,53.58,1,2,0,3.88,month-to-month,fiber,credit_card,basic,never
1,13.2,87.19,1,3,0,2.4,month-to-month,fiber,electronic_check,plus,past
0,16.1,61.25,2,2,0,2.01,month-to-month,fiber,electronic_check,plus,past
1,10.4,97.42,0,5,0,2.9,month-to-month,none,bank_transfer,basic,never
0,13.9,33.42,2,1,0,4.63,two-year,fiber,credit_card,premium,current
0,4.6,40.64,2,3,0,1.88,two-year,dsl,bank_transfer,basic,never
0,21.1,105.48,3,4,0,3.5,one-year,fiber,bank_transfer,basic,never
0,13.6,66.57,1,4,1,2.52,month-to-month,dsl,credit_card,basic,never
0,2.4,32.36,1,2,1,3.17,month-to-month,fiber,bank_transfer,basic,past
1,13.8,75.87,2,3,0,1.74,month-to-month,fiber,electronic_check,basic,never
1,31.2,68.25,4,1,0,4.0,one-year,fiber,electronic_check,plus,past
0,3.8,70.12,2,2,0,3.49,month-to-month,fiber,electronic_check,plus,current
0,10.0,56.48,2,2,1,3.25,month-to-month,fiber,bank_transfer,basic,past
0,21.4,78.0,3,5,1,2.73,month-to-month,dsl,electronic_check,basic,past
0,53.5,66.13,1,3,1,2.98,one-year,none,bank_transfer,basic,never
0,71.0,115.23,2,1,0,0.0,month-to-month,dsl,bank_transfer,basic,never
0,35.1,69.58,3,2,0,1.13,two-year,dsl,bank_transfer,basic,current
1,45.2,91.16,2,3,0,5.08,month-to-month,fiber,electronic_check,basic,past
0,1.6,25.91,2,5,0,2.73,month-to-month,fiber,credit_card,basic,never
0,60.5,56.45,2,1,1,2.33,one-year,dsl,electronic_check,plus,past
0,3.3,20.88,1,4,1,1.81,month-to-month,fiber,electronic_check,plus,past
0,12.4,96.02,2,3,0,1.51,one-year,fiber,electronic_check,basic,past
0,44.9,104.0,2,0,0,3.73,month-to-month,dsl,electronic_check,plus,past
0,0.1,69.84,3,2,0,2.63,month-to-month,fiber,electronic_check,plus,past
0,21.0,88.0,1,4,0,0.49,month-to-month,none,bank_transfer,basic,never
0,9.2,51.38,1,1,1,0.71,one-year,dsl,electronic_check,basic,never
0,35.8,35.65,1,1,0,0.6,month-to-month,fiber,electronic_check,basic,current
0,28.4,95.94,1,1,2,2.38,two-year,dsl,bank_transfer,basic,never
0,21.3,66.11,2,1,0,0.98,month-to-month,dsl,electronic_check,plus,never
0,0.5,59.75,2,2,0,0.49,month-to-month,dsl,electronic_check,basic,past
0,4.9,35.93,1,2,2,0.71,one-year,none,bank_transfer,plus,current
1,13.2,65.93,3,1,2,3.51,month-to-month,fiber,electronic_check,basic,never
0,0.7,52.96,2,4,0,0.58,two-year,none,electronic_check,basic,past
0,5.7,46.34,2,1,0,0.0,month-to-month,none,electronic_check,basic,current
1,30.5,44.34,3,4,2,1.56,month-to-month,dsl,bank_transfer,basic,current
0,12.7,43.04,3,0,0,0.0,month-to-month,dsl,bank_transfer,premium,past
0,19.7,85.5,1,3,1,3.08,month-to-month,fiber,electronic_check,basic,current
0,5.0,101.42,2,3,1,3.42,two-year,dsl,electronic_check,basic,never
0,5.8,121.86,2,1,0,2.71,month-to-month,fiber,credit_card,plus,never
0,20.9,83.47,2,3,0,4.19,month-to-month,fiber,electronic_check,basic,never
0,21.2,79.01,3,5,1,3.98,month-to-month,fiber,bank_transfer,basic,current
0,12.8,92.96,1,1,0,3.13,one-year,dsl,electronic_check,premium,past
0,1.4,72.46,3,3,0,3.38,one-year,dsl,electronic_check,plus,current
1,6.0,85.3,2,3,0,2.89,month-to-month,fiber,credit_card,basic,past
0,8.3,48.03,2,2,0,5.12,month-to-month,fiber,electronic_check,basic,current
0,38.7,92.31,0,4,0,2.8,two-year,none,bank_transfer,basic,past
0,15.2,79.74,2,1,1,2.25,two-year,fiber,electronic_check,plus,past
1,9.5,27.54,2,2,1,2.5,month-to-month,dsl,electronic_check,basic,current
0,19.6,70.1,2,2,0,3.92,two-year,none,credit_card,basic,past
0,50.8,70.16,1,4,0,1.75,month-to-month,fiber,electronic_check,basic,never
0,21.9,55.23,2,3,0,0.9,one-year,fiber,credit_card,basic,past
0,32.6,55.16,2,2,2,1.54,two-year,fiber,electronic_check,plus,never
1,0.6,79.49,2,1,1,0.98,month-to-month,none,electronic_check,basic,past
0,5.8,68.49,2,2,0,2.39,one-year,dsl,credit_card,basic,past
1,24.9,67.12,2,2,0,3.72,month-to-month,fiber,electronic_check,plus,past
0,5.6,27.99,1,2,1,2.51,one-year,fiber,electronic_check,basic,never
0,25.5,115.26,2,2,0,2.82,one-year,fiber,electronic_check,plus,current
0,20.3,31.76,1,0,2,4.93,month-to-month,none,bank_transfer,premium,past
0,53.3,91.46,4,2,0,4.1,month-to-month,dsl,bank_transfer,plus,never
0,35.6,42.77,1,1,0,2.6,month-to-month,fiber,bank_transfer,basic,past
0,10.6,91.21,2,3,0,2.4,one-year,dsl,credit_card,basic,past
0,16.8,52.22,3,2,1,1.18,month-to-month,dsl,electronic_check,basic,never
1,5.8,56.99,1,5,1,3.97,month-to-month,fiber,electronic_check,basic,never
0,43.2,55.17,3,3,1,0.35,month-to-month,dsl,electronic_check,basic,never
0,33.7,67.84,1,5,0,3.73,one-year,none,electronic_check,basic,never
0,52.3,88.43,1,2,1,2.84,month-to-month,dsl,electronic_check,plus,current
0,21.8,26.41,3,2,0,3.32,one-year,dsl,electronic_check,basic,never
0,15.1,58.07,3,2,1,2.6,month-to-month,dsl,electronic_check,basic,past
1,5.5,53.21,1,1,0,3.9,month-to-month,none,electronic_check,premium,never
0,16.1,46.49,3,4,2,3.62,month-to-month,fiber,credit_card,plus,never
1,3.1,75.05,3,1,0,2.49,month-to-month,fiber,electronic_check,basic,never
0,4.2,56.87,3,1,1,2.91,two-year,fiber,electronic_check,basic,never
0,0.2,98.13,3,2,0,4.34,month-to-month,dsl,credit_card,plus,never
0,2.0,39.95,2,1,1,3.85,month-to-month,dsl,credit_card,basic,never
0,16.2,65.85,2,1,0,0.0,month-to-month,dsl,bank_transfer,basic,current
1,7.1,108.27,3,3,0,3.53,month-to-month,fiber,credit_card,basic,never
1,7.0,81.93,2,3,1,2.39,month-to-month,none,electronic_check,basic,past
0,7.0,69.16,0,1,0,2.07,month-to-month,none,bank_transfer,plus,current
0,15.1,54.19,2,2,2,0.81,month-to-month,fiber,bank_transfer,plus,past
1,0.0,65.84,1,3,0,2.55,month-to-month,fiber,bank_transfer,basic,past
0,10.6,69.18,3,2,1,1.43,month-to-month,dsl,credit_card,basic,never
1,1.4,89.21,1,2,1,2.83,month-to-month,dsl,credit_card,basic,never
0,37.3,83.52,3,3,0,2.34,month-to-month,dsl,electronic_check,plus,past
0,27.2,113.96,1,3,1,3.97,two-year,fiber,bank_transfer,basic,current
0,21.9,62.6,2,2,0,1.2,month-to-month,dsl,electronic_check,basic,never
0,56.3,73.11,3,2,2,2.06,two-year,fiber,bank_transfer,plus,past
1,16.1,64.95,1,3,1,2.39,month-to-month,fiber,electronic_check,basic,never
0,6.5,25.28,2,2,0,2.16,two-year,fiber,electronic_check,basic,never
1,3.5,46.44,1,1,2,1.21,month-to-month,fiber,bank_transfer,basic,never
0,35.5,61.91,2,2,0,1.98,month-to-month,fiber,credit_card,premium,never
0,39.6,48.75,3,2,0,4.55,month-to-month,dsl,bank_transfer,plus,past
0,23.0,69.04,2,2,0,0.8,one-year,fiber,electronic_check,basic,never
0,10.1,16.83,1,4,0,2.93,month-to-month,dsl,credit_card,basic,current
1,2.2,52.29,2,2,2,2.7,month-to-month,fiber,electronic_check,basic,past
0,0.7,36.15,2,1,0,1.31,one-year,dsl,bank_transfer,basic,past
0,41.2,35.16,2,1,1,2.71,month-to-month,fiber,electronic_check,plus,past
0,8.1,73.37,3,1,2,2.54,month-to-month,fiber,electronic_check,plus,never
0,4.3,63.0,3,0,1,5.04,month-to-month,fiber,electronic_check,premium,past
0,14.9,62.82,2,1,0,3.45,month-to-month,fiber,bank_transfer,plus,current
0,28.8,83.86,2,2,0,2.44,two-year,fiber,electronic_check,plus,past
0,50.8,56.28,2,2,0,1.76,month-to-month,fiber,electronic_check,plus,never
0,36.3,89.21,2,1,0,5.44,month-to-month,dsl,bank_transfer,basic,never
0,1.6,81.45,4,2,0,2.4,one-year,fiber,credit_card,plus,current
0,2.7,73.39,2,4,2,2.6,two-year,dsl,electronic_check,basic,never
0,1.3,80.29,1,1,1,0.64,month-to-month,dsl,electronic_check,basic,past
0,27.4,72.54,2,1,1,2.7,month-to-month,fiber,bank_transfer,premium,current
0,4.4,62.1,3,2,0,2.93,two-year,fiber,credit_card,basic,never
1,2.0,76.45,3,2,1,1.43,month-to-month,fiber,electronic_check,basic,never
0,29.7,77.02,1,2,1,2.89,month-to-month,dsl,electronic_check,premium,never
0,22.2,75.23,3,3,0,1.62,month-to-month,fiber,credit_card,plus,never
0,61.4,89.89,2,1,0,1.5,one-year,dsl,electronic_check,premium,never
1,21.1,60.2,3,2,2,2.21,month-to-month,fiber,electronic_check,basic,past
0,10.1,84.51,2,2,0,3.05,one-year,fiber,electronic_check,basic,current
1,29.3,93.79,3,4,1,2.8,month-to-month,fiber,electronic_check,basic,past
0,24.7,71.48,2,4,0,5.0,month-to-month,fiber,electronic_check,basic,past
0,11.0,60.61,1,3,0,1.47,month-to-month,none,bank_transfer,basic,never
0,5.9,56.13,2,3,0,0.0,two-year,dsl,credit_card,basic,past
0,20.9,81.34,2,1,0,2.2,month-to-month,dsl,electronic_check,basic,past
0,39.8,81.7,2,1,0,3.47,month-to-month,dsl,bank_transfer,plus,past
0,14.6,94.3,4,2,0,3.5,month-to-month,dsl,bank_transfer,basic,never
0,4.7,62.54,3,4,1,2.34,one-year,dsl,electronic_check,basic,past
0,60.6,86.09,3,2,2,4.28,month-to-month,dsl,electronic_check,basic,never
1,1.0,63.52,1,1,0,1.99,month-to-month,none,electronic_check,basic,past
0,20.5,10.0,3,5,2,2.25,month-to-month,fiber,bank_transfer,basic,current
0,7.2,98.34,0,4,0,1.93,month-to-month,none,credit_card,basic,past
0,13.0,48.59,0,2,0,2.23,month-to-month,none,electronic_check,plus,never
0,7.9,44.76,3,2,1,1.74,month-to-month,fiber,bank_transfer,basic,never
0,4.2,10.0,2,2,0,2.55,month-to-month,fiber,electronic_check,plus,never
0,33.6,59.88,2,3,1,0.87,month-to-month,fiber,bank_transfer,premium,never
0,20.0,66.93,2,5,1,0.6,month-to-month,fiber,electronic_check,basic,current
1,15.5,53.45,1,3,1,5.14,month-to-month,fiber,electronic_check,basic,past
0,42.6,92.09,3,5,0,2.65,two-year,fiber,electronic_check,plus,current
1,1.3,99.43,2,1,0,2.7,month-to-month,fiber,electronic_check,plus,current
0,3.6,43.35,1,2,0,5.36,month-to-month,fiber,electronic_check,basic,past
0,10.6,52.67,3,1,1,1.06,two-year,fiber,bank_transfer,basic,never
0,18.7,86.39,2,4,0,0.39,one-year,dsl,bank_transfer,basic,past
0,8.7,44.15,3,5,0,1.11,one-year,dsl,electronic_check,basic,past
0,8.8,64.54,4,0,0,2.5,month-to-month,dsl,bank_transfer,premium,never
0,61.5,38.22,2,3,1,1.66,month-to-month,dsl,bank_transfer,plus,past
0,22.3,67.51,1,1,1,2.74,month-to-month,fiber,credit_card,plus,current
0,7.6,52.49,3,2,0,0.27,month-to-month,dsl,electronic_check,basic,past
0,6.6,96.08,3,2,1,3.88,month-to-month,fiber,credit_card,plus,never
1,8.2,86.42,4,3,1,0.25,month-to-month,dsl,electronic_check,basic,past
0,41.4,91.65,1,4,1,2.59,month-to-month,dsl,electronic_check,basic,never
1,9.7,103.35,3,5,2,2.09,month-to-month,fiber,electronic_check,basic,past
0,3.9,73.81,2,0,2,3.68,month-to-month,dsl,credit_card,plus,past
0,14.2,39.79,1,4,1,1.65,one-year,none,electronic_check,basic,past
0,14.0,82.37,2,2,0,1.28,month-to-month,dsl,electronic_check,basic,never
0,2.4,32.38,3,1,0,4.08,month-to-month,fiber,bank_transfer,basic,never
0,11.0,49.69,2,0,0,2.9,month-to-month,dsl,electronic_check,premium,current
0,28.4,103.45,1,1,1,1.76,two-year,fiber,electronic_check,basic,never
0,6.7,25.04,2,1,1,3.94,month-to-month,fiber,electronic_check,basic,past
1,21.0,79.72,2,2,2,3.05,month-to-month,fiber,electronic_check,basic,never
0,35.2,47.41,2,2,0,1.16,month-to-month,dsl,bank_transfer,basic,never
0,9.9,83.64,2,1,1,0.92,month-to-month,fiber,credit_card,basic,never
0,9.1,71.47,4,2,0,1.53,month-to-month,dsl,electronic_check,basic,current
0,0.6,119.03,1,1,1,2.35,two-year,none,bank_transfer,plus,never
0,8.9,85.59,1,3,1,0.82,month-to-month,dsl,credit_card,basic,never
0,32.7,91.93,4,1,0,4.3,one-year,fiber,credit_card,basic,current
1,62.3,125.75,2,4,2,4.33,month-to-month,fiber,electronic_check,basic,past
0,25.8,59.41,1,4,0,1.58,one-year,none,bank_transfer,basic,past
0,6.2,105.82,2,2,1,3.02,one-year,dsl,credit_card,basic,current
0,21.0,80.69,2,4,1,2.78,one-year,dsl,bank_transfer,plus,current
0,2.9,40.85,1,1,0,2.5,two-year,fiber,bank_transfer,basic,never
0,2.9,58.91,2,0,0,1.6,one-year,dsl,bank_transfer,plus,never
0,2.5,89.76,2,0,0,1.02,month-to-month,dsl,credit_card,plus,never
0,3.9,74.56,1,2,0,0.6,month-to-month,fiber,bank_transfer,basic,past
0,3.8,49.75,2,2,1,4.02,one-year,fiber,electronic_check,plus,never
1,8.0,74.83,2,4,0,1.63,one-year,fiber,credit_card,plus,never
0,17.6,64.39,2,2,1,3.97,two-year,fiber,electronic_check,basic,current
1,31.5,74.04,3,4,1,2.7,month-to-month,fiber,electronic_check,basic,past
0,12.3,57.81,2,0,0,2.58,month-to-month,fiber,electronic_check,plus,never
0,1.2,94.72,2,1,0,3.09,one-year,dsl,electronic_check,plus,never
0,15.2,22.89,2,2,1,1.88,month-to-month,fiber,electronic_check,basic,past
1,8.0,57.69,3,1,0,2.26,one-year,dsl,electronic_check,basic,past
1,2.6,70.13,3,1,0,1.05,month-to-month,fiber,electronic_check,basic,current
0,0.2,117.44,2,3,1,1.0,month-to-month,dsl,bank_transfer,plus,past
0,3.5,83.92,3,0,0,4.15,one-year,dsl,credit_card,plus,past
0,26.3,49.12,1,2,0,3.6,month-to-month,dsl,electronic_check,plus,never
0,3.1,72.29,2,0,0,1.84,month-to-month,fiber,bank_transfer,premium,never
0,51.7,77.16,1,3,0,4.96,month-to-month,fiber,bank_transfer,basic,never
0,0.4,55.85,1,2,0,2.54,two-year,dsl,electronic_check,basic,past
0,3.7,52.89,3,2,0,2.77,one-year,fiber,electronic_check,basic,current
0,26.6,100.09,4,3,2,5.27,one-year,fiber,electronic_check,basic,current
0,5.5,79.41,3,2,0,1.11,month-to-month,dsl,credit_card,premium,never
0,6.3,86.84,2,2,0,1.22,two-year,dsl,electronic_check,basic,never
0,17.4,72.47,1,0,1,1.21,month-to-month,fiber,credit_card,premium,never
0,25.4,89.83,1,4,0,3.37,one-year,dsl,electronic_check,basic,current
0,19.4,102.94,1,2,0,2.52,month-to-month,dsl,electronic_check,plus,current
0,2.3,44.48,3,1,1,2.34,one-year,fiber,credit_card,basic,never
1,4.7,108.28,2,3,0,1.83,month-to-month,fiber,electronic_check,basic,past
0,2.7,83.95,2,1,0,3.39,month-to-month,dsl,bank_transfer,plus,past
0,6.3,99.28,1,2,1,1.2,two-year,fiber,electronic_check,basic,never
0,26.8,105.24,2,2,1,2.51,month-to-month,fiber,bank_transfer,basic,current
0,4.2,67.41,1,3,1,2.08,two-year,fiber,bank_transfer,plus,past
0,16.7,101.73,1,0,0,1.7,one-year,fiber,electronic_check,plus,past
0,30.8,32.01,3,0,0,1.45,one-year,dsl,electronic_check,plus,current
0,61.0,34.71,1,3,0,3.19,one-year,dsl,bank_transfer,premium,never
0,11.9,103.27,2,2,1,2.8,two-year,fiber,electronic_check,plus,current
0,32.4,59.13,3,3,1,4.9,month-to-month,fiber,electronic_check,basic,past
0,2.2,76.54,2,5,0,0.95,two-year,fiber,electronic_check,basic,past
0,19.1,89.83,0,2,1,2.05,month-to-month,none,credit_card,basic,past
0,24.5,15.78,1,3,0,3.67,month-to-month,dsl,electronic_check,basic,never
0,10.8,64.62,1,4,1,2.29,two-year,fiber,electronic_check,basic,past
0,19.8,70.19,3,3,1,1.82,month-to-month,fiber,electronic_check,basic,never
1,3.4,84.68,4,3,0,2.43,month-to-month,dsl,electronic_check,basic,never
0,1.3,85.96,1,1,1,3.05,one-year,none,credit_card,basic,current
0,0.2,62.04,4,3,1,1.07,month-to-month,fiber,credit_card,basic,current
0,1.4,93.54,1,3,1,1.83,one-year,none,electronic_check,basic,past
0,28.4,70.34,3,3,0,4.17,one-year,dsl,electronic_check,basic,past
0,5.5,78.79,3,1,1,0.12,one-year,dsl,electronic_check,premium,past
0,0.6,47.57,2,4,1,2.3,month-to-month,fiber,bank_transfer,basic,never
0,34.0,72.74,3,2,0,0.82,one-year,dsl,bank_transfer,premium,never
0,12.2,27.08,0,1,1,0.58,one-year,none,bank_transfer,plus,never
0,2.0,42.34,2,4,1,1.03,month-to-month,dsl,credit_card,basic,never
0,14.8,80.15,1,6,2,3.51,two-year,none,electronic_check,basic,never
0,0.0,82.71,2,2,0,3.03,two-year,fiber,bank_transfer,premium,current
0,20.3,114.62,2,2,0,3.39,month-to-month,fiber,electronic_check,premium,past
0,72.0,44.02,2,3,1,3.75,two-year,fiber,credit_card,basic,past
0,16.9,69.82,2,3,2,3.65,two-year,fiber,electronic_check,plus,past
0,34.7,71.75,2,4,0,2.61,month-to-month,fiber,electronic_check,basic,never
0,25.6,59.31,2,3,0,3.54,one-year,fiber,credit_card,basic,past
0,25.9,58.34,2,1,0,1.94,two-year,fiber,bank_transfer,plus,current
0,23.8,79.37,2,3,1,3.42,one-year,fiber,bank_transfer,basic,past
0,29.3,73.31,4,1,1,4.51,month-to-month,fiber,electronic_check,plus,never
0,43.6,55.36,2,1,0,1.58,month-to-month,dsl,bank_transfer,premium,current
0,11.2,58.54,1,4,0,2.29,month-to-month,fiber,bank_transfer,basic,never
0,11.3,52.49,1,1,0,2.87,month-to-month,dsl,credit_card,plus,current
0,23.0,82.49,2,1,1,0.5,month-to-month,none,bank_transfer,premium,never
0,29.2,80.58,2,1,0,2.16,month-to-month,fiber,electronic_check,plus,current
1,7.0,88.05,3,3,0,4.12,month-to-month,fiber,electronic_check,basic,past
0,1.5,58.59,1,0,1,1.16,month-to-month,fiber,electronic_check,plus,past
0,11.7,28.57,2,1,1,2.91,month-to-month,dsl,electronic_check,premium,past
1,4.2,71.83,1,1,1,1.14,month-to-month,dsl,electronic_check,plus,never
0,23.7,37.47,2,1,0,3.36,two-year,none,credit_card,plus,past
0,58.6,95.56,1,4,1,0.63,month-to-month,fiber,credit_card,basic,never
0,34.8,69.92,3,4,0,2.85,month-to-month,fiber,electronic_check,plus,never
0,32.8,99.15,2,2,0,2.55,two-year,dsl,electronic_check,plus,never
0,6.6,67.57,2,0,1,3.62,one-year,fiber,electronic_check,premium,past
0,12.1,47.84,0,2,0,0.91,month-to-month,none,bank_transfer,basic,never
0,4.4,45.89,2,3,0,1.09,one-year,dsl,electronic_check,basic,never
0,39.8,69.3,2,0,1,3.4,month-to-month,fiber,electronic_check,plus,current
0,38.6,31.53,2,2,0,3.12,two-year,fiber,bank_transfer,basic,past
0,8.2,61.75,2,2,2,1.49,month-to-month,none,bank_transfer,basic,never
0,29.0,47.4,2,2,0,2.96,month-to-month,none,electronic_check,plus,current
0,21.5,102.09,4,1,1,0.55,month-to-month,dsl,credit_card,plus,never
0,22.7,78.02,3,2,1,1.58,month-to-month,fiber,bank_transfer,plus,past
1,11.7,102.77,3,1,0,1.6,month-to-month,fiber,credit_card,basic,past
0,4.3,93.69,3,2,3,2.01,month-to-month,dsl,bank_transfer,basic,never
0,32.7,78.24,3,1,0,4.33,month-to-month,fiber,bank_transfer,plus,never
0,15.7,69.55,1,3,1,3.9,month-to-month,dsl,electronic_check,basic,never
0,34.5,80.51,1,2,1,1.11,month-to-month,none,electronic_check,basic,past
0,3.1,57.42,1,4,0,4.17,month-to-month,fiber,electronic_check,plus,past
0,8.8,80.39,3,3,1,1.58,month-to-month,dsl,electronic_check,basic,never
1,4.7,48.42,2,5,0,4.81,one-year,fiber,electronic_check,basic,never
0,5.4,43.9,2,3,0,3.28,two-year,fiber,bank_transfer,basic,never
0,0.2,87.85,3,3,0,3.38,month-to-month,fiber,electronic_check,basic,current
1,7.0,76.15,1,3,1,0.6,month-to-month,fiber,electronic_check,basic,past
0,5.7,60.37,1,0,0,2.32,month-to-month,none,electronic_check,plus,current
0,1.0,90.36,4,1,1,0.09,month-to-month,dsl,credit_card,basic,current
0,2.8,75.14,3,1,1,0.64,month-to-month,dsl,credit_card,basic,past
1,21.9,50.95,2,4,1,3.59,month-to-month,fiber,electronic_check,basic,never
0,0.6,12.75,2,4,1,0.54,month-to-month,none,electronic_check,premium,current
1,19.7,109.11,2,5,0,3.52,month-to-month,dsl,credit_card,basic,past
1,9.5,55.21,2,1,1,3.43,one-year,fiber,electronic_check,basic,never
0,37.6,42.07,1,3,1,0.06,two-year,none,bank_transfer,premium,never
0,0.5,83.76,3,4,1,4.69,one-year,fiber,electronic_check,plus,past
0,2.7,36.56,3,1,1,2.06,one-year,dsl,electronic_check,plus,current
0,34.7,45.27,2,2,1,1.25,month-to-month,dsl,bank_transfer,plus,never
0,36.6,50.65,2,5,0,2.73,month-to-month,dsl,electronic_check,plus,current
0,14.6,63.24,2,4,1,1.88,month-to-month,fiber,electronic_check,basic,current
0,20.7,50.63,3,0,0,2.15,month-to-month,dsl,electronic_check,plus,never
0,59.5,108.47,0,3,3,3.17,month-to-month,none,credit_card,plus,past
1,10.5,80.02,2,2,0,1.14,month-to-month,dsl,bank_transfer,basic,past
0,26.9,89.3,2,2,2,0.69,two-year,fiber,bank_transfer,basic,never
0,3.2,52.67,1,3,1,1.91,month-to-month,none,bank_transfer,basic,never
0,10.0,84.49,3,2,0,0.75,month-to-month,dsl,bank_transfer,basic,never
0,24.3,42.74,2,2,0,2.76,month-to-month,fiber,electronic_check,basic,past
0,42.0,82.54,3,1,1,2.64,one-year,fiber,credit_card,basic,current
0,72.0,134.22,1,2,0,5.99,month-to-month,fiber,bank_transfer,basic,never
0,11.9,40.24,3,1,0,1.24,month-to-month,fiber,electronic_check,basic,never
0,1.3,29.93,3,3,1,1.74,month-to-month,dsl,bank_transfer,basic,past
0,1.8,70.83,2,2,0,2.2,month-to-month,fiber,electronic_check,plus,never
0,0.7,96.36,2,3,0,3.84,one-year,dsl,electronic_check,basic,never
0,10.2,27.82,0,2,1,1.95,two-year,none,electronic_check,basic,past
0,18.5,56.68,1,1,0,0.95,month-to-month,fiber,bank_transfer,basic,current
0,11.3,32.37,3,1,0,1.5,month-to-month,fiber,electronic_check,plus,current
0,1.0,27.65,2,2,2,2.69,one-year,none,bank_transfer,basic,never
0,1.1,78.38,2,4,0,2.17,one-year,dsl,credit_card,basic,past
0,29.4,61.57,1,2,1,3.76,month-to-month,dsl,bank_transfer,basic,current
0,14.7,48.29,2,2,0,2.07,month-to-month,dsl,electronic_check,basic,current
0,6.0,52.8,2,3,0,1.1,month-to-month,dsl,bank_transfer,basic,past
0,2.3,48.29,2,1,0,3.56,month-to-month,fiber,electronic_check,basic,current
0,2.0,83.21,1,2,0,2.4,one-year,fiber,electronic_check,plus,past
0,8.6,66.6,1,3,0,3.11,month-to-month,dsl,electronic_check,basic,never
0,0.3,82.4,3,2,0,0.6,month-to-month,fiber,electronic_check,basic,never
0,3.5,27.35,3,0,1,0.97,one-year,fiber,bank_transfer,plus,never
1,4.1,43.82,1,2,1,2.26,month-to-month,none,electronic_check,basic,past
0,39.7,103.8,1,2,0,0.97,month-to-month,none,electronic_check,basic,current
1,0.1,65.93,2,4,0,0.6,month-to-month,fiber,credit_card,basic,never
0,2.2,91.64,2,1,1,2.39,month-to-month,fiber,credit_card,basic,past
1,4.5,99.76,2,3,0,3.78,one-year,fiber,bank_transfer,basic,past
0,6.9,69.89,3,1,0,4.7,one-year,fiber,credit_card,plus,never
0,12.3,44.95,2,2,1,2.23,month-to-month,dsl,bank_transfer,premium,current
0,31.7,77.51,1,3,0,3.55,month-to-month,fiber,bank_transfer,plus,current
1,51.5,90.24,4,1,1,4.79,month-to-month,fiber,electronic_check,plus,past
0,4.5,60.19,2,1,0,2.12,two-year,dsl,electronic_check,basic,past
0,9.2,59.34,1,0,2,5.11,one-year,dsl,electronic_check,plus,never
0,20.0,56.36,1,1,1,3.5,two-year,fiber,credit_card,plus,past
0,6.1,123.85,2,1,1,2.06,one-year,fiber,credit_card,plus,past
0,1.6,60.21,4,3,0,2.53,one-year,fiber,credit_card,basic,never
0,4.4,100.62,3,4,0,2.21,month-to-month,dsl,credit_card,basic,current
0,0.3,44.37,3,1,1,4.03,one-year,fiber,electronic_check,plus,never
0,6.0,67.86,2,3,0,2.22,month-to-month,dsl,bank_transfer,plus,never
0,60.1,92.69,1,1,0,2.45,one-year,none,bank_transfer,premium,never
0,30.5,59.17,2,2,0,1.02,one-year,fiber,electronic_check,basic,past
0,13.1,49.29,2,1,0,2.89,month-to-month,fiber,bank_transfer,basic,never
1,47.0,98.35,3,3,2,2.09,month-to-month,dsl,electronic_check,basic,past
0,2.4,65.44,3,5,2,2.12,month-to-month,dsl,credit_card,basic,never
0,28.3,83.88,1,0,1,0.67,one-year,none,credit_card,plus,past
0,54.3,62.75,3,1,0,2.79,one-year,fiber,bank_transfer,basic,past
1,43.6,36.93,3,3,3,1.05,month-to-month,dsl,electronic_check,basic,current
1,2.2,87.52,2,3,1,2.45,month-to-month,fiber,credit_card,premium,past
1,9.2,92.97,1,0,0,2.79,month-to-month,dsl,bank_transfer,plus,past
0,8.4,80.39,1,2,1,0.7,two-year,dsl,credit_card,plus,past
0,12.6,64.49,2,0,1,1.6,month-to-month,dsl,credit_card,plus,past
0,7.0,78.76,2,1,1,2.42,two-year,none,electronic_check,plus,past
0,4.9,88.29,2,0,1,2.16,two-year,fiber,electronic_check,plus,never
0,31.7,33.58,2,3,0,2.24,month-to-month,dsl,credit_card,basic,never
0,10.2,109.74,3,3,1,2.81,one-year,dsl,credit_card,plus,current
0,14.8,66.67,2,2,1,1.65,month-to-month,dsl,bank_transfer,plus,never
0,31.3,70.59,2,1,1,2.92,month-to-month,fiber,credit_card,basic,never
0,21.6,40.62,1,1,1,0.68,month-to-month,dsl,electronic_check,basic,past
0,11.5,61.46,2,0,0,0.52,month-to-month,dsl,bank_transfer,premium,past
0,3.2,73.14,3,2,1,3.64,month-to-month,fiber,bank_transfer,basic,current
0,12.6,94.27,2,2,1,3.69,one-year,fiber,electronic_check,basic,never
0,16.3,78.46,1,1,0,3.7,month-to-month,dsl,bank_transfer,plus,current
1,23.4,62.25,2,3,0,0.98,month-to-month,fiber,electronic_check,basic,past
0,21.1,19.43,2,2,1,2.44,two-year,fiber,electronic_check,plus,never
0,12.0,69.11,2,2,0,0.67,two-year,dsl,electronic_check,basic,never
0,19.5,78.63,2,1,0,0.75,month-to-month,dsl,electronic_check,plus,past
0,20.2,17.22,3,3,1,1.8,month-to-month,dsl,electronic_check,basic,past
0,7.7,126.15,1,3,0,1.76,month-to-month,dsl,bank_transfer,basic,never
0,1.1,58.96,4,3,0,0.6,month-to-month,fiber,electronic_check,basic,past
0,8.6,126.16,1,4,0,1.45,two-year,dsl,electronic_check,plus,past
0,11.0,69.54,2,3,0,0.12,month-to-month,dsl,electronic_check,basic,past
0,50.9,64.49,3,2,1,3.8,month-to-month,fiber,electronic_check,basic,past
0,9.5,94.17,1,2,1,3.6,month-to-month,fiber,bank_transfer,basic,past
0,0.3,62.54,2,3,0,3.6,month-to-month,fiber,bank_transfer,basic,past
0,3.3,70.93,1,3,1,1.52,month-to-month,none,bank_transfer,basic,past
0,21.0,56.13,2,2,2,2.7,two-year,fiber,electronic_check,basic,never
0,21.4,75.68,2,1,0,2.19,one-year,fiber,bank_transfer,plus,never
0,34.8,79.79,2,2,1,1.77,month-to-month,dsl,bank_transfer,basic,current
0,25.7,74.84,1,2,0,2.37,two-year,none,credit_card,basic,past
0,25.5,94.34,1,2,0,3.34,month-to-month,fiber,electronic_check,plus,current
0,9.1,64.62,2,1,2,2.51,one-year,dsl,bank_transfer,plus,never
0,9.7,58.77,0,2,0,2.02,month-to-month,none,electronic_check,basic,never
1,39.5,46.39,4,1,1,1.18,month-to-month,dsl,electronic_check,basic,past
0,8.1,37.02,2,3,1,1.84,month-to-month,fiber,bank_transfer,basic,past
0,48.9,108.02,1,4,1,1.81,one-year,fiber,credit_card,basic,past
1,1.3,101.41,2,1,1,2.25,month-to-month,none,electronic_check,basic,past
1,5.2,45.99,2,2,2,2.29,month-to-month,dsl,electronic_check,basic,past
1,1.1,102.11,1,2,0,2.14,month-to-month,none,bank_transfer,plus,never
1,7.8,120.9,3,2,0,3.51,month-to-month,fiber,electronic_check,basic,current
0,31.8,33.74,1,2,1,1.74,month-to-month,dsl,electronic_check,basic,past
0,5.3,88.48,3,2,1,2.22,two-year,fiber,electronic_check,basic,current
0,11.5,95.78,1,2,0,0.49,two-year,none,electronic_check,plus,never
0,37.6,60.75,3,4,0,3.4,month-to-month,dsl,electronic_check,basic,never
0,0.4,82.24,2,3,2,1.77,month-to-month,none,bank_transfer,basic,current
0,4.9,40.3,1,1,0,1.4,month-to-month,fiber,electronic_check,plus,past
0,3.1,34.37,2,3,1,2.14,one-year,dsl,credit_card,basic,past
0,3.8,80.97,3,2,1,2.64,two-year,none,bank_transfer,basic,never
0,5.3,70.08,1,3,1,1.6,month-to-month,fiber,electronic_check,basic,current
1,17.9,85.95,1,2,1,0.17,one-year,dsl,electronic_check,basic,never
0,22.5,50.18,3,2,0,2.07,two-year,fiber,credit_card,premium,never
0,0.5,54.64,2,2,0,2.56,month-to-month,fiber,electronic_check,basic,never
0,22.8,68.68,3,4,0,2.41,two-year,fiber,bank_transfer,basic,never
0,0.2,96.63,4,2,0,0.6,month-to-month,fiber,electronic_check,basic,past
0,34.2,83.89,2,1,0,0.96,one-year,fiber,electronic_check,basic,current
0,0.6,73.67,2,1,2,4.06,one-year,fiber,electronic_check,plus,never
0,63.6,98.29,2,6,0,1.18,one-year,fiber,bank_transfer,basic,past
0,2.2,76.7,1,2,0,1.87,two-year,dsl,bank_transfer,basic,never
0,8.5,90.63,1,4,2,4.11,one-year,dsl,bank_transfer,basic,never
0,41.7,72.02,2,0,0,2.44,month-to-month,fiber,electronic_check,plus,never
1,34.9,73.09,3,2,0,1.18,month-to-month,dsl,electronic_check,basic,past
0,2.4,53.55,1,2,0,1.96,two-year,fiber,bank_transfer,plus,past
0,17.5,45.04,2,3,2,3.4,month-to-month,dsl,electronic_check,basic,past
0,0.3,44.88,3,2,0,2.29,month-to-month,fiber,electronic_check,plus,past
0,14.9,34.97,2,1,1,0.81,month-to-month,dsl,credit_card,basic,never
0,1.5,66.82,2,1,1,3.18,month-to-month,fiber,credit_card,basic,never
0,36.8,83.49,2,3,0,1.36,month-to-month,fiber,electronic_check,plus,past
0,22.0,113.91,2,3,0,2.76,month-to-month,dsl,electronic_check,basic,current
1,42.4,76.31,2,1,1,3.16,month-to-month,fiber,electronic_check,premium,never
0,7.6,103.71,1,0,1,3.06,month-to-month,fiber,bank_transfer,premium,never
1,21.9,73.06,0,2,1,3.38,month-to-month,none,electronic_check,basic,never
0,18.7,68.17,1,3,0,2.44,one-year,fiber,credit_card,basic,past
0,6.6,49.66,1,3,0,0.72,month-to-month,none,electronic_check,basic,past
0,5.8,44.97,1,1,3,0.26,month-to-month,none,bank_transfer,plus,past
0,4.9,100.3,2,2,1,2.54,one-year,dsl,electronic_check,basic,never
1,7.7,103.51,3,2,1,5.05,month-to-month,dsl,electronic_check,basic,never
0,6.9,86.99,3,2,0,4.77,month-to-month,dsl,electronic_check,premium,never
0,5.3,67.68,3,2,2,0.84,month-to-month,dsl,credit_card,basic,never
0,21.5,36.82,2,5,0,2.54,two-year,fiber,electronic_check,basic,past
0,10.2,54.25,3,0,0,2.2,month-to-month,dsl,electronic_check,plus,past
1,36.2,86.69,2,1,1,1.63,month-to-month,fiber,electronic_check,basic,past
0,8.4,68.46,3,0,3,2.35,month-to-month,dsl,bank_transfer,premium,never
0,21.8,104.2,1,0,1,2.49,two-year,dsl,credit_card,premium,never
1,13.6,96.41,1,5,0,4.76,month-to-month,fiber,credit_card,basic,past
0,15.2,60.4,1,1,0,2.57,month-to-month,dsl,electronic_check,plus,past
0,9.2,33.89,1,0,1,2.27,one-year,dsl,electronic_check,premium,past
0,17.5,103.99,2,2,0,6.53,two-year,fiber,credit_card,plus,past
0,5.1,72.82,3,1,0,3.51,month-to-month,none,electronic_check,plus,current
0,3.6,50.22,3,1,1,0.6,two-year,fiber,electronic_check,plus,past
1,2.6,77.19,1,6,0,3.07,month-to-month,dsl,electronic_check,basic,never
0,10.9,81.74,2,1,0,1.95,two-year,none,credit_card,premium,past
0,0.4,56.87,2,2,1,3.71,month-to-month,dsl,bank_transfer,plus,never
1,0.6,72.47,2,4,1,2.24,one-year,none,electronic_check,basic,never
0,15.1,59.46,2,3,0,3.84,two-year,fiber,electronic_check,basic,never
0,14.6,60.29,3,2,1,2.57,month-to-month,dsl,electronic_check,basic,past
0,70.7,101.61,2,1,1,1.6,one-year,dsl,bank_transfer,basic,never
0,8.0,72.44,2,5,0,2.29,month-to-month,none,bank_transfer,plus,current
1,17.8,82.38,3,2,1,2.75,month-to-month,dsl,credit_card,plus,past
0,15.9,33.16,2,1,2,0.73,month-to-month,dsl,bank_transfer,basic,never
0,54.0,62.18,3,1,0,2.71,one-year,none,electronic_check,basic,past
1,15.9,54.56,1,3,1,2.59,month-to-month,fiber,credit_card,plus,past
0,5.0,54.18,1,3,0,0.0,month-to-month,none,electronic_check,plus,never
0,17.1,62.2,1,1,1,1.57,month-to-month,dsl,credit_card,plus,past
0,50.1,71.91,1,1,0,2.62,month-to-month,none,bank_transfer,premium,never
0,36.7,58.57,1,3,0,1.39,month-to-month,fiber,electronic_check,plus,current
0,18.1,78.48,2,6,1,2.13,one-year,fiber,electronic_check,basic,past
1,23.9,72.58,2,2,2,2.28,month-to-month,dsl,electronic_check,plus,past
0,17.0,60.71,2,4,0,1.09,month-to-month,fiber,credit_card,basic,never
0,10.4,44.62,1,1,1,0.71,month-to-month,none,bank_transfer,plus,past
0,11.3,97.22,1,2,2,1.11,month-to-month,dsl,electronic_check,basic,never
1,7.6,116.26,1,3,1,4.19,month-to-month,dsl,bank_transfer,basic,past
0,7.6,63.37,3,1,1,2.29,month-to-month,dsl,electronic_check,basic,past
0,55.6,78.6,3,1,0,0.0,one-year,dsl,electronic_check,premium,never
0,3.3,56.2,2,1,0,2.86,month-to-month,fiber,electronic_check,premium,past
0,13.6,80.26,2,3,0,2.64,month-to-month,fiber,credit_card,basic,current
0,5.8,99.18,2,2,2,3.07,two-year,fiber,electronic_check,plus,current
0,2.3,62.09,2,1,0,3.16,month-to-month,dsl,bank_transfer,basic,never
0,20.7,63.68,2,2,0,3.46,one-year,dsl,credit_card,basic,current
0,46.9,50.77,0,1,0,2.41,one-year,none,credit_card,plus,never
0,14.2,93.39,1,1,1,1.38,month-to-month,none,credit_card,basic,current
0,3.5,70.11,2,2,0,2.47,one-year,fiber,credit_card,basic,past
0,5.2,63.84,0,2,3,0.32,one-year,none,electronic_check,basic,past
0,3.6,108.76,3,3,0,0.52,month-to-month,dsl,electronic_check,basic,never
1,31.8,51.85,2,0,1,3.09,month-to-month,fiber,electronic_check,plus,past
0,41.2,84.55,3,1,1,5.27,month-to-month,fiber,electronic_check,basic,never
0,15.4,106.58,2,1,0,3.79,two-year,fiber,electronic_check,plus,current
0,2.7,71.74,1,2,0,2.06,two-year,dsl,electronic_check,basic,never
0,8.9,85.19,2,3,0,2.07,month-to-month,dsl,electronic_check,basic,past
0,10.8,80.6,3,1,0,2.65,month-to-month,fiber,electronic_check,plus,past
0,54.3,81.6,1,1,0,1.42,one-year,dsl,credit_card,basic,past
0,17.4,60.27,3,4,3,4.07,one-year,fiber,electronic_check,basic,never
0,3.5,10.0,2,4,1,3.94,one-year,fiber,credit_card,plus,current
0,15.0,70.95,3,1,0,4.07,one-year,dsl,electronic_check,premium,never
0,8.2,65.93,2,2,0,1.15,one-year,dsl,electronic_check,basic,never
0,7.8,92.44,2,1,1,3.32,one-year,fiber,electronic_check,plus,never
0,9.2,109.91,2,1,0,1.28,month-to-month,dsl,electronic_check,basic,never
0,2.5,54.18,1,2,1,1.8,month-to-month,none,electronic_check,basic,current
0,40.4,54.21,3,3,0,2.88,one-year,dsl,credit_card,basic,past
1,13.8,115.55,3,2,0,2.37,month-to-month,fiber,bank_transfer,basic,never
0,7.1,90.05,2,2,0,0.98,month-to-month,dsl,credit_card,plus,never
0,17.3,115.03,3,3,2,3.02,month-to-month,fiber,bank_transfer,basic,past
0,3.5,107.65,1,4,1,3.06,month-to-month,none,electronic_check,basic,current
0,11.8,102.38,0,1,1,1.5,month-to-month,none,bank_transfer,premium,never
0,3.2,38.88,0,3,1,2.86,one-year,none,credit_card,basic,past
1,15.1,40.81,2,3,2,1.98,one-year,fiber,electronic_check,basic,past
0,8.9,104.98,3,1,0,2.24,month-to-month,fiber,credit_card,basic,never
0,8.9,106.6,2,4,0,3.14,month-to-month,fiber,credit_card,basic,current
0,5.4,49.59,3,1,0,1.87,month-to-month,dsl,electronic_check,basic,past
1,16.4,81.96,1,3,0,4.49,month-to-month,fiber,credit_card,basic,never
0,9.4,87.11,1,2,1,2.46,two-year,fiber,credit_card,basic,past
1,1.9,74.28,1,5,1,1.34,month-to-month,fiber,electronic_check,basic,never
0,2.8,61.69,1,1,3,3.51,two-year,dsl,electronic_check,basic,past
0,0.1,42.89,2,2,0,2.17,month-to-month,dsl,bank_transfer,basic,never
0,29.2,78.51,4,5,1,1.46,month-to-month,fiber,bank_transfer,basic,never
0,14.7,79.52,1,3,0,0.48,month-to-month,none,electronic_check,basic,never
0,2.4,66.13,2,3,0,3.13,month-to-month,fiber,electronic_check,plus,current
0,9.7,64.18,1,3,1,4.61,month-to-month,fiber,electronic_check,plus,past
0,2.6,84.64,3,2,0,3.92,one-year,fiber,bank_transfer,basic,never
0,14.7,57.36,4,2,1,2.26,month-to-month,fiber,electronic_check,plus,never
0,1.7,88.01,3,4,2,3.25,one-year,fiber,bank_transfer,premium,never
1,0.2,40.24,1,1,1,1.95,month-to-month,dsl,electronic_check,basic,past
0,0.8,82.66,2,1,1,2.99,month-to-month,none,electronic_check,plus,never
0,3.0,72.94,2,0,0,3.27,two-year,dsl,credit_card,plus,current
0,28.8,36.88,1,2,0,4.11,month-to-month,fiber,bank_transfer,basic,past
0,22.0,33.84,2,2,0,2.56,month-to-month,dsl,electronic_check,basic,current
0,7.4,35.7,2,2,0,2.15,month-to-month,fiber,credit_card,plus,past
0,19.4,99.85,2,5,1,1.54,month-to-month,dsl,credit_card,basic,current
0,45.6,61.24,3,1,0,3.8,month-to-month,fiber,credit_card,plus,never
0,26.3,78.63,2,2,1,2.13,month-to-month,none,bank_transfer,basic,current
0,29.9,72.84,3,2,0,1.36,month-to-month,dsl,bank_transfer,plus,never
0,32.8,82.05,3,3,0,1.69,month-to-month,fiber,electronic_check,basic,current
0,26.9,88.3,2,2,1,0.46,month-to-month,dsl,electronic_check,plus,past
0,0.6,128.99,1,1,1,1.68,month-to-month,fiber,electronic_check,plus,past
0,72.0,94.34,1,2,0,2.73,month-to-month,none,credit_card,basic,never
0,8.9,91.18,1,2,1,1.48,month-to-month,fiber,bank_transfer,basic,current
0,0.3,93.46,2,0,0,4.44,month-to-month,fiber,bank_transfer,plus,past
0,54.1,46.69,1,1,1,1.87,month-to-month,fiber,bank_transfer,basic,never
0,2.8,59.8,2,2,2,2.15,month-to-month,fiber,bank_transfer,plus,past
0,10.2,83.17,2,3,1,1.53,month-to-month,dsl,bank_transfer,plus,never
0,2.6,110.5,1,0,0,1.8,month-to-month,dsl,electronic_check,plus,never
0,48.0,27.53,1,1,2,3.13,two-year,fiber,bank_transfer,plus,past
0,3.4,90.62,2,0,0,1.77,month-to-month,fiber,bank_transfer,premium,current
0,17.2,57.55,2,3,0,4.06,month-to-month,dsl,electronic_check,basic,never
0,5.8,69.75,1,1,0,1.55,one-year,dsl,electronic_check,basic,past
0,49.0,122.8,3,0,0,1.87,one-year,dsl,electronic_check,plus,never
0,18.6,35.74,3,1,0,0.89,one-year,fiber,bank_transfer,plus,past
0,2.2,106.29,2,4,0,1.24,two-year,fiber,bank_transfer,plus,never
1,18.3,25.56,3,3,0,4.36,month-to-month,fiber,electronic_check,basic,past
0,24.7,83.27,1,1,0,3.54,month-to-month,fiber,bank_transfer,basic,past
0,21.6,56.89,2,3,0,1.31,month-to-month,dsl,credit_card,basic,past
1,6.8,83.13,0,2,0,2.49,month-to-month,none,credit_card,basic,past
0,30.5,91.11,1,1,1,3.42,one-year,fiber,electronic_check,plus,past
1,4.8,94.96,1,1,0,0.77,month-to-month,dsl,electronic_check,basic,past
0,50.5,84.33,1,3,1,2.52,one-year,fiber,bank_transfer,plus,current
0,15.7,79.83,2,3,0,0.57,month-to-month,none,electronic_check,plus,current
0,20.1,44.51,1,1,0,4.62,month-to-month,none,bank_transfer,premium,past
0,35.1,95.62,1,2,0,2.91,month-to-month,fiber,electronic_check,plus,past
0,45.6,88.84,0,2,1,3.85,month-to-month,none,bank_transfer,basic,past
0,2.7,91.55,2,2,0,3.56,one-year,fiber,electronic_check,premium,never
0,11.3,77.24,2,2,0,1.47,one-year,none,bank_transfer,plus,past
0,43.9,102.17,3,1,1,0.81,month-to-month,dsl,electronic_check,basic,never
0,4.7,99.67,1,1,1,2.02,one-year,dsl,electronic_check,plus,never
0,50.5,69.45,2,2,0,4.05,two-year,dsl,electronic_check,premium,never
0,6.6,39.72,0,1,0,2.02,month-to-month,none,electronic_check,basic,past
0,35.2,52.51,3,1,0,2.22,month-to-month,fiber,electronic_check,basic,current
0,3.1,79.51,0,0,1,0.24,one-year,none,electronic_check,plus,never
0,1.6,73.34,3,1,0,1.1,month-to-month,dsl,bank_transfer,premium,past
0,19.9,101.28,1,2,1,1.38,month-to-month,dsl,credit_card,basic,never
0,2.5,70.92,2,4,2,1.75,one-year,dsl,electronic_check,basic,current
1,2.0,109.23,1,0,0,0.06,month-to-month,dsl,electronic_check,plus,current
0,72.0,34.19,2,3,0,1.9,one-year,none,credit_card,basic,never
0,3.5,93.51,3,3,0,1.19,month-to-month,dsl,bank_transfer,plus,past
0,17.6,35.27,2,2,1,2.3,month-to-month,dsl,electronic_check,plus,never
0,8.6,27.31,1,1,2,4.01,month-to-month,none,credit_card,plus,past
0,11.5,63.1,1,2,1,0.38,one-year,none,bank_transfer,plus,current
0,1.2,72.69,3,0,1,2.52,month-to-month,fiber,electronic_check,premium,past
0,9.6,96.76,4,1,1,1.76,month-to-month,fiber,bank_transfer,basic,current
0,18.5,58.91,2,2,1,3.24,month-to-month,none,bank_transfer,plus,never
0,43.9,10.71,3,2,1,0.6,month-to-month,fiber,credit_card,basic,current
0,15.5,76.94,2,1,0,1.23,one-year,fiber,bank_transfer,plus,never
0,10.0,66.49,3,2,0,2.52,month-to-month,dsl,electronic_check,plus,current
1,31.7,93.24,2,3,1,2.71,month-to-month,fiber,credit_card,basic,past
0,3.6,73.45,1,1,0,1.91,one-year,dsl,bank_transfer,basic,never
0,60.9,82.61,2,2,1,1.75,one-year,dsl,electronic_check,basic,current
0,18.0,50.72,1,3,2,0.39,two-year,dsl,credit_card,basic,current
0,9.4,92.77,2,3,1,1.89,one-year,fiber,bank_transfer,plus,past
0,29.4,78.62,1,1,1,0.79,month-to-month,dsl,credit_card,basic,never
1,10.8,58.0,3,1,0,2.67,one-year,fiber,bank_transfer,basic,past
0,5.6,40.12,2,1,0,1.45,month-to-month,fiber,electronic_check,premium,never
0,6.1,64.97,1,2,1,3.06,month-to-month,fiber,bank_transfer,basic,never
0,30.4,77.89,1,2,1,3.77,month-to-month,none,electronic_check,basic,never
0,0.8,66.68,3,3,2,2.43,month-to-month,fiber,bank_transfer,basic,past
0,7.5,82.55,2,1,2,1.56,two-year,dsl,electronic_check,plus,never
1,29.3,75.99,2,1,1,5.17,month-to-month,fiber,electronic_check,basic,past
1,36.3,59.49,0,3,0,4.0,month-to-month,none,electronic_check,basic,past
1,3.0,29.03,2,3,1,3.74,month-to-month,fiber,credit_card,basic,past
0,20.6,74.11,1,8,1,3.23,month-to-month,none,credit_card,basic,never
1,7.2,58.03,2,2,0,2.86,month-to-month,fiber,electronic_check,basic,never
0,5.7,79.62,3,1,1,3.5,two-year,dsl,electronic_check,plus,current
0,6.0,71.62,1,1,0,2.21,one-year,dsl,credit_card,plus,past
0,25.0,60.92,1,3,1,1.83,month-to-month,dsl,electronic_check,basic,never
1,1.4,56.39,4,1,2,3.43,month-to-month,fiber,electronic_check,basic,past
0,10.1,61.26,2,2,0,0.47,one-year,dsl,electronic_check,basic,past
1,7.8,56.83,1,2,0,1.66,month-to-month,dsl,electronic_check,basic,past
0,13.2,55.26,2,1,1,3.65,month-to-month,fiber,electronic_check,plus,never
1,9.5,83.22,1,5,0,0.99,month-to-month,fiber,electronic_check,basic,never
0,61.8,106.56,1,0,0,0.92,month-to-month,none,electronic_check,plus,never
0,30.3,61.04,1,2,1,1.42,one-year,dsl,electronic_check,basic,never
0,9.1,17.72,2,2,0,0.6,two-year,fiber,electronic_check,plus,past
0,4.6,53.95,3,1,1,1.16,two-year,dsl,credit_card,plus,current
0,15.5,96.76,3,4,0,1.33,one-year,fiber,electronic_check,basic,current
0,11.4,43.41,3,1,0,1.43,month-to-month,fiber,bank_transfer,basic,never
0,21.7,95.33,1,3,0,3.66,month-to-month,dsl,electronic_check,basic,current
0,20.1,31.8,2,4,0,0.0,two-year,none,credit_card,basic,past
0,61.5,80.8,3,1,0,3.61,two-year,fiber,credit_card,basic,current
0,4.5,67.8,1,2,1,3.02,month-to-month,none,electronic_check,basic,never
0,21.4,64.27,2,2,0,0.6,one-year,fiber,credit_card,basic,past
0,11.6,112.01,1,3,0,1.3,two-year,dsl,credit_card,plus,past
1,7.5,105.17,2,3,1,1.3,month-to-month,none,electronic_check,basic,past
0,12.3,95.28,2,0,0,2.29,month-to-month,fiber,electronic_check,plus,never
0,34.0,90.92,1,1,1,2.3,two-year,dsl,electronic_check,plus,current
1,5.7,107.57,1,3,3,3.54,month-to-month,dsl,electronic_check,basic,never
0,6.9,98.61,3,2,1,0.74,month-to-month,dsl,bank_transfer,basic,past
0,30.4,67.62,2,4,1,1.95,two-year,fiber,bank_transfer,basic,past
0,38.1,63.87,3,0,1,2.14,two-year,fiber,electronic_check,plus,never
0,12.6,39.21,1,3,1,3.7,month-to-month,fiber,electronic_check,plus,current
0,13.9,40.18,3,2,1,0.91,month-to-month,none,electronic_check,basic,never
0,7.8,10.0,2,1,0,3.51,one-year,dsl,electronic_check,basic,past
0,47.7,80.6,2,2,0,2.39,one-year,fiber,electronic_check,basic,current
1,28.4,55.64,2,3,1,2.88,month-to-month,dsl,electronic_check,plus,current
0,72.0,98.77,3,4,0,0.56,month-to-month,dsl,electronic_check,basic,past
0,29.8,17.49,2,3,1,1.82,month-to-month,none,bank_transfer,basic,past
0,4.6,38.33,2,1,1,4.85,month-to-month,dsl,credit_card,basic,current
0,7.5,57.96,2,1,0,0.98,month-to-month,dsl,electronic_check,plus,past
0,58.8,55.7,2,1,2,0.6,month-to-month,fiber,bank_transfer,basic,past
0,36.3,84.54,1,2,1,3.37,month-to-month,none,bank_transfer,basic,past
0,10.3,153.57,1,1,0,1.67,two-year,none,electronic_check,basic,current
0,0.5,56.32,3,2,1,1.71,month-to-month,fiber,electronic_check,basic,current
0,2.7,105.47,2,0,0,0.6,month-to-month,fiber,credit_card,plus,current
0,32.5,82.07,2,3,0,2.22,two-year,fiber,electronic_check,basic,current
0,27.4,34.0,2,2,0,4.36,month-to-month,fiber,credit_card,basic,past
0,5.6,49.79,3,2,1,3.49,month-to-month,fiber,electronic_check,plus,past
0,29.3,44.09,1,1,0,0.6,month-to-month,fiber,electronic_check,plus,past
0,35.6,10.0,2,1,0,3.59,two-year,dsl,electronic_check,basic,never
0,1.8,83.19,3,3,0,2.1,one-year,fiber,bank_transfer,basic,never
0,20.3,36.99,1,1,2,3.15,month-to-month,fiber,electronic_check,plus,never
0,23.2,31.37,2,2,0,3.51,month-to-month,dsl,credit_card,basic,never
0,5.1,108.97,2,4,0,2.28,month-to-month,dsl,credit_card,premium,past
0,0.7,31.3,1,2,0,3.2,two-year,fiber,electronic_check,plus,past
0,4.2,74.41,2,0,2,3.05,month-to-month,fiber,bank_transfer,plus,never
0,0.1,50.34,1,1,2,2.53,two-year,dsl,credit_card,basic,past
0,43.9,20.13,2,3,1,4.22,one-year,fiber,electronic_check,basic,current
0,72.0,60.71,3,3,1,2.51,two-year,fiber,electronic_check,basic,current
0,23.2,68.02,3,4,0,2.27,month-to-month,dsl,bank_transfer,basic,never
0,14.9,48.15,1,2,1,3.67,month-to-month,dsl,credit_card,plus,current
0,21.8,81.32,3,1,0,5.31,month-to-month,fiber,electronic_check,premium,past
0,6.4,61.17,3,3,2,3.58,two-year,fiber,credit_card,basic,never
0,15.2,33.71,1,3,1,1.79,two-year,dsl,bank_transfer,plus,current
0,25.4,110.23,2,2,0,3.2,month-to-month,none,electronic_check,basic,past
0,22.4,68.21,1,3,1,2.96,month-to-month,fiber,credit_card,basic,never
1,18.0,27.85,3,1,2,0.86,one-year,dsl,bank_transfer,basic,never
1,2.5,67.59,1,3,4,3.47,month-to-month,none,bank_transfer,basic,never
1,16.0,50.95,2,1,1,3.4,month-to-month,dsl,credit_card,plus,past
0,70.9,69.2,2,4,2,2.46,month-to-month,dsl,credit_card,basic,never
0,5.4,23.82,1,3,1,2.51,month-to-month,none,bank_transfer,basic,never
1,10.7,66.16,1,1,0,0.75,month-to-month,fiber,bank_transfer,plus,past
0,10.2,100.18,1,8,2,1.86,one-year,dsl,credit_card,basic,past
0,23.1,66.06,1,1,0,1.6,one-year,dsl,electronic_check,plus,never
0,3.3,63.92,1,2,1,2.58,two-year,fiber,electronic_check,premium,never
0,4.2,74.26,4,2,0,1.94,one-year,dsl,electronic_check,basic,past
0,17.6,41.49,3,2,2,1.31,month-to-month,fiber,credit_card,basic,current
0,11.4,55.81,3,3,0,1.34,month-to-month,fiber,bank_transfer,basic,past
0,11.2,55.95,2,1,1,3.16,month-to-month,dsl,electronic_check,basic,current
0,13.3,64.17,0,1,0,3.2,two-year,none,electronic_check,plus,current
1,6.7,60.29,1,2,0,3.24,one-year,fiber,electronic_check,plus,never
0,50.5,108.94,2,3,0,3.09,month-to-month,fiber,credit_card,basic,current
0,43.5,65.2,3,3,0,2.8,month-to-month,fiber,credit_card,basic,current
0,19.3,70.85,2,1,0,3.23,one-year,fiber,credit_card,basic,past
0,3.9,69.78,2,1,0,4.86,one-year,dsl,bank_transfer,plus,past
1,23.6,98.3,2,2,0,3.92,one-year,fiber,credit_card,basic,past
0,20.5,78.69,3,3,0,2.75,two-year,fiber,electronic_check,basic,current
1,3.1,101.11,1,2,0,1.33,month-to-month,fiber,credit_card,basic,past
0,11.7,66.41,2,3,1,3.42,one-year,fiber,electronic_check,basic,never
0,9.6,87.0,2,3,2,1.24,month-to-month,dsl,bank_transfer,plus,past
0,10.9,71.71,2,1,0,1.44,one-year,dsl,credit_card,plus,current
1,12.9,85.97,3,0,1,2.3,month-to-month,fiber,bank_transfer,plus,never
0,15.0,46.17,2,2,1,3.4,month-to-month,fiber,credit_card,basic,past
0,18.1,22.98,1,0,0,2.72,month-to-month,none,electronic_check,plus,past
0,27.9,90.3,2,2,1,2.14,one-year,dsl,bank_transfer,basic,past
0,60.3,38.66,2,1,0,1.81,month-to-month,fiber,electronic_check,basic,past
0,15.2,102.72,1,4,1,1.11,month-to-month,none,credit_card,basic,past
0,19.9,68.83,2,1,0,2.54,month-to-month,dsl,bank_transfer,plus,past
0,10.8,61.53,2,3,1,3.88,one-year,fiber,bank_transfer,basic,never
0,7.5,36.81,2,3,1,2.72,month-to-month,none,credit_card,basic,never
0,24.2,77.46,3,2,0,1.9,month-to-month,fiber,bank_transfer,basic,never
0,28.7,79.04,2,1,0,0.0,month-to-month,dsl,bank_transfer,basic,current
0,28.9,90.59,2,0,1,4.03,one-year,fiber,credit_card,plus,past
0,3.8,85.36,2,2,0,0.76,month-to-month,dsl,credit_card,plus,never
0,4.0,98.22,0,3,0,2.63,month-to-month,none,credit_card,basic,past
0,15.1,70.59,2,1,1,2.1,month-to-month,fiber,bank_transfer,premium,past
0,34.3,48.59,2,3,1,3.04,month-to-month,none,electronic_check,basic,never
0,6.3,56.22,2,5,0,1.51,month-to-month,fiber,electronic_check,basic,past
0,0.7,78.38,2,4,1,4.48,month-to-month,dsl,credit_card,premium,never
0,34.4,74.68,2,2,1,3.65,month-to-month,fiber,electronic_check,basic,never
0,33.5,127.67,0,3,0,2.01,month-to-month,none,credit_card,basic,current
1,37.7,131.97,2,3,0,1.91,month-to-month,fiber,bank_transfer,basic,never
0,10.3,102.47,1,2,1,2.34,month-to-month,fiber,bank_transfer,basic,current
0,19.3,63.08,1,0,0,0.0,month-to-month,dsl,electronic_check,plus,current
0,15.4,60.96,4,2,1,2.07,month-to-month,dsl,bank_transfer,basic,current
0,26.4,103.35,1,2,2,0.86,month-to-month,none,bank_transfer,plus,never
1,19.2,37.12,3,3,0,2.45,month-to-month,dsl,credit_card,basic,past
0,30.4,110.24,3,2,0,2.88,month-to-month,fiber,credit_card,premium,never
0,1.2,82.56,3,2,1,4.15,one-year,fiber,bank_transfer,basic,current
0,38.9,115.85,1,2,0,3.15,one-year,dsl,electronic_check,plus,never
0,9.0,77.59,2,2,0,1.77,month-to-month,fiber,bank_transfer,plus,past
0,17.7,58.72,1,2,2,2.59,month-to-month,dsl,bank_transfer,basic,past
1,25.8,52.2,2,4,0,2.25,month-to-month,fiber,bank_transfer,basic,never
0,18.7,71.34,2,2,0,3.8,two-year,fiber,electronic_check,basic,current
0,2.0,28.31,2,3,0,2.58,month-to-month,dsl,electronic_check,basic,never
0,15.0,73.7,1,3,1,1.69,month-to-month,none,electronic_check,basic,past
1,19.3,71.43,2,0,0,3.04,month-to-month,dsl,credit_card,plus,current
0,2.1,52.83,1,4,1,1.73,month-to-month,fiber,credit_card,basic,current
0,10.4,76.94,3,3,0,1.38,month-to-month,dsl,credit_card,basic,past
0,30.1,38.2,2,0,1,2.86,two-year,fiber,credit_card,premium,past
0,21.2,116.89,2,0,0,1.63,month-to-month,fiber,electronic_check,plus,never
0,8.2,48.09,2,2,0,4.53,one-year,dsl,credit_card,basic,past
0,0.5,75.43,2,2,0,3.39,month-to-month,dsl,electronic_check,plus,current
0,17.8,43.22,3,0,0,2.62,month-to-month,fiber,credit_card,premium,current
0,8.9,77.11,1,2,1,3.6,month-to-month,fiber,credit_card,basic,never
0,3.1,27.36,2,2,1,2.3,two-year,fiber,bank_transfer,plus,past
0,20.6,35.6,2,1,0,2.85,month-to-month,fiber,electronic_check,basic,past
0,3.4,69.27,4,2,1,0.0,month-to-month,dsl,credit_card,basic,never
0,29.9,65.06,1,1,0,0.6,month-to-month,fiber,electronic_check,plus,never
0,22.6,101.27,1,0,2,2.62,month-to-month,fiber,credit_card,plus,never
0,6.9,70.57,0,1,0,1.92,month-to-month,none,bank_transfer,plus,current
0,9.7,79.51,3,2,1,2.56,month-to-month,dsl,bank_transfer,basic,never
0,0.6,100.56,1,3,1,3.8,two-year,none,electronic_check,basic,current
0,11.7,109.02,3,3,0,2.5,two-year,dsl,electronic_check,plus,never
0,4.2,91.15,2,4,0,4.7,month-to-month,fiber,electronic_check,basic,never
0,4.4,57.42,1,2,0,3.45,one-year,dsl,credit_card,basic,never
0,72.0,66.02,0,2,1,1.23,month-to-month,none,electronic_check,basic,past
0,5.1,73.78,3,2,1,1.74,month-to-month,fiber,electronic_check,basic,past
0,29.0,47.64,2,2,0,2.88,two-year,fiber,credit_card,basic,current
0,6.3,83.76,2,2,1,3.54,month-to-month,dsl,credit_card,plus,past
1,72.0,69.2,1,4,1,4.28,month-to-month,fiber,credit_card,basic,past
0,0.0,71.67,1,0,0,1.88,one-year,none,credit_card,plus,current
1,16.9,95.69,2,4,0,2.63,one-year,fiber,electronic_check,basic,past
0,64.6,41.32,4,3,0,4.16,two-year,fiber,bank_transfer,basic,past
1,7.5,101.45,2,2,0,1.13,month-to-month,dsl,credit_card,premium,past
0,12.8,74.98,1,3,1,5.0,month-to-month,fiber,electronic_check,basic,current
1,15.5,85.43,2,3,1,0.0,month-to-month,dsl,electronic_check,basic,past
1,13.3,68.4,1,2,2,1.86,month-to-month,none,credit_card,basic,past
0,10.6,41.29,2,2,0,5.23,month-to-month,fiber,bank_transfer,premium,past
0,21.9,85.48,2,2,0,1.43,month-to-month,dsl,credit_card,basic,past
0,0.4,43.17,1,2,0,4.37,month-to-month,fiber,electronic_check,basic,current
0,25.6,75.0,2,1,1,1.75,month-to-month,fiber,bank_transfer,basic,past
0,72.0,110.12,2,3,0,1.84,month-to-month,dsl,electronic_check,basic,never
0,26.7,68.09,2,5,0,1.62,month-to-month,dsl,electronic_check,basic,never
0,2.5,81.23,2,2,0,2.63,one-year,fiber,bank_transfer,basic,never
0,48.2,109.15,1,2,0,1.12,two-year,dsl,bank_transfer,basic,current
1,5.7,104.79,1,1,0,3.73,month-to-month,fiber,bank_transfer,plus,never
0,12.3,47.08,1,1,1,1.33,month-to-month,fiber,electronic_check,premium,past
0,10.1,30.49,3,4,1,1.73,month-to-month,dsl,bank_transfer,basic,past
0,27.5,80.56,2,1,0,4.54,two-year,fiber,electronic_check,plus,past
0,9.1,85.53,3,2,0,2.28,two-year,dsl,electronic_check,basic,never
0,27.8,69.28,2,2,1,2.76,two-year,dsl,electronic_check,plus,current
0,10.4,59.11,2,0,0,1.57,month-to-month,fiber,electronic_check,plus,past
0,4.4,80.14,2,3,0,2.97,month-to-month,fiber,electronic_check,basic,never
0,0.4,91.51,1,2,0,2.21,month-to-month,fiber,electronic_check,plus,past
0,9.8,89.2,1,0,1,1.56,month-to-month,none,electronic_check,plus,never
0,5.0,64.23,1,2,1,1.57,two-year,dsl,bank_transfer,basic,current
0,0.4,42.86,1,1,1,3.08,month-to-month,none,bank_transfer,basic,never
1,16.3,73.58,2,2,1,3.51,month-to-month,fiber,bank_transfer,basic,current
0,5.1,32.73,3,4,0,4.27,month-to-month,fiber,bank_transfer,basic,never
0,33.3,73.3,1,2,1,3.67,two-year,fiber,electronic_check,basic,current
1,4.2,54.48,1,5,3,0.0,month-to-month,dsl,electronic_check,plus,past
0,4.6,70.81,2,2,1,1.7,one-year,dsl,electronic_check,basic,past
0,4.9,89.05,1,3,0,1.68,month-to-month,fiber,credit_card,plus,never
0,7.7,90.9,2,3,2,1.81,one-year,dsl,electronic_check,basic,past
1,4.8,67.7,3,2,1,4.13,one-year,fiber,credit_card,basic,past
0,6.6,59.79,2,4,0,1.78,one-year,dsl,electronic_check,basic,past
0,9.4,48.04,1,2,1,2.59,month-to-month,fiber,credit_card,basic,never
0,18.5,115.85,2,2,2,2.53,month-to-month,fiber,bank_transfer,basic,current
0,36.2,72.4,1,1,2,3.21,one-year,none,electronic_check,plus,past
0,11.9,24.97,1,1,1,1.91,month-to-month,none,credit_card,basic,current
0,10.9,64.89,3,1,1,1.2,month-to-month,dsl,electronic_check,basic,never
0,32.1,74.13,4,4,0,2.16,one-year,dsl,electronic_check,basic,current
0,43.8,48.97,4,1,0,4.4,two-year,fiber,credit_card,plus,current
0,39.4,85.24,2,1,0,2.53,one-year,dsl,bank_transfer,plus,past
1,17.3,79.02,2,2,1,2.41,month-to-month,fiber,bank_transfer,basic,never
1,17.4,47.37,1,4,1,2.52,one-year,fiber,electronic_check,basic,past
0,18.2,115.32,2,3,0,1.8,two-year,fiber,electronic_check,basic,never
0,1.6,53.22,1,1,1,1.04,month-to-month,none,credit_card,basic,past
0,19.9,46.78,1,0,1,1.03,month-to-month,fiber,electronic_check,premium,never
0,13.0,97.52,1,4,0,2.24,month-to-month,fiber,credit_card,basic,current
0,1.6,89.01,2,2,0,1.26,month-to-month,dsl,electronic_check,basic,never
0,9.9,51.69,1,1,0,0.15,month-to-month,dsl,credit_card,basic,never
1,1.4,52.9,3,4,0,3.2,month-to-month,fiber,bank_transfer,basic,never
0,31.0,74.92,2,1,0,1.98,two-year,fiber,credit_card,plus,past
0,14.0,40.14,1,3,0,1.2,month-to-month,none,electronic_check,basic,never
0,10.7,51.94,2,2,1,2.81,month-to-month,fiber,bank_transfer,basic,past
0,25.6,89.22,2,2,0,2.07,month-to-month,fiber,electronic_check,plus,current
0,8.8,51.93,3,1,1,1.45,month-to-month,fiber,electronic_check,plus,past
1,6.8,81.33,2,2,1,1.16,month-to-month,fiber,bank_transfer,plus,past
0,16.7,85.49,2,2,2,1.42,month-to-month,dsl,electronic_check,basic,never
0,24.7,86.27,3,2,0,1.73,one-year,dsl,electronic_check,basic,past
0,8.8,99.69,2,4,0,1.53,one-year,fiber,credit_card,basic,past
0,25.9,85.45,1,3,1,2.01,two-year,fiber,bank_transfer,plus,never
0,6.4,33.81,1,0,0,2.94,two-year,dsl,electronic_check,premium,past
1,41.2,88.79,2,2,1,2.22,month-to-month,dsl,electronic_check,basic,past
0,1.2,96.05,2,3,1,3.55,month-to-month,fiber,credit_card,basic,current
0,4.7,102.06,1,2,0,5.14,one-year,fiber,electronic_check,basic,never
0,20.0,69.05,2,1,1,3.06,month-to-month,fiber,electronic_check,plus,never
0,2.9,78.44,2,2,0,2.24,two-year,dsl,credit_card,basic,past
0,36.1,64.44,3,3,0,3.54,month-to-month,fiber,electronic_check,basic,never
0,15.1,59.31,0,4,0,0.3,month-to-month,none,bank_transfer,premium,never
0,16.4,82.06,1,4,0,1.03,month-to-month,none,electronic_check,basic,past
0,18.0,92.37,3,2,1,4.45,month-to-month,fiber,credit_card,basic,current
0,11.8,67.74,3,1,2,4.07,month-to-month,dsl,bank_transfer,plus,never
1,12.2,66.68,3,3,1,3.88,month-to-month,fiber,electronic_check,basic,never
0,3.4,10.0,3,1,0,1.96,two-year,dsl,electronic_check,plus,past
0,11.1,54.81,2,1,0,2.78,one-year,fiber,bank_transfer,plus,current
0,2.6,53.82,2,1,1,1.78,two-year,fiber,electronic_check,plus,past
0,10.2,79.61,1,2,2,4.67,two-year,dsl,electronic_check,plus,past
0,37.4,125.97,2,2,1,3.3,one-year,fiber,bank_transfer,basic,never
1,1.4,51.81,1,1,0,3.72,two-year,fiber,electronic_check,basic,current
0,63.0,45.27,3,1,0,2.7,one-year,fiber,electronic_check,plus,never
0,20.2,36.47,1,2,0,1.42,month-to-month,dsl,electronic_check,basic,current
1,4.5,44.46,2,2,0,0.0,month-to-month,dsl,electronic_check,basic,never
0,21.8,74.32,4,1,0,2.53,month-to-month,fiber,credit_card,basic,never
0,4.0,48.05,3,1,1,4.3,month-to-month,dsl,credit_card,basic,never
0,2.2,49.39,1,2,0,2.4,one-year,none,electronic_check,plus,never
0,1.3,72.99,3,3,1,2.65,two-year,fiber,bank_transfer,basic,past
0,42.5,99.23,1,3,0,2.1,one-year,fiber,credit_card,plus,never
1,2.3,99.33,3,1,0,3.2,month-to-month,fiber,bank_transfer,basic,never
1,33.1,92.9,2,1,1,5.44,month-to-month,fiber,bank_transfer,premium,never
0,9.1,81.93,2,3,0,3.66,two-year,fiber,bank_transfer,basic,never
0,22.7,105.36,1,1,0,2.53,two-year,none,bank_transfer,premium,never
0,13.0,58.74,1,2,0,2.69,month-to-month,fiber,electronic_check,basic,current
0,8.4,10.87,2,2,1,3.33,month-to-month,dsl,electronic_check,basic,past
1,14.7,60.73,3,3,0,1.89,month-to-month,fiber,bank_transfer,basic,past
0,3.5,60.68,2,2,0,0.16,month-to-month,dsl,credit_card,basic,never
0,45.0,48.73,1,3,1,2.38,two-year,fiber,electronic_check,plus,never
0,5.6,34.25,2,1,0,4.06,month-to-month,fiber,electronic_check,basic,past
0,30.9,59.01,2,1,0,0.42,month-to-month,dsl,electronic_check,basic,past
0,7.5,77.07,2,3,1,0.72,one-year,fiber,electronic_check,basic,past
0,4.7,50.62,3,2,0,3.51,month-to-month,fiber,bank_transfer,basic,never
0,2.9,76.2,3,1,0,0.6,month-to-month,fiber,electronic_check,plus,past
1,4.3,108.23,3,3,2,0.86,month-to-month,none,electronic_check,basic,never
0,0.3,76.05,2,2,1,0.05,month-to-month,dsl,electronic_check,plus,current
0,72.0,93.14,3,3,0,2.82,month-to-month,dsl,electronic_check,plus,never
0,7.5,28.81,3,2,3,2.54,month-to-month,fiber,electronic_check,basic,current
0,10.1,63.38,2,1,1,2.94,month-to-month,fiber,electronic_check,plus,past
1,6.8,58.05,2,2,1,3.06,month-to-month,fiber,electronic_check,premium,past
0,3.6,62.77,4,1,1,2.63,month-to-month,fiber,electronic_check,plus,current
0,8.6,104.6,3,2,0,3.34,month-to-month,fiber,electronic_check,basic,never
0,4.0,88.35,2,4,0,3.1,two-year,fiber,electronic_check,premium,never
0,15.1,42.58,1,2,2,1.61,one-year,fiber,credit_card,basic,past
0,5.0,74.02,2,3,1,4.48,two-year,fiber,bank_transfer,basic,never
0,12.5,61.05,2,5,1,3.31,two-year,dsl,electronic_check,basic,past
0,12.9,46.01,2,3,1,3.11,month-to-month,none,electronic_check,basic,never
0,14.1,47.27,2,1,1,3.41,month-to-month,fiber,bank_transfer,plus,current
0,1.9,61.58,2,3,2,2.63,two-year,fiber,electronic_check,basic,past
0,20.5,107.63,2,2,1,0.35,month-to-month,dsl,bank_transfer,plus,never
0,6.5,71.6,4,1,1,1.12,one-year,fiber,electronic_check,basic,never
0,23.6,54.02,2,3,1,2.1,two-year,fiber,electronic_check,basic,past
0,17.5,71.64,2,1,0,3.35,month-to-month,fiber,electronic_check,plus,never
0,2.1,58.92,1,1,0,2.12,month-to-month,dsl,electronic_check,premium,never
0,19.8,105.51,1,2,0,2.36,month-to-month,fiber,credit_card,basic,never
1,1.8,129.9,1,2,0,3.77,month-to-month,dsl,electronic_check,basic,never
0,11.9,92.58,1,2,0,1.08,month-to-month,none,bank_transfer,basic,never
0,5.8,88.25,2,1,0,1.78,month-to-month,none,credit_card,basic,never
0,42.7,45.39,1,4,1,2.71,month-to-month,fiber,electronic_check,basic,past
0,6.1,66.71,3,4,0,2.18,one-year,dsl,credit_card,basic,past
0,18.2,71.2,1,1,2,3.4,month-to-month,fiber,electronic_check,plus,past
0,30.6,78.25,2,1,0,3.46,one-year,fiber,electronic_check,plus,current
0,1.9,68.99,2,1,0,2.23,month-to-month,none,electronic_check,basic,never
0,17.0,62.65,3,2,0,3.74,month-to-month,fiber,bank_transfer,basic,past
0,3.4,50.33,3,2,0,2.71,month-to-month,fiber,credit_card,basic,current
0,19.4,38.57,2,2,0,4.45,month-to-month,fiber,credit_card,basic,never
0,3.4,50.79,2,2,1,3.85,one-year,fiber,credit_card,basic,past
0,20.0,70.55,2,1,0,1.31,month-to-month,dsl,bank_transfer,plus,current
1,1.2,70.48,2,3,1,2.37,month-to-month,fiber,bank_transfer,basic,past
0,2.9,91.97,3,1,1,2.12,one-year,dsl,electronic_check,plus,never
0,47.7,66.04,3,2,1,1.92,month-to-month,dsl,electronic_check,basic,past
0,7.2,77.94,2,3,0,3.19,one-year,dsl,bank_transfer,basic,past
0,8.0,59.35,2,4,0,1.6,month-to-month,none,bank_transfer,basic,past
1,72.0,96.55,1,1,1,2.6,month-to-month,dsl,electronic_check,plus,current
0,57.9,70.61,2,2,1,2.7,one-year,fiber,electronic_check,plus,past
0,47.3,73.04,1,1,0,4.32,month-to-month,fiber,credit_card,basic,never
0,31.3,71.54,1,1,1,4.21,month-to-month,dsl,electronic_check,basic,current
0,4.4,62.75,3,3,0,2.65,month-to-month,dsl,electronic_check,plus,current
0,1.0,81.65,1,1,0,2.33,month-to-month,none,credit_card,basic,never
0,8.8,84.59,1,2,0,1.21,one-year,dsl,bank_transfer,basic,never
0,12.8,101.91,2,2,0,3.85,month-to-month,fiber,electronic_check,basic,never
0,7.9,54.18,2,2,1,4.67,month-to-month,fiber,electronic_check,basic,never
0,37.3,49.14,2,2,0,2.64,two-year,fiber,bank_transfer,basic,never
0,72.0,65.25,3,0,0,2.54,month-to-month,dsl,bank_transfer,premium,current
0,17.7,56.9,1,2,0,2.11,one-year,fiber,electronic_check,basic,past
0,4.2,115.65,3,4,0,1.11,month-to-month,fiber,bank_transfer,plus,current
0,40.3,54.61,1,4,0,2.89,month-to-month,dsl,credit_card,basic,past
0,3.3,87.62,4,2,0,4.4,month-to-month,fiber,bank_transfer,basic,never
0,14.7,70.11,2,2,0,3.33,month-to-month,dsl,bank_transfer,basic,current
0,29.7,52.37,2,2,0,0.6,month-to-month,fiber,electronic_check,basic,never
0,5.1,58.1,1,4,1,2.16,two-year,fiber,electronic_check,basic,never
0,4.5,44.65,2,4,0,1.43,two-year,fiber,credit_card,basic,current
0,14.9,55.73,2,2,0,3.74,two-year,fiber,bank_transfer,premium,never
0,8.8,30.24,3,1,2,3.05,two-year,dsl,electronic_check,plus,current
0,5.1,49.4,2,2,0,1.74,month-to-month,dsl,credit_card,basic,past
0,34.5,86.35,3,0,0,0.1,one-year,dsl,electronic_check,plus,current
0,11.0,76.5,3,4,1,2.61,two-year,fiber,electronic_check,basic,past
0,9.8,64.62,0,5,1,2.72,month-to-month,none,credit_card,basic,current
1,3.5,81.9,2,1,0,2.36,one-year,fiber,electronic_check,basic,never
0,9.6,40.81,1,2,1,0.1,month-to-month,none,bank_transfer,basic,past
0,0.5,79.91,2,2,1,1.46,month-to-month,dsl,electronic_check,plus,never
0,27.5,68.33,3,2,0,2.08,one-year,dsl,electronic_check,basic,past
0,25.8,98.24,0,4,1,3.84,one-year,none,credit_card,basic,never
0,29.8,73.91,1,1,2,0.47,one-year,dsl,electronic_check,plus,past
0,6.3,70.48,3,1,1,0.47,month-to-month,dsl,electronic_check,plus,past
1,21.0,82.56,2,3,1,4.01,two-year,fiber,credit_card,basic,past
0,23.3,21.97,2,2,0,1.07,month-to-month,none,bank_transfer,plus,current
0,32.5,104.9,4,3,1,3.08,one-year,fiber,credit_card,basic,never
0,2.3,10.87,2,0,0,0.67,month-to-month,fiber,credit_card,plus,current
0,4.8,63.58,0,2,1,2.88,month-to-month,none,electronic_check,basic,past
0,3.4,72.92,1,3,0,0.6,month-to-month,fiber,bank_transfer,basic,never
0,8.9,59.33,1,4,1,2.52,month-to-month,none,electronic_check,basic,current
0,37.3,85.96,2,2,1,1.51,one-year,dsl,bank_transfer,plus,never
0,14.2,60.35,3,0,0,2.31,month-to-month,dsl,electronic_check,plus,never
0,41.0,75.53,2,2,1,2.66,one-year,dsl,credit_card,plus,past
0,1.9,77.91,2,2,0,2.22,month-to-month,fiber,electronic_check,plus,past
0,24.5,67.9,2,2,0,2.11,month-to-month,fiber,credit_card,basic,past
1,12.1,80.6,1,3,1,2.21,month-to-month,fiber,electronic_check,basic,past
0,11.4,45.24,3,3,0,2.03,month-to-month,fiber,electronic_check,basic,never
0,9.3,32.03,1,3,1,2.35,month-to-month,fiber,electronic_check,basic,current
0,17.1,103.18,1,2,1,0.93,two-year,fiber,electronic_check,basic,never
1,6.0,13.59,2,2,1,0.6,month-to-month,fiber,credit_card,basic,past
0,18.1,57.08,2,1,0,3.36,one-year,dsl,bank_transfer,basic,past
0,24.4,32.3,2,2,0,2.97,one-year,none,credit_card,basic,past
0,7.0,102.92,2,2,0,0.96,one-year,dsl,electronic_check,plus,never
0,1.8,68.55,2,2,2,0.58,one-year,dsl,credit_card,basic,never
0,8.5,78.2,1,2,2,2.24,month-to-month,fiber,credit_card,basic,past
0,4.8,92.02,3,2,0,1.57,two-year,fiber,bank_transfer,basic,past
1,0.6,66.33,2,5,1,4.57,month-to-month,fiber,electronic_check,basic,past
0,31.4,70.44,3,3,1,0.46,two-year,dsl,electronic_check,basic,never
1,22.9,62.96,2,1,0,1.93,month-to-month,dsl,bank_transfer,plus,past
1,1.1,74.39,1,5,1,2.49,month-to-month,fiber,electronic_check,basic,past
0,7.7,56.77,2,2,2,2.72,month-to-month,dsl,credit_card,plus,never
0,6.7,45.41,3,6,0,0.6,one-year,fiber,electronic_check,basic,never
1,30.0,127.97,3,1,1,2.56,month-to-month,fiber,electronic_check,basic,never
1,14.4,84.87,2,4,0,1.91,month-to-month,fiber,bank_transfer,basic,never
0,9.6,50.48,3,0,0,3.6,month-to-month,fiber,electronic_check,plus,past
0,44.2,69.68,4,0,0,1.08,month-to-month,dsl,electronic_check,plus,past
0,5.4,99.88,2,3,0,3.2,month-to-month,fiber,bank_transfer,plus,past
0,11.7,69.54,1,2,0,0.67,two-year,dsl,credit_card,basic,past
0,36.7,80.07,1,3,0,1.08,month-to-month,fiber,bank_transfer,basic,past
0,1.4,69.39,2,2,0,2.5,month-to-month,none,credit_card,plus,past
0,37.4,68.84,2,3,1,2.54,month-to-month,fiber,electronic_check,basic,past
0,8.8,56.82,1,2,1,2.47,month-to-month,dsl,electronic_check,basic,current
0,24.2,75.91,1,5,0,2.74,one-year,fiber,electronic_check,plus,past
0,6.8,20.78,2,2,1,1.39,month-to-month,none,credit_card,plus,past
0,14.6,56.32,3,1,2,2.07,two-year,fiber,electronic_check,basic,past
0,59.1,68.87,1,2,0,1.41,month-to-month,fiber,electronic_check,plus,current
0,26.3,31.1,2,0,0,1.98,month-to-month,fiber,electronic_check,plus,never
0,17.2,74.17,3,0,1,1.7,month-to-month,fiber,electronic_check,plus,past
1,11.8,40.59,3,4,1,1.98,month-to-month,fiber,electronic_check,basic,past
1,12.1,42.92,1,7,1,0.6,month-to-month,fiber,bank_transfer,basic,past
0,24.0,88.91,2,3,0,2.19,month-to-month,fiber,credit_card,plus,never
1,17.6,73.66,3,2,0,3.76,month-to-month,fiber,electronic_check,basic,current
0,6.8,80.62,2,4,0,4.6,month-to-month,fiber,credit_card,basic,never
1,18.1,120.52,2,1,1,3.04,month-to-month,dsl,credit_card,basic,past
0,19.5,50.01,0,1,0,2.23,month-to-month,none,electronic_check,plus,never
1,12.7,88.93,2,6,3,1.7,month-to-month,fiber,electronic_check,basic,past
0,43.7,80.68,0,3,0,2.77,month-to-month,none,electronic_check,basic,past
0,15.2,22.66,2,1,1,2.29,one-year,fiber,bank_transfer,basic,never
0,9.4,105.71,0,3,1,2.0,two-year,none,bank_transfer,basic,never
0,25.2,52.64,1,2,0,2.07,two-year,fiber,electronic_check,basic,past
0,21.3,58.01,4,2,0,3.1,two-year,dsl,bank_transfer,basic,past
0,12.7,87.88,3,2,0,2.29,month-to-month,dsl,bank_transfer,plus,past
0,1.0,31.34,1,3,0,3.28,one-year,fiber,bank_transfer,premium,current
0,52.6,27.38,1,3,0,3.36,month-to-month,fiber,electronic_check,basic,past
0,5.6,10.0,1,2,0,2.39,one-year,fiber,electronic_check,basic,past
0,30.7,86.99,2,2,1,2.17,one-year,fiber,electronic_check,basic,past
0,6.8,64.06,4,1,1,3.5,month-to-month,dsl,bank_transfer,plus,never
0,39.7,93.65,3,4,1,2.85,two-year,fiber,electronic_check,basic,current
0,12.4,55.78,1,4,1,1.8,month-to-month,fiber,bank_transfer,plus,current
0,11.2,87.54,3,2,1,1.9,month-to-month,fiber,credit_card,plus,never
0,17.9,47.93,3,0,1,3.32,month-to-month,dsl,electronic_check,plus,current
0,43.0,37.63,2,1,0,2.02,one-year,dsl,bank_transfer,plus,past
0,2.9,46.3,2,1,1,2.11,month-to-month,fiber,credit_card,basic,past
0,9.8,82.23,3,3,0,2.93,month-to-month,fiber,electronic_check,basic,never
0,16.9,60.11,1,3,0,1.78,month-to-month,dsl,electronic_check,plus,past
0,1.9,66.49,2,4,1,1.68,one-year,dsl,electronic_check,basic,past
1,4.0,90.88,2,2,1,0.6,month-to-month,fiber,electronic_check,basic,never
0,0.0,69.15,3,1,1,0.56,one-year,dsl,bank_transfer,premium,never
0,38.0,113.95,1,2,0,2.53,month-to-month,fiber,electronic_check,basic,never
0,5.6,68.64,3,3,1,1.17,month-to-month,none,electronic_check,premium,past
0,35.1,54.19,2,0,0,1.2,month-to-month,dsl,electronic_check,plus,never
0,32.7,29.3,2,1,0,3.74,month-to-month,fiber,bank_transfer,basic,never
0,10.6,34.48,1,2,0,1.88,two-year,none,electronic_check,plus,past
0,13.5,68.14,1,2,1,3.73,month-to-month,fiber,electronic_check,basic,past
0,1.9,94.62,2,3,1,2.73,month-to-month,none,electronic_check,basic,never
0,2.2,62.84,1,1,1,1.31,month-to-month,dsl,bank_transfer,premium,past
0,7.8,37.21,2,0,0,1.84,month-to-month,fiber,electronic_check,plus,never
0,2.3,54.77,1,1,0,2.8,month-to-month,fiber,electronic_check,basic,current
0,38.0,47.75,1,2,0,2.38,month-to-month,fiber,electronic_check,basic,never
0,16.4,29.53,2,2,0,3.64,month-to-month,fiber,bank_transfer,basic,never
1,11.3,74.76,3,1,3,3.06,two-year,fiber,electronic_check,plus,past
0,55.9,58.82,1,1,1,3.05,month-to-month,dsl,bank_transfer,basic,never
0,2.4,79.34,1,3,0,1.42,month-to-month,none,credit_card,basic,past
0,1.4,71.96,2,0,1,1.93,month-to-month,dsl,credit_card,premium,past
0,23.2,33.56,1,6,0,0.43,two-year,dsl,electronic_check,basic,current
0,28.4,48.3,2,3,0,2.04,month-to-month,dsl,electronic_check,plus,past
0,5.1,98.51,2,2,1,3.21,month-to-month,fiber,electronic_check,plus,past
0,9.2,109.98,2,1,1,0.0,month-to-month,dsl,electronic_check,basic,never
0,1.5,17.29,3,1,1,1.69,month-to-month,dsl,bank_transfer,plus,past
0,46.5,19.96,2,2,0,2.67,month-to-month,fiber,electronic_check,premium,past
1,0.6,106.02,2,2,1,0.0,month-to-month,dsl,electronic_check,basic,never
0,8.7,76.62,3,2,1,0.74,month-to-month,dsl,credit_card,basic,never
0,7.1,46.1,4,0,1,3.56,month-to-month,dsl,credit_card,plus,never
0,5.5,87.64,1,2,1,0.0,month-to-month,none,credit_card,basic,current
0,69.5,84.57,1,3,0,3.38,month-to-month,none,electronic_check,basic,never
0,22.3,84.76,2,4,0,3.25,one-year,fiber,electronic_check,plus,current
1,25.0,91.41,1,4,0,3.41,month-to-month,fiber,credit_card,basic,never
0,22.0,52.91,2,0,1,3.47,month-to-month,fiber,electronic_check,plus,past
1,23.1,56.58,2,2,1,6.07,one-year,fiber,credit_card,basic,past
0,10.8,46.82,3,1,0,1.4,month-to-month,dsl,electronic_check,basic,past
1,24.4,135.64,1,2,1,0.9,month-to-month,dsl,bank_transfer,basic,never
0,28.2,89.24,3,8,1,2.84,month-to-month,fiber,electronic_check,basic,never
0,5.8,64.5,2,2,0,3.08,month-to-month,dsl,bank_transfer,basic,never
0,51.1,87.78,2,2,0,0.67,month-to-month,dsl,bank_transfer,plus,never
0,8.4,86.41,1,2,0,1.23,month-to-month,fiber,credit_card,plus,current
0,2.7,84.65,1,3,0,0.29,two-year,none,electronic_check,basic,never
0,10.3,73.02,1,1,0,3.01,month-to-month,fiber,electronic_check,premium,current
0,1.8,51.69,4,1,0,3.62,one-year,dsl,electronic_check,basic,never
1,37.3,22.7,3,4,2,2.55,month-to-month,fiber,electronic_check,basic,past
0,3.2,74.96,2,3,3,4.81,two-year,dsl,credit_card,basic,never
0,4.0,68.6,3,1,1,1.58,month-to-month,fiber,bank_transfer,plus,past
0,19.9,66.14,1,0,0,2.41,month-to-month,fiber,credit_card,plus,never
0,20.8,86.18,1,3,0,4.83,month-to-month,fiber,electronic_check,basic,current
0,14.1,32.36,3,5,1,1.58,month-to-month,fiber,electronic_check,basic,current
0,18.0,32.11,2,2,1,1.3,month-to-month,dsl,credit_card,basic,never
0,4.1,70.39,1,2,0,1.45,two-year,none,electronic_check,basic,past
0,0.7,61.9,3,3,0,1.85,one-year,dsl,credit_card,basic,never
0,55.8,55.71,2,2,0,4.09,month-to-month,fiber,electronic_check,basic,past
0,21.0,52.82,2,1,0,1.68,month-to-month,fiber,electronic_check,premium,past
0,9.2,98.29,3,4,0,3.16,month-to-month,fiber,bank_transfer,basic,never
0,3.9,67.45,2,2,2,2.63,month-to-month,fiber,credit_card,basic,past
0,14.6,54.19,2,5,1,3.02,two-year,fiber,bank_transfer,basic,never
0,16.5,67.24,3,1,1,4.69,month-to-month,fiber,bank_transfer,basic,past
0,5.9,97.29,2,4,2,1.59,month-to-month,dsl,bank_transfer,basic,current
0,55.9,59.2,2,4,0,2.55,month-to-month,dsl,electronic_check,basic,never
0,0.9,69.83,1,2,1,4.34,month-to-month,fiber,credit_card,basic,never
0,72.0,79.18,1,2,1,3.01,two-year,dsl,electronic_check,basic,never
0,12.2,91.89,4,1,0,2.89,one-year,fiber,credit_card,basic,past
0,28.7,48.37,3,1,0,0.68,month-to-month,fiber,bank_transfer,plus,never
1,7.0,70.49,2,2,2,2.81,one-year,fiber,bank_transfer,plus,never
0,13.7,54.57,3,3,0,2.12,month-to-month,dsl,credit_card,basic,past
0,5.2,90.4,0,2,0,0.64,month-to-month,none,electronic_check,plus,current
0,31.5,40.67,1,2,0,2.92,month-to-month,dsl,bank_transfer,basic,current
0,15.7,55.47,4,3,1,3.23,month-to-month,fiber,electronic_check,basic,never
0,7.8,57.76,3,2,0,1.55,one-year,dsl,credit_card,basic,never
0,1.5,90.4,1,2,1,0.72,month-to-month,none,electronic_check,basic,never
0,1.4,56.27,2,2,2,2.47,month-to-month,dsl,credit_card,basic,past
0,34.2,99.61,3,3,1,2.52,two-year,fiber,electronic_check,basic,never
0,10.5,96.93,2,4,3,2.47,month-to-month,fiber,credit_card,basic,never
1,43.6,102.75,3,3,1,4.8,one-year,fiber,electronic_check,basic,never
0,21.0,77.75,2,1,1,3.39,two-year,fiber,credit_card,basic,past
0,13.8,94.63,2,1,1,2.53,one-year,none,bank_transfer,basic,current
0,21.3,29.94,2,3,1,0.6,two-year,fiber,bank_transfer,premium,never
0,1.1,68.9,1,4,0,3.9,month-to-month,fiber,bank_transfer,basic,current
0,18.3,84.38,2,3,2,4.44,month-to-month,fiber,electronic_check,basic,current
0,8.2,65.49,1,3,0,1.73,one-year,none,bank_transfer,plus,never
0,17.1,61.59,0,3,0,0.0,month-to-month,none,bank_transfer,plus,current
0,0.3,59.81,2,2,1,2.19,two-year,fiber,electronic_check,plus,never
1,7.2,64.48,1,3,2,1.86,one-year,fiber,credit_card,basic,current
0,2.2,49.9,2,5,1,0.6,one-year,fiber,credit_card,basic,current
0,6.0,68.2,1,1,0,1.23,month-to-month,fiber,electronic_check,basic,never
0,3.1,56.7,1,2,0,1.27,month-to-month,dsl,credit_card,basic,never
0,35.0,54.69,3,0,0,3.32,month-to-month,dsl,electronic_check,plus,past
0,1.1,63.0,4,4,0,1.4,month-to-month,fiber,electronic_check,basic,never
0,5.6,21.12,2,3,0,3.21,month-to-month,fiber,credit_card,basic,never
0,41.1,52.04,0,3,1,1.36,month-to-month,none,credit_card,basic,never
0,0.4,45.38,2,1,0,0.43,one-year,dsl,electronic_check,basic,never
0,56.3,79.51,3,3,0,1.91,month-to-month,fiber,electronic_check,basic,past
0,14.1,96.72,3,4,0,2.25,two-year,fiber,bank_transfer,plus,never
0,24.1,52.25,2,4,0,0.0,month-to-month,dsl,credit_card,basic,past
0,24.1,54.73,2,2,0,2.03,month-to-month,fiber,credit_card,basic,never
0,4.1,59.59,1,1,1,1.82,two-year,dsl,bank_transfer,basic,never
0,38.9,27.15,1,3,0,2.05,one-year,fiber,electronic_check,basic,past
0,6.6,33.43,2,1,0,2.81,month-to-month,dsl,electronic_check,plus,current
0,21.3,55.04,2,2,0,4.39,one-year,fiber,electronic_check,basic,past
0,28.1,24.03,3,3,1,2.93,month-to-month,dsl,electronic_check,basic,never
0,7.6,29.27,0,2,0,1.51,month-to-month,none,electronic_check,basic,past
0,3.6,89.87,3,0,0,0.57,two-year,dsl,credit_card,plus,past
0,27.9,63.0,1,4,0,3.95,two-year,fiber,electronic_check,basic,current
0,16.5,73.74,2,3,1,1.09,one-year,dsl,credit_card,basic,current
0,28.8,19.51,4,2,0,3.21,month-to-month,fiber,electronic_check,basic,never
0,19.0,51.22,2,1,0,0.6,month-to-month,fiber,bank_transfer,premium,past
0,7.6,82.13,1,2,1,3.15,month-to-month,fiber,bank_transfer,basic,never
1,1.3,132.34,1,1,2,3.14,month-to-month,fiber,electronic_check,basic,past
0,46.4,87.12,1,2,0,3.32,two-year,dsl,bank_transfer,plus,never
0,7.9,27.32,1,2,0,2.83,month-to-month,fiber,credit_card,plus,never
1,7.1,57.84,2,2,1,0.6,month-to-month,fiber,bank_transfer,basic,current
0,28.9,103.59,2,3,1,2.75,one-year,none,bank_transfer,plus,current
0,17.5,26.1,2,3,1,2.9,month-to-month,dsl,electronic_check,basic,never
0,72.0,95.87,1,3,1,3.22,one-year,fiber,bank_transfer,plus,never
0,6.6,58.33,3,0,0,1.29,month-to-month,fiber,electronic_check,plus,never
0,1.9,10.0,2,5,1,1.68,month-to-month,fiber,electronic_check,basic,never
0,38.1,36.75,3,4,0,2.0,month-to-month,dsl,electronic_check,basic,past
0,8.6,142.43,2,2,0,2.84,month-to-month,dsl,electronic_check,basic,never
0,60.8,72.16,1,2,1,1.98,month-to-month,dsl,credit_card,basic,past
0,3.8,93.4,1,4,1,1.48,two-year,dsl,credit_card,basic,current
0,24.0,52.07,3,1,1,3.34,one-year,none,credit_card,basic,past
0,0.0,46.49,2,1,0,2.15,month-to-month,fiber,credit_card,plus,never
0,66.6,85.07,0,3,1,0.0,month-to-month,none,electronic_check,basic,never
0,11.3,55.56,2,3,0,2.23,one-year,dsl,credit_card,plus,never
0,25.1,74.79,1,2,0,2.77,month-to-month,dsl,bank_transfer,basic,past
0,2.4,136.24,3,1,0,2.07,month-to-month,fiber,credit_card,plus,never
1,30.2,91.3,2,8,0,1.23,one-year,fiber,credit_card,basic,past
0,13.4,37.51,2,2,0,1.06,one-year,dsl,bank_transfer,basic,past
0,9.3,72.41,2,5,1,0.79,two-year,fiber,credit_card,basic,current
0,18.0,69.16,2,2,3,2.57,one-year,fiber,electronic_check,basic,current
0,8.4,105.12,3,4,1,0.83,month-to-month,dsl,credit_card,basic,never
0,21.6,63.77,4,2,2,4.39,month-to-month,fiber,electronic_check,basic,never
0,29.4,67.24,2,2,0,0.84,month-to-month,fiber,bank_transfer,basic,never
0,11.3,19.93,1,5,0,3.84,month-to-month,fiber,credit_card,basic,past
0,14.5,72.27,3,1,2,3.09,month-to-month,fiber,electronic_check,plus,past
0,57.2,33.53,2,1,0,1.79,month-to-month,fiber,electronic_check,plus,never
0,16.0,68.7,2,3,0,0.47,month-to-month,none,electronic_check,plus,never
0,14.0,24.2,1,0,0,0.31,one-year,dsl,electronic_check,plus,past
1,28.8,92.78,2,1,2,1.74,two-year,fiber,electronic_check,plus,past
0,3.6,30.4,1,1,1,4.82,one-year,none,credit_card,plus,past
0,10.4,66.67,2,4,1,5.4,month-to-month,fiber,electronic_check,plus,past
0,23.5,115.98,3,4,0,2.59,month-to-month,dsl,bank_transfer,basic,never
0,0.5,68.66,1,1,0,1.9,month-to-month,none,electronic_check,basic,current
0,8.4,58.66,2,1,2,2.11,month-to-month,fiber,electronic_check,plus,past
0,6.8,75.83,1,0,0,1.47,two-year,none,credit_card,plus,current
0,1.9,88.01,2,3,0,0.64,month-to-month,dsl,bank_transfer,plus,current
0,55.0,64.77,2,3,1,3.08,one-year,dsl,bank_transfer,basic,never
0,13.1,76.62,2,2,0,1.5,month-to-month,dsl,bank_transfer,basic,past
1,0.0,68.43,2,6,1,2.28,month-to-month,fiber,electronic_check,basic,never
0,72.0,46.4,3,3,0,3.27,one-year,fiber,credit_card,basic,never
0,6.9,33.07,2,2,2,1.73,month-to-month,dsl,electronic_check,basic,past
0,14.3,31.89,2,2,2,1.58,month-to-month,none,electronic_check,basic,past
0,9.4,66.3,0,4,2,1.58,one-year,none,electronic_check,plus,never
0,4.3,64.2,1,1,1,0.6,month-to-month,fiber,bank_transfer,basic,never
1,0.7,71.8,3,3,2,2.27,month-to-month,dsl,electronic_check,basic,past
0,3.2,24.84,1,0,0,3.59,month-to-month,fiber,electronic_check,plus,never
1,28.7,68.04,3,0,1,2.22,month-to-month,fiber,bank_transfer,plus,past
1,3.9,82.83,1,2,1,2.97,month-to-month,none,credit_card,basic,never
0,15.5,86.4,1,1,0,2.29,month-to-month,none,credit_card,premium,past
0,0.1,98.03,1,1,0,2.38,two-year,fiber,bank_transfer,basic,past
0,7.0,78.05,3,4,0,3.44,month-to-month,dsl,electronic_check,basic,past
0,2.1,53.22,2,1,2,3.23,month-to-month,dsl,credit_card,basic,never
0,0.7,27.92,2,1,0,3.5,one-year,fiber,bank_transfer,basic,past
0,50.7,97.99,2,2,1,0.79,one-year,fiber,credit_card,plus,current
0,29.0,59.8,3,2,0,3.61,one-year,fiber,bank_transfer,basic,never
0,44.1,43.02,1,3,0,2.65,two-year,fiber,electronic_check,plus,never
0,11.0,66.22,3,3,0,3.68,month-to-month,dsl,electronic_check,basic,past
0,6.6,75.84,2,1,2,0.6,month-to-month,fiber,bank_transfer,basic,never
0,13.9,45.87,1,3,0,0.51,one-year,dsl,bank_transfer,basic,past
0,44.1,78.57,1,2,0,2.07,two-year,fiber,credit_card,plus,past
0,11.3,53.54,1,3,1,0.72,month-to-month,fiber,electronic_check,basic,current
0,43.0,59.11,2,1,0,4.59,one-year,fiber,bank_transfer,premium,never
1,13.0,66.71,1,1,0,1.5,month-to-month,fiber,credit_card,plus,past
0,37.4,36.5,3,1,1,1.34,month-to-month,fiber,electronic_check,basic,past
0,2.6,59.35,1,0,1,3.95,one-year,fiber,bank_transfer,premium,current
0,11.2,50.97,1,4,0,0.96,one-year,dsl,electronic_check,basic,never
0,26.4,82.54,3,1,1,0.99,month-to-month,fiber,electronic_check,plus,past
1,1.6,126.66,1,1,1,1.64,month-to-month,none,electronic_check,basic,past
0,21.3,82.22,2,2,1,3.15,two-year,fiber,electronic_check,plus,never
1,38.9,85.09,2,2,0,2.99,month-to-month,fiber,electronic_check,premium,past
0,7.5,61.81,2,2,0,0.6,month-to-month,fiber,electronic_check,plus,past
1,21.4,106.8,3,2,1,2.78,month-to-month,fiber,bank_transfer,basic,past
0,4.4,75.14,2,2,0,1.73,month-to-month,dsl,electronic_check,basic,current
0,7.3,41.31,1,3,1,1.16,month-to-month,dsl,electronic_check,basic,past
0,6.5,65.05,3,1,0,0.0,month-to-month,dsl,bank_transfer,basic,past
0,4.0,34.77,3,2,1,3.64,month-to-month,fiber,credit_card,basic,current
0,36.0,69.81,2,2,0,1.55,month-to-month,fiber,credit_card,plus,past
1,10.3,77.46,2,1,0,2.23,month-to-month,dsl,electronic_check,basic,past
0,4.1,127.51,2,2,0,2.2,month-to-month,none,electronic_check,basic,past
0,5.5,91.75,2,2,1,3.36,month-to-month,dsl,electronic_check,basic,never
0,3.0,50.56,1,0,0,0.37,month-to-month,none,electronic_check,plus,never
0,36.5,59.45,3,2,0,2.59,two-year,dsl,bank_transfer,basic,never
0,28.6,77.16,0,1,0,1.57,two-year,none,electronic_check,basic,past
0,36.9,50.08,2,4,0,3.79,two-year,fiber,electronic_check,basic,current
0,56.0,47.02,3,1,0,1.69,month-to-month,dsl,bank_transfer,basic,never
0,1.5,65.79,3,4,0,0.87,one-year,fiber,credit_card,basic,never
0,68.1,51.29,3,3,2,2.13,one-year,fiber,bank_transfer,premium,never
0,6.2,48.59,1,4,0,1.11,month-to-month,none,electronic_check,basic,current
0,1.9,53.84,2,3,0,3.26,month-to-month,fiber,bank_transfer,plus,past
0,54.5,97.06,2,4,0,1.13,two-year,dsl,electronic_check,basic,never
0,21.1,15.76,4,2,0,0.75,one-year,dsl,bank_transfer,basic,current
0,38.9,130.82,2,2,0,0.82,one-year,fiber,electronic_check,plus,current
0,15.3,26.15,2,2,2,3.94,month-to-month,fiber,electronic_check,basic,never
0,2.4,87.09,2,2,0,0.88,month-to-month,fiber,electronic_check,plus,current
0,9.6,86.85,1,1,0,1.8,one-year,none,credit_card,basic,current
0,13.4,71.31,3,4,1,2.33,month-to-month,fiber,electronic_check,basic,past
0,1.7,59.25,1,2,1,1.65,month-to-month,fiber,credit_card,basic,past
0,9.9,43.64,3,0,2,4.08,month-to-month,fiber,electronic_check,plus,past
0,58.6,29.64,1,4,2,3.01,month-to-month,dsl,bank_transfer,basic,past
0,33.6,51.64,1,3,2,0.47,one-year,dsl,bank_transfer,basic,current
0,59.4,105.49,2,1,1,3.57,month-to-month,fiber,electronic_check,plus,current
0,10.6,71.94,2,3,0,0.6,one-year,fiber,credit_card,plus,never
0,2.1,73.05,2,5,1,1.49,month-to-month,dsl,bank_transfer,plus,never
0,3.5,109.62,2,1,0,3.31,one-year,dsl,electronic_check,basic,never
0,1.4,95.29,4,2,0,3.71,month-to-month,fiber,credit_card,plus,never
0,33.6,117.73,1,2,0,0.34,two-year,none,bank_transfer,premium,past
0,13.8,62.38,1,2,0,4.43,month-to-month,fiber,bank_transfer,premium,never
0,22.2,63.21,2,0,0,0.6,month-to-month,fiber,bank_transfer,plus,past
0,19.7,82.79,1,3,0,0.6,one-year,fiber,electronic_check,basic,past
0,20.2,106.52,1,3,0,2.62,month-to-month,dsl,credit_card,basic,past
0,1.6,88.79,3,1,0,3.16,month-to-month,fiber,credit_card,plus,past
0,15.9,50.94,2,4,0,1.75,month-to-month,fiber,electronic_check,basic,never
0,15.7,83.62,2,1,2,0.85,month-to-month,fiber,electronic_check,basic,past
0,4.1,82.13,2,1,0,1.97,month-to-month,fiber,bank_transfer,basic,never
0,15.5,48.98,2,3,1,2.3,month-to-month,fiber,electronic_check,basic,never
0,12.9,113.63,2,1,1,1.59,month-to-month,fiber,credit_card,basic,current
0,31.3,42.42,3,1,0,3.25,month-to-month,fiber,bank_transfer,plus,never
0,13.6,73.56,2,3,0,0.88,month-to-month,none,bank_transfer,basic,never
1,16.4,54.69,2,2,1,4.31,month-to-month,fiber,electronic_check,plus,past
0,8.7,86.72,1,3,1,1.35,month-to-month,dsl,electronic_check,basic,past
0,2.1,92.18,1,1,0,2.51,month-to-month,fiber,electronic_check,plus,never
0,68.3,33.98,3,2,0,3.81,two-year,fiber,credit_card,basic,past
0,10.0,131.0,1,2,0,4.41,one-year,none,bank_transfer,basic,current
0,72.0,69.35,3,3,0,1.97,month-to-month,fiber,credit_card,plus,never
0,38.0,68.64,2,2,1,2.82,month-to-month,none,electronic_check,basic,current
0,8.3,125.74,2,4,1,2.73,one-year,dsl,credit_card,basic,past
0,7.8,72.6,2,1,2,2.01,one-year,dsl,electronic_check,basic,never
0,14.5,75.25,3,5,1,2.29,month-to-month,dsl,electronic_check,basic,current
0,3.8,38.46,2,1,0,4.78,month-to-month,fiber,electronic_check,plus,current
0,26.3,72.89,3,2,1,3.57,month-to-month,fiber,electronic_check,basic,past
0,5.6,94.61,2,1,2,1.67,month-to-month,fiber,electronic_check,plus,never
0,10.2,57.8,2,5,0,4.81,month-to-month,fiber,electronic_check,plus,past
0,4.4,66.84,0,4,1,2.75,month-to-month,none,electronic_check,basic,never
0,31.4,55.96,2,1,0,1.68,month-to-month,dsl,credit_card,plus,current
0,16.9,62.96,3,1,0,3.25,one-year,dsl,electronic_check,plus,never
0,0.7,108.83,2,1,0,1.87,month-to-month,fiber,bank_transfer,premium,never
0,16.7,40.48,3,4,0,3.83,one-year,fiber,electronic_check,premium,current
0,0.2,38.14,2,1,0,2.11,one-year,fiber,credit_card,basic,past
0,20.7,48.77,1,3,0,3.78,month-to-month,fiber,bank_transfer,basic,never
0,3.7,88.22,1,3,0,1.82,two-year,fiber,electronic_check,plus,past
0,25.4,53.03,2,4,0,1.73,month-to-month,fiber,credit_card,premium,current
1,19.0,119.07,2,0,1,2.84,month-to-month,fiber,electronic_check,premium,past
0,2.8,69.85,4,0,1,3.11,month-to-month,dsl,electronic_check,plus,current
0,71.7,121.41,2,3,1,2.07,month-to-month,fiber,electronic_check,premium,current
0,6.4,81.29,2,4,0,1.15,month-to-month,fiber,electronic_check,basic,past
0,2.1,61.91,2,2,1,1.09,one-year,dsl,electronic_check,plus,never
0,3.3,85.48,3,4,0,1.28,one-year,fiber,electronic_check,plus,never
0,72.0,58.29,1,2,1,0.52,month-to-month,dsl,electronic_check,basic,past
1,20.2,64.15,4,5,1,1.83,month-to-month,fiber,bank_transfer,plus,never
0,45.5,37.6,2,3,1,1.27,two-year,dsl,electronic_check,plus,never
0,1.5,77.75,4,0,0,1.08,month-to-month,fiber,electronic_check,premium,past
1,1.7,94.44,2,2,0,0.0,month-to-month,dsl,electronic_check,premium,past
0,18.1,76.68,1,2,0,2.88,month-to-month,none,electronic_check,premium,never
0,10.3,77.72,2,2,1,2.04,one-year,fiber,electronic_check,basic,current
0,34.4,78.65,3,1,0,2.33,month-to-month,dsl,bank_transfer,plus,past
1,26.9,84.09,2,2,1,4.41,month-to-month,fiber,credit_card,plus,past
0,72.0,67.48,3,3,1,3.37,month-to-month,dsl,credit_card,plus,past
0,11.5,58.15,2,3,2,3.69,one-year,dsl,electronic_check,basic,current
1,29.9,81.04,2,2,1,0.96,one-year,fiber,bank_transfer,basic,never
0,14.3,67.59,2,1,0,2.53,one-year,fiber,bank_transfer,basic,current
0,11.2,70.23,2,0,0,2.44,month-to-month,fiber,bank_transfer,plus,never
0,10.5,47.91,3,3,1,3.64,month-to-month,dsl,electronic_check,plus,never
0,3.3,10.0,3,1,2,0.6,two-year,fiber,electronic_check,basic,current
0,15.6,32.83,2,2,0,1.25,month-to-month,fiber,electronic_check,basic,past
1,1.1,98.42,1,4,0,1.69,month-to-month,none,electronic_check,basic,past
0,32.0,49.17,1,3,0,1.12,month-to-month,dsl,credit_card,basic,past
0,45.4,60.33,4,2,1,4.16,month-to-month,fiber,electronic_check,basic,past
0,6.4,60.8,1,2,0,2.88,one-year,fiber,electronic_check,basic,past
0,0.3,71.45,2,5,1,0.95,two-year,fiber,bank_transfer,basic,never
0,9.6,12.33,2,0,2,2.37,month-to-month,fiber,electronic_check,premium,past
0,16.6,70.64,2,1,1,4.98,month-to-month,dsl,electronic_check,premium,past
0,11.7,27.19,2,3,0,0.34,two-year,dsl,electronic_check,plus,never
1,11.1,61.33,2,3,1,4.33,month-to-month,fiber,electronic_check,basic,past
0,4.6,42.68,3,3,2,3.57,month-to-month,fiber,electronic_check,basic,past
0,34.2,70.76,2,2,0,1.07,month-to-month,dsl,bank_transfer,basic,never
1,10.2,20.63,2,3,0,1.0,two-year,fiber,electronic_check,plus,past
0,33.8,86.05,1,2,2,1.93,month-to-month,none,credit_card,basic,current
0,15.9,90.42,3,0,0,0.6,one-year,fiber,bank_transfer,premium,past
0,23.4,79.04,1,1,1,3.65,month-to-month,dsl,credit_card,plus,past
1,20.3,82.68,2,4,0,4.15,month-to-month,fiber,electronic_check,plus,past
0,1.1,50.42,4,2,1,3.62,one-year,dsl,electronic_check,basic,past
0,7.6,59.74,2,1,0,3.52,month-to-month,none,electronic_check,basic,past
1,7.6,53.09,2,2,0,2.49,month-to-month,fiber,credit_card,basic,past
0,27.9,65.31,2,3,0,1.65,two-year,dsl,electronic_check,basic,never
0,21.9,36.96,2,1,1,1.78,month-to-month,fiber,bank_transfer,basic,past
0,34.6,27.13,2,4,0,2.09,month-to-month,dsl,bank_transfer,basic,current
0,0.1,36.12,3,0,0,2.33,one-year,dsl,credit_card,plus,current
0,18.7,73.07,2,2,0,2.33,one-year,fiber,credit_card,basic,past
0,15.7,67.73,2,4,0,2.88,one-year,fiber,electronic_check,basic,current
0,30.1,77.98,1,3,0,1.48,month-to-month,fiber,electronic_check,premium,past
0,4.5,52.44,3,0,0,3.47,one-year,dsl,credit_card,plus,current
0,8.3,71.79,1,2,1,3.21,month-to-month,fiber,credit_card,basic,past
1,7.0,91.62,1,2,0,1.21,month-to-month,none,electronic_check,basic,past
0,34.6,78.15,1,1,1,4.92,two-year,dsl,bank_transfer,basic,current
0,51.6,74.94,2,1,1,3.08,two-year,fiber,credit_card,basic,past
1,29.1,101.58,3,2,1,3.56,month-to-month,fiber,bank_transfer,plus,past
1,1.6,91.74,2,2,0,4.45,month-to-month,fiber,electronic_check,basic,never
1,5.6,46.45,2,2,2,1.19,month-to-month,dsl,electronic_check,basic,never
0,61.1,66.97,2,2,1,0.87,month-to-month,none,electronic_check,basic,never
0,29.9,94.33,2,3,0,2.18,month-to-month,fiber,credit_card,basic,past
0,6.5,58.51,3,1,0,0.6,month-to-month,dsl,credit_card,basic,current
0,13.3,91.91,2,1,0,2.18,month-to-month,dsl,bank_transfer,premium,never
1,11.6,65.12,2,2,4,2.01,month-to-month,fiber,electronic_check,basic,never
0,9.8,88.91,3,3,1,3.16,one-year,dsl,electronic_check,basic,current
0,1.9,102.2,2,2,0,2.61,month-to-month,fiber,electronic_check,basic,never
0,4.7,69.15,2,0,1,3.74,two-year,dsl,electronic_check,premium,current
0,33.4,48.11,3,2,0,3.27,month-to-month,fiber,electronic_check,basic,current
0,1.9,86.41,1,2,2,3.21,two-year,fiber,electronic_check,plus,past
0,16.2,74.16,0,2,1,2.99,one-year,none,bank_transfer,premium,never
0,12.9,52.55,3,2,2,3.77,two-year,dsl,bank_transfer,basic,current
0,19.1,94.58,2,2,0,2.57,month-to-month,fiber,credit_card,basic,current
0,21.6,79.46,2,2,0,0.46,month-to-month,dsl,bank_transfer,basic,never
1,28.9,100.41,1,4,2,1.98,month-to-month,fiber,credit_card,basic,past
0,9.0,72.96,1,1,0,3.98,month-to-month,fiber,electronic_check,plus,past
0,0.4,72.77,3,1,1,0.88,month-to-month,fiber,electronic_check,plus,past
1,3.6,38.89,2,7,0,4.56,month-to-month,fiber,bank_transfer,basic,never
0,14.6,87.56,1,1,1,4.2,month-to-month,dsl,credit_card,plus,never
0,15.0,76.86,0,3,1,3.68,one-year,none,electronic_check,plus,never
0,24.4,73.59,3,2,0,2.51,month-to-month,dsl,bank_transfer,premium,past
1,7.1,31.92,3,5,0,3.93,month-to-month,fiber,electronic_check,basic,past
0,6.4,40.91,2,3,0,3.65,one-year,fiber,electronic_check,basic,never
0,43.8,10.0,2,4,0,0.59,two-year,dsl,credit_card,basic,past
0,5.7,63.12,2,2,0,0.0,month-to-month,none,electronic_check,basic,past
0,3.4,53.47,2,0,1,0.81,month-to-month,fiber,electronic_check,plus,current
0,25.4,24.56,2,1,0,0.99,month-to-month,none,credit_card,basic,past
0,26.4,57.53,1,2,0,2.59,two-year,none,bank_transfer,basic,past
0,11.6,109.1,1,1,0,1.5,month-to-month,dsl,credit_card,plus,never
0,9.7,88.36,4,3,1,3.31,one-year,fiber,credit_card,basic,past
0,12.5,47.52,1,2,3,1.34,month-to-month,dsl,electronic_check,basic,past
0,25.0,81.71,3,1,0,3.04,two-year,fiber,electronic_check,plus,never
0,6.6,84.86,3,1,0,2.22,month-to-month,fiber,credit_card,basic,past
0,0.7,74.61,2,1,1,1.71,one-year,fiber,bank_transfer,plus,current
0,0.4,70.24,2,0,1,2.43,month-to-month,fiber,credit_card,plus,never
0,10.0,66.22,2,4,0,3.13,two-year,fiber,credit_card,plus,past
1,6.3,98.11,3,3,0,0.6,month-to-month,fiber,electronic_check,basic,never
1,15.4,82.31,1,1,0,4.99,one-year,fiber,electronic_check,plus,past
0,0.7,54.49,1,2,0,3.38,month-to-month,fiber,electronic_check,basic,never
0,1.0,82.55,1,1,1,2.37,month-to-month,dsl,electronic_check,premium,never
0,4.4,66.7,2,2,0,1.02,month-to-month,fiber,bank_transfer,basic,current
0,13.3,62.12,2,2,1,3.76,month-to-month,dsl,bank_transfer,basic,past
0,7.8,70.13,3,1,0,2.77,one-year,fiber,bank_transfer,premium,current
0,19.0,83.52,1,2,0,1.9,month-to-month,dsl,credit_card,basic,never
0,10.4,57.56,1,2,0,2.0,month-to-month,fiber,bank_transfer,premium,never
0,17.3,73.98,2,3,1,1.16,month-to-month,fiber,credit_card,plus,past
0,10.1,60.49,4,2,0,3.07,month-to-month,fiber,credit_card,plus,never
0,51.0,62.46,2,2,1,4.65,month-to-month,fiber,credit_card,plus,never
0,7.2,87.38,2,2,1,0.54,month-to-month,dsl,credit_card,basic,never
0,45.7,46.3,1,3,1,1.75,one-year,fiber,electronic_check,plus,past
0,13.5,67.68,3,1,1,2.16,month-to-month,fiber,electronic_check,plus,current
0,39.6,61.93,2,0,0,3.91,two-year,dsl,credit_card,premium,past
0,20.7,84.15,3,1,0,5.35,one-year,dsl,electronic_check,premium,past
0,5.4,74.01,1,3,1,2.51,one-year,dsl,bank_transfer,basic,past
0,11.0,60.44,2,1,3,3.7,month-to-month,fiber,bank_transfer,basic,past
0,64.7,49.99,1,4,0,3.89,month-to-month,fiber,credit_card,plus,past
0,3.8,79.9,2,0,2,2.04,month-to-month,dsl,electronic_check,plus,never
0,21.0,24.54,3,2,0,1.04,month-to-month,fiber,electronic_check,basic,never
1,11.8,73.48,2,3,0,1.79,month-to-month,fiber,electronic_check,basic,past
0,5.1,74.42,0,2,0,1.07,month-to-month,none,electronic_check,basic,past
0,8.9,34.85,1,2,0,2.25,month-to-month,fiber,electronic_check,basic,past
0,48.4,55.56,2,2,1,1.92,month-to-month,fiber,credit_card,plus,never
0,32.5,65.81,3,1,1,2.63,month-to-month,fiber,electronic_check,basic,never
0,8.3,61.46,3,0,0,2.9,two-year,fiber,electronic_check,plus,past
0,16.4,83.22,1,4,3,4.15,month-to-month,fiber,credit_card,premium,past
0,21.5,57.31,3,2,0,1.0,two-year,fiber,electronic_check,premium,never
0,33.6,82.9,1,3,1,2.71,two-year,fiber,electronic_check,plus,past
0,19.3,76.29,2,2,1,2.46,one-year,fiber,credit_card,basic,current
0,9.2,67.95,2,3,2,2.1,two-year,dsl,credit_card,basic,never
0,72.0,67.28,3,0,3,3.41,two-year,fiber,electronic_check,premium,past
0,0.8,75.52,1,4,1,1.86,one-year,none,credit_card,basic,current
0,7.1,21.92,1,0,0,2.54,one-year,dsl,credit_card,premium,never
0,9.5,79.71,2,0,0,2.69,month-to-month,none,bank_transfer,plus,past
1,8.9,92.87,2,2,0,3.45,month-to-month,fiber,credit_card,basic,past
0,12.6,55.78,3,3,0,0.62,month-to-month,dsl,credit_card,basic,never
0,24.3,19.09,2,0,1,2.68,month-to-month,fiber,electronic_check,plus,never
0,22.1,106.64,2,0,0,2.72,month-to-month,dsl,bank_transfer,premium,past
0,7.1,40.23,2,2,1,0.6,month-to-month,fiber,credit_card,basic,past
0,8.8,10.0,4,2,0,3.29,one-year,dsl,electronic_check,basic,never
0,19.5,42.9,2,1,0,2.48,month-to-month,dsl,bank_transfer,basic,current
0,1.1,67.0,2,5,3,2.35,one-year,fiber,bank_transfer,basic,current
0,5.0,58.48,1,1,0,0.6,month-to-month,fiber,bank_transfer,plus,current
0,6.8,69.5,2,3,0,3.46,month-to-month,dsl,credit_card,basic,never
0,57.0,39.39,4,1,1,0.0,one-year,dsl,electronic_check,plus,past
0,9.4,70.81,2,3,0,4.08,month-to-month,fiber,electronic_check,plus,past
0,3.0,27.34,1,5,0,1.45,month-to-month,none,credit_card,premium,never
0,13.2,46.32,2,2,1,1.52,month-to-month,fiber,electronic_check,basic,current
0,3.0,89.74,1,2,2,2.91,one-year,fiber,bank_transfer,basic,never
0,1.7,100.44,2,0,2,2.49,month-to-month,none,bank_transfer,plus,never
0,55.9,100.86,1,1,0,2.74,month-to-month,fiber,bank_transfer,basic,current
0,3.5,54.09,2,2,0,0.6,one-year,fiber,credit_card,basic,never
0,10.3,88.82,2,1,0,4.28,month-to-month,fiber,electronic_check,basic,never
0,22.6,97.06,1,1,1,2.01,one-year,fiber,credit_card,basic,current
0,5.3,102.68,1,1,0,1.02,month-to-month,none,bank_transfer,premium,never
0,6.0,95.96,2,2,1,0.25,one-year,dsl,credit_card,plus,past
0,7.1,64.11,1,0,0,2.02,month-to-month,fiber,bank_transfer,plus,current
0,11.8,35.27,2,1,0,1.42,two-year,dsl,electronic_check,basic,never
0,19.0,45.28,2,2,0,3.76,two-year,dsl,bank_transfer,plus,current
0,6.7,30.06,2,2,0,3.12,one-year,fiber,electronic_check,plus,never
0,8.4,88.4,1,5,4,4.63,month-to-month,fiber,electronic_check,plus,past
1,26.3,72.2,1,3,2,3.03,one-year,fiber,electronic_check,plus,never
0,4.4,67.06,2,4,0,3.03,two-year,fiber,credit_card,basic,never
0,15.9,79.77,4,3,1,0.28,one-year,dsl,credit_card,plus,current
0,12.2,110.2,2,1,0,3.84,one-year,fiber,electronic_check,plus,never
0,20.5,76.25,3,2,2,2.11,month-to-month,dsl,electronic_check,plus,never
0,26.7,81.4,1,1,1,2.77,month-to-month,dsl,electronic_check,plus,current
0,22.0,46.21,3,4,1,3.15,one-year,fiber,bank_transfer,basic,past
0,22.5,39.14,2,1,0,3.01,month-to-month,dsl,electronic_check,plus,never
0,39.3,61.28,2,2,1,4.04,month-to-month,fiber,bank_transfer,basic,current
0,11.2,10.24,3,1,1,3.24,month-to-month,fiber,electronic_check,basic,past
0,15.9,10.0,1,2,0,0.8,month-to-month,dsl,credit_card,plus,current
0,10.3,29.39,2,0,1,2.09,two-year,fiber,credit_card,plus,never
0,11.6,37.98,1,2,0,1.82,month-to-month,none,electronic_check,basic,current
0,12.8,10.0,2,1,0,2.61,two-year,dsl,electronic_check,basic,never
0,23.3,64.57,2,2,1,0.0,month-to-month,none,electronic_check,basic,current
0,3.3,54.25,3,2,0,0.0,month-to-month,dsl,credit_card,basic,never
0,14.8,94.78,2,1,0,1.8,one-year,dsl,credit_card,basic,never
0,8.7,73.4,3,3,0,4.51,one-year,fiber,electronic_check,basic,never
0,0.6,86.8,3,2,1,0.6,one-year,fiber,electronic_check,basic,never
0,16.7,61.88,2,1,0,2.81,one-year,dsl,credit_card,plus,current
0,46.4,73.8,1,3,1,1.41,one-year,none,credit_card,basic,past
0,3.8,98.26,3,4,0,3.99,month-to-month,fiber,bank_transfer,basic,never
0,0.9,105.81,3,2,2,0.81,month-to-month,dsl,electronic_check,premium,current
1,5.4,111.42,2,3,1,4.29,month-to-month,fiber,credit_card,basic,past
0,18.8,74.26,4,1,1,2.11,month-to-month,dsl,bank_transfer,plus,current
0,20.6,96.0,1,2,0,0.15,one-year,none,electronic_check,basic,current
0,8.4,57.15,1,0,0,3.62,month-to-month,fiber,credit_card,plus,past
0,6.4,50.45,3,2,1,1.1,one-year,fiber,electronic_check,basic,current
1,7.6,93.75,4,4,1,1.07,month-to-month,dsl,credit_card,basic,past
0,8.5,59.42,3,2,1,2.85,month-to-month,dsl,credit_card,basic,never
0,2.6,81.9,1,3,1,0.5,month-to-month,none,credit_card,basic,current
0,7.8,56.78,2,3,0,1.71,two-year,dsl,credit_card,basic,never
0,6.6,60.02,1,3,1,1.42,one-year,none,electronic_check,basic,past
0,13.4,99.48,2,2,1,3.56,one-year,dsl,electronic_check,basic,current
0,16.8,50.55,1,0,0,2.89,two-year,none,credit_card,premium,never
0,14.8,62.33,1,0,1,0.34,month-to-month,none,electronic_check,plus,never
0,5.5,44.87,2,2,0,3.97,month-to-month,fiber,bank_transfer,plus,current
0,16.0,58.48,2,0,0,0.09,month-to-month,dsl,bank_transfer,premium,past
1,6.7,61.96,2,5,2,2.61,month-to-month,dsl,electronic_check,basic,never
0,2.3,79.17,2,2,0,2.7,month-to-month,fiber,electronic_check,basic,never
0,72.0,51.07,2,1,1,1.41,one-year,none,credit_card,plus,current
0,13.0,91.47,3,1,0,3.66,month-to-month,dsl,electronic_check,basic,never
0,19.3,90.05,0,1,0,2.2,month-to-month,none,credit_card,plus,current
0,3.3,11.19,1,3,1,3.59,one-year,fiber,credit_card,basic,past
0,24.3,68.1,3,2,0,0.79,month-to-month,fiber,credit_card,basic,past
0,1.0,93.18,2,0,0,1.56,month-to-month,fiber,bank_transfer,plus,past
1,25.1,83.74,3,1,1,2.92,month-to-month,fiber,electronic_check,premium,never
0,13.4,105.32,3,1,0,1.71,one-year,fiber,electronic_check,plus,never
0,38.8,18.68,1,4,1,2.71,month-to-month,fiber,electronic_check,basic,current
0,13.7,46.68,1,3,1,4.5,one-year,none,bank_transfer,plus,past
0,3.3,72.24,2,1,1,3.18,month-to-month,fiber,credit_card,plus,past
0,7.3,111.54,0,1,1,4.07,one-year,none,electronic_check,plus,past
0,1.7,63.78,2,1,1,2.32,month-to-month,fiber,electronic_check,basic,current
0,20.8,82.53,2,3,2,1.23,two-year,fiber,bank_transfer,plus,past
0,6.7,23.2,2,3,0,2.71,one-year,dsl,credit_card,basic,never
0,11.6,59.5,1,0,0,4.15,month-to-month,fiber,electronic_check,premium,current
0,3.1,56.58,0,1,0,0.0,one-year,none,electronic_check,plus,never
0,6.0,76.55,3,3,0,2.44,month-to-month,dsl,electronic_check,basic,never
0,34.3,57.41,1,2,0,1.34,one-year,fiber,electronic_check,premium,never
0,10.2,81.16,3,2,2,3.56,one-year,dsl,bank_transfer,plus,never
0,4.5,61.46,1,2,0,2.12,two-year,dsl,bank_transfer,plus,never
0,54.9,42.37,2,4,0,2.2,two-year,dsl,electronic_check,basic,never
0,10.9,111.94,4,3,1,2.59,one-year,fiber,electronic_check,basic,never
0,13.1,97.67,1,1,2,1.64,one-year,fiber,bank_transfer,plus,past
0,24.8,68.94,2,4,1,1.48,month-to-month,fiber,electronic_check,premium,never
0,2.6,52.3,2,2,0,1.11,one-year,none,credit_card,basic,never
0,12.2,66.29,3,3,0,0.6,one-year,fiber,electronic_check,basic,never
0,2.6,58.4,1,1,0,1.23,two-year,none,bank_transfer,plus,never
0,10.7,68.7,2,4,1,1.92,one-year,fiber,credit_card,basic,past
0,24.8,76.12,2,0,0,2.48,month-to-month,fiber,electronic_check,plus,current
0,1.6,146.76,2,4,1,3.21,one-year,dsl,bank_transfer,basic,past
0,4.4,99.87,1,1,1,2.37,month-to-month,none,electronic_check,basic,current
1,8.5,111.85,2,3,0,0.6,month-to-month,fiber,electronic_check,basic,never
0,6.0,50.65,2,1,0,0.57,two-year,dsl,credit_card,basic,past
0,12.0,53.55,2,1,1,3.32,month-to-month,fiber,electronic_check,basic,never
1,4.1,81.93,3,2,0,4.05,month-to-month,fiber,bank_transfer,basic,past
0,18.9,48.59,1,2,0,2.93,month-to-month,fiber,electronic_check,basic,never
0,11.7,52.75,1,2,0,2.12,month-to-month,fiber,electronic_check,basic,never
0,19.0,82.18,2,4,0,3.16,month-to-month,fiber,bank_transfer,basic,past
0,22.4,71.46,2,2,2,2.28,month-to-month,fiber,bank_transfer,plus,past
0,2.4,57.62,1,2,0,2.21,month-to-month,dsl,credit_card,basic,current
0,4.6,69.81,2,2,1,0.6,month-to-month,fiber,bank_transfer,plus,past
0,5.6,44.79,1,2,1,1.58,two-year,dsl,bank_transfer,premium,never
0,41.1,92.09,1,2,0,1.63,one-year,dsl,bank_transfer,basic,past
1,30.2,95.35,2,5,0,3.18,one-year,none,credit_card,basic,never
0,21.6,99.6,2,2,1,0.6,month-to-month,fiber,electronic_check,basic,past
0,42.5,30.09,2,2,0,2.77,two-year,fiber,credit_card,basic,current
0,7.0,107.13,1,1,0,2.29,month-to-month,fiber,bank_transfer,plus,current
0,11.1,69.91,1,2,1,1.87,one-year,none,bank_transfer,basic,current
0,9.5,66.76,0,3,1,2.16,one-year,none,electronic_check,basic,never
1,4.6,121.5,1,3,0,2.29,month-to-month,dsl,electronic_check,plus,never
0,9.6,53.28,1,3,1,0.0,month-to-month,dsl,electronic_check,plus,current
0,3.8,73.66,2,6,1,4.21,month-to-month,fiber,electronic_check,premium,never
0,23.9,82.07,2,3,0,3.37,month-to-month,none,electronic_check,basic,current
0,1.1,62.59,2,2,0,1.1,month-to-month,dsl,bank_transfer,plus,never
0,20.6,90.89,2,0,1,1.45,month-to-month,dsl,bank_transfer,premium,never
0,1.0,31.14,3,2,0,1.22,month-to-month,fiber,credit_card,basic,past
0,37.6,107.75,1,3,1,3.3,month-to-month,none,electronic_check,basic,never
1,38.0,69.62,3,0,1,3.42,two-year,dsl,bank_transfer,premium,never
0,17.8,56.58,1,2,1,1.21,month-to-month,fiber,electronic_check,premium,never
0,11.8,96.35,2,3,1,1.34,one-year,dsl,credit_card,premium,past
0,17.6,57.71,2,3,0,2.82,month-to-month,dsl,electronic_check,basic,past
1,18.1,82.05,2,1,0,4.76,month-to-month,fiber,bank_transfer,basic,never
0,7.2,60.41,3,4,0,3.5,two-year,dsl,electronic_check,basic,never
0,4.1,87.24,3,1,0,2.56,month-to-month,fiber,credit_card,plus,never
0,20.5,102.09,1,1,0,0.62,month-to-month,fiber,electronic_check,premium,current
0,27.7,55.54,3,2,0,1.08,two-year,dsl,electronic_check,basic,past
0,20.5,49.27,2,4,1,4.23,month-to-month,dsl,electronic_check,premium,never
0,2.0,59.88,2,2,0,2.56,month-to-month,dsl,bank_transfer,basic,never
0,9.9,85.59,1,1,0,2.31,one-year,fiber,bank_transfer,basic,past
0,26.6,118.45,3,2,1,1.13,one-year,fiber,credit_card,basic,past
0,3.7,94.95,1,4,1,1.43,one-year,none,bank_transfer,basic,past
0,3.6,86.01,2,1,1,2.03,one-year,fiber,bank_transfer,premium,past
0,72.0,51.34,2,3,1,2.2,one-year,fiber,electronic_check,basic,never
0,21.9,62.32,3,4,1,3.52,month-to-month,fiber,credit_card,basic,current
0,20.1,13.97,2,1,0,2.99,month-to-month,fiber,electronic_check,plus,past
0,10.9,42.96,3,1,0,3.13,month-to-month,fiber,bank_transfer,basic,current
0,26.2,52.66,1,2,1,2.95,month-to-month,none,electronic_check,plus,past
1,6.9,84.36,2,2,1,1.95,month-to-month,fiber,credit_card,plus,past
0,8.0,83.49,3,4,1,3.6,one-year,fiber,credit_card,plus,past
0,3.4,69.96,2,0,0,2.11,month-to-month,none,electronic_check,plus,never
0,11.3,103.82,3,1,0,3.66,month-to-month,fiber,electronic_check,plus,never
1,4.1,55.69,2,1,0,1.56,month-to-month,fiber,electronic_check,plus,past
0,44.5,45.22,2,2,0,1.2,month-to-month,fiber,electronic_check,basic,current
0,47.9,35.78,1,3,0,2.74,one-year,fiber,credit_card,basic,past
0,72.0,104.24,4,2,0,2.41,two-year,fiber,bank_transfer,basic,current
0,39.1,66.95,2,1,1,3.08,month-to-month,dsl,credit_card,plus,past
0,13.6,77.48,2,2,0,2.78,month-to-month,fiber,bank_transfer,plus,never
0,1.1,33.17,2,2,0,3.19,month-to-month,fiber,credit_card,basic,never
0,13.1,53.68,3,2,0,0.31,two-year,dsl,credit_card,basic,past
0,15.6,54.18,3,2,1,2.64,two-year,fiber,credit_card,basic,never
0,38.1,72.63,2,2,2,2.67,month-to-month,dsl,credit_card,premium,current
1,31.7,84.08,2,2,0,4.66,one-year,fiber,bank_transfer,basic,past
0,15.4,89.05,2,3,0,2.64,month-to-month,none,bank_transfer,basic,past
0,46.4,68.65,2,1,0,1.28,two-year,fiber,electronic_check,plus,past
0,21.2,49.39,1,1,1,0.87,month-to-month,fiber,electronic_check,basic,past
0,14.6,59.9,3,4,0,2.61,two-year,dsl,electronic_check,basic,current
0,20.7,93.73,2,2,0,1.7,month-to-month,fiber,credit_card,basic,current
1,4.7,76.25,1,1,1,3.25,month-to-month,fiber,electronic_check,plus,past
0,22.1,34.98,3,3,1,1.85,one-year,dsl,credit_card,basic,never
0,4.1,79.22,2,4,1,2.94,month-to-month,fiber,credit_card,basic,never
0,10.5,59.93,1,1,1,1.24,one-year,fiber,credit_card,plus,never
0,3.1,64.62,1,4,1,4.71,month-to-month,dsl,electronic_check,basic,current
0,13.9,61.21,3,3,1,3.9,month-to-month,dsl,electronic_check,basic,current
0,26.7,56.63,2,2,0,1.45,month-to-month,fiber,electronic_check,basic,never
0,6.5,61.1,2,1,0,3.4,two-year,fiber,electronic_check,plus,past
1,27.6,56.26,3,2,0,3.75,month-to-month,fiber,bank_transfer,basic,past
0,2.0,53.18,2,1,0,1.35,month-to-month,dsl,electronic_check,premium,past
0,3.1,58.98,2,2,0,1.71,two-year,fiber,electronic_check,basic,never
0,60.0,76.78,1,1,0,3.23,month-to-month,none,bank_transfer,plus,past
0,1.4,67.85,1,1,0,2.07,month-to-month,fiber,electronic_check,basic,past
1,1.2,89.27,0,3,0,2.27,month-to-month,none,electronic_check,basic,past
1,25.0,95.18,1,3,2,2.65,one-year,fiber,electronic_check,premium,never
0,72.0,102.3,3,3,0,1.04,two-year,fiber,credit_card,basic,current
0,19.7,64.36,3,1,0,2.67,month-to-month,dsl,credit_card,basic,past
0,10.0,76.11,1,4,2,2.44,month-to-month,fiber,electronic_check,basic,past
0,14.1,38.26,3,2,1,1.51,two-year,dsl,bank_transfer,plus,never
0,8.7,76.58,2,2,0,0.77,month-to-month,fiber,credit_card,basic,never
0,4.9,42.34,1,3,0,0.94,two-year,none,credit_card,basic,never
0,28.8,85.48,3,4,0,2.67,month-to-month,dsl,credit_card,basic,past
0,2.0,34.37,1,3,0,1.8,month-to-month,fiber,electronic_check,basic,never
0,12.1,41.48,3,3,1,3.49,two-year,fiber,credit_card,basic,past
0,7.2,105.03,2,2,1,1.77,month-to-month,dsl,electronic_check,basic,past
0,7.2,55.43,1,1,1,2.22,month-to-month,none,bank_transfer,plus,past
0,7.5,101.21,1,4,2,3.53,month-to-month,fiber,credit_card,basic,past
0,16.6,76.6,1,4,2,2.9,month-to-month,dsl,electronic_check,basic,past
0,8.4,86.84,3,1,2,2.96,month-to-month,fiber,electronic_check,plus,past
0,10.0,62.14,3,1,1,3.28,month-to-month,none,electronic_check,basic,never
0,5.3,85.83,3,0,0,1.73,month-to-month,dsl,electronic_check,premium,never
0,4.6,47.02,1,1,1,3.43,month-to-month,dsl,credit_card,premium,past
0,6.3,39.62,4,3,2,0.85,one-year,fiber,credit_card,plus,past
0,9.1,84.85,1,3,0,1.59,month-to-month,dsl,electronic_check,basic,never
0,15.4,83.61,2,2,0,2.95,month-to-month,dsl,electronic_check,basic,past
0,18.4,47.03,0,3,0,4.98,month-to-month,none,electronic_check,basic,never
0,13.8,86.26,3,1,2,2.7,one-year,fiber,electronic_check,plus,past
0,1.8,46.92,1,1,1,1.49,month-to-month,none,credit_card,basic,current
0,33.1,36.81,2,4,0,3.1,month-to-month,fiber,bank_transfer,premium,never
0,8.4,53.98,2,2,2,1.66,two-year,dsl,electronic_check,basic,past
0,10.8,55.24,1,2,2,4.73,one-year,fiber,electronic_check,basic,never
0,6.8,26.53,2,3,0,0.64,month-to-month,dsl,bank_transfer,basic,never
0,10.0,59.74,2,2,1,4.09,month-to-month,dsl,credit_card,premium,past
0,2.1,52.43,3,2,1,1.14,month-to-month,none,electronic_check,basic,never
0,1.9,74.7,1,2,1,3.19,month-to-month,fiber,credit_card,premium,current
1,37.3,73.67,3,1,1,5.54,month-to-month,fiber,electronic_check,plus,past
1,3.3,81.63,4,2,2,2.87,month-to-month,fiber,electronic_check,basic,current
0,30.4,74.87,4,3,1,1.64,month-to-month,fiber,electronic_check,basic,never
1,14.3,105.59,1,1,0,2.7,month-to-month,fiber,electronic_check,basic,past
0,17.6,52.38,3,2,0,3.24,month-to-month,fiber,bank_transfer,basic,current
0,30.4,78.51,3,1,1,1.31,month-to-month,dsl,electronic_check,premium,past
0,12.5,80.49,1,2,0,4.27,one-year,fiber,electronic_check,plus,never
0,6.1,96.52,3,1,1,2.31,two-year,fiber,bank_transfer,basic,never
0,29.8,59.91,4,4,0,1.24,two-year,dsl,electronic_check,plus,current
0,0.6,52.72,2,1,1,1.98,month-to-month,dsl,bank_transfer,basic,past
0,66.0,49.8,2,2,0,1.37,two-year,none,electronic_check,basic,never
0,72.0,62.4,3,2,1,1.76,one-year,fiber,electronic_check,basic,current
0,8.8,69.56,2,5,0,2.0,month-to-month,fiber,credit_card,basic,never
0,0.4,33.49,3,2,2,2.2,month-to-month,dsl,electronic_check,basic,past
0,6.1,104.18,2,1,0,3.95,month-to-month,dsl,electronic_check,plus,never
0,17.5,67.04,2,2,1,3.85,one-year,fiber,electronic_check,plus,never
0,23.3,42.34,3,1,0,3.52,one-year,dsl,credit_card,plus,past
1,22.7,88.69,1,2,2,3.79,month-to-month,fiber,electronic_check,basic,never
0,30.0,94.5,2,1,2,1.58,month-to-month,fiber,electronic_check,plus,current
0,32.3,74.87,1,2,0,2.17,one-year,fiber,bank_transfer,basic,past
0,10.6,88.47,2,2,1,3.18,one-year,fiber,bank_transfer,plus,current
0,7.2,53.05,1,3,1,1.48,month-to-month,dsl,bank_transfer,plus,never
0,16.1,74.76,3,3,1,1.7,month-to-month,dsl,credit_card,basic,never
0,34.3,47.48,3,1,0,0.47,month-to-month,dsl,electronic_check,basic,past
1,4.7,117.87,2,5,0,3.74,month-to-month,fiber,bank_transfer,basic,past
0,28.5,70.25,2,2,0,1.73,month-to-month,dsl,credit_card,basic,past
0,6.6,89.41,1,3,2,3.93,month-to-month,none,bank_transfer,basic,never
0,3.2,50.72,1,1,1,2.66,one-year,dsl,electronic_check,basic,never
0,29.6,40.94,2,1,1,1.31,month-to-month,dsl,bank_transfer,plus,current
0,27.2,59.16,1,2,0,1.81,two-year,fiber,electronic_check,basic,never
0,14.1,25.68,2,3,0,3.35,month-to-month,fiber,electronic_check,basic,never
1,2.0,43.4,1,3,1,1.4,month-to-month,fiber,electronic_check,basic,past
0,14.8,56.62,2,4,0,1.48,month-to-month,dsl,electronic_check,basic,current
0,16.9,58.66,1,2,0,2.35,two-year,none,electronic_check,basic,never
0,14.9,48.57,4,0,0,1.63,month-to-month,dsl,bank_transfer,premium,current
0,0.2,45.72,3,2,0,1.09,one-year,dsl,electronic_check,basic,never
0,43.8,116.71,3,4,0,3.64,month-to-month,fiber,credit_card,basic,never
0,16.8,81.71,1,1,1,1.36,one-year,none,electronic_check,plus,current
1,8.1,74.54,3,2,0,1.6,month-to-month,dsl,credit_card,basic,past
0,1.8,65.64,3,2,0,1.13,two-year,fiber,electronic_check,basic,never
0,0.3,72.03,2,1,1,1.98,month-to-month,none,electronic_check,premium,current
0,2.1,42.61,1,1,0,1.34,two-year,dsl,electronic_check,plus,never
0,3.9,116.09,2,1,2,4.45,one-year,fiber,electronic_check,basic,current
0,33.6,22.7,2,3,0,3.19,month-to-month,dsl,electronic_check,basic,current
1,35.9,69.42,2,3,1,1.95,month-to-month,fiber,credit_card,basic,past
0,20.9,79.97,2,2,1,2.46,one-year,fiber,bank_transfer,basic,past
0,72.0,103.47,1,2,0,1.25,one-year,fiber,electronic_check,plus,never
1,11.5,117.42,1,1,2,2.93,month-to-month,fiber,bank_transfer,premium,never
0,3.6,51.32,1,4,1,3.22,one-year,dsl,electronic_check,basic,current
0,23.6,94.97,3,2,2,0.6,two-year,fiber,electronic_check,basic,past
0,2.7,78.02,0,4,2,0.68,one-year,none,bank_transfer,basic,never
0,41.0,10.0,2,4,0,3.9,one-year,fiber,electronic_check,basic,past
0,35.2,57.43,3,2,0,2.97,month-to-month,dsl,bank_transfer,basic,past
0,20.5,26.68,2,1,0,1.66,month-to-month,dsl,bank_transfer,basic,past
0,39.2,70.64,1,3,0,0.54,one-year,none,electronic_check,basic,never
0,14.9,77.62,2,4,1,3.15,one-year,fiber,electronic_check,basic,never
0,16.4,42.46,1,1,0,1.94,one-year,none,credit_card,premium,never
0,9.6,74.12,2,2,1,1.28,month-to-month,fiber,bank_transfer,premium,never
0,6.4,92.65,1,1,1,3.91,month-to-month,none,electronic_check,basic,current
0,2.2,64.8,3,2,1,0.0,month-to-month,dsl,electronic_check,basic,current
0,27.0,89.05,2,1,0,3.52,month-to-month,fiber,electronic_check,plus,never
0,5.8,59.81,4,2,1,0.05,two-year,dsl,bank_transfer,basic,past
0,4.5,64.85,2,1,0,3.26,two-year,fiber,electronic_check,plus,never
0,21.7,65.53,3,3,1,0.93,two-year,fiber,electronic_check,basic,never
1,61.5,80.39,1,0,1,1.89,month-to-month,dsl,credit_card,premium,never
0,21.2,30.29,2,1,2,1.19,one-year,dsl,electronic_check,basic,past
0,6.0,85.02,2,2,1,2.25,one-year,dsl,electronic_check,basic,past
0,7.0,62.4,3,4,2,0.54,month-to-month,dsl,electronic_check,basic,past
0,11.9,46.46,2,0,2,2.3,month-to-month,fiber,electronic_check,premium,past
0,23.8,83.43,2,4,0,1.0,month-to-month,dsl,credit_card,plus,past
0,12.5,64.49,0,2,1,2.46,one-year,none,electronic_check,premium,current
0,20.8,35.0,2,4,2,3.5,two-year,fiber,electronic_check,basic,past
0,12.7,56.91,3,3,1,0.47,month-to-month,dsl,electronic_check,basic,current
0,18.4,72.41,1,4,0,1.36,month-to-month,fiber,electronic_check,premium,never
0,8.4,73.32,3,2,2,4.2,month-to-month,fiber,electronic_check,basic,never
0,7.7,86.26,2,0,1,2.17,one-year,dsl,electronic_check,plus,never
0,16.4,85.6,3,5,0,2.86,month-to-month,fiber,credit_card,plus,never
0,22.0,27.75,3,1,0,4.16,month-to-month,fiber,credit_card,basic,past
0,33.2,52.68,1,4,1,2.92,month-to-month,dsl,bank_transfer,basic,past
1,1.9,22.32,3,4,0,0.6,month-to-month,fiber,electronic_check,basic,never
0,6.0,104.37,2,3,0,1.35,month-to-month,fiber,electronic_check,basic,past
0,19.6,17.67,0,1,0,3.28,month-to-month,none,credit_card,plus,past
0,22.5,46.81,1,1,0,1.56,one-year,none,bank_transfer,basic,past
0,34.0,68.96,2,2,1,3.1,month-to-month,none,bank_transfer,basic,current
1,62.4,101.15,3,5,2,2.74,month-to-month,fiber,bank_transfer,basic,never
1,3.3,104.91,2,3,0,3.17,month-to-month,fiber,bank_transfer,basic,past
0,18.8,88.21,3,5,2,2.14,two-year,fiber,electronic_check,basic,never
0,16.3,123.81,3,2,3,2.35,month-to-month,dsl,bank_transfer,plus,past
0,4.2,88.69,1,3,1,2.24,month-to-month,dsl,credit_card,plus,past
0,53.4,69.77,2,4,0,2.75,two-year,none,credit_card,plus,current
0,40.0,85.77,1,2,2,0.0,month-to-month,dsl,electronic_check,basic,past
0,25.1,61.28,2,1,1,0.0,month-to-month,dsl,bank_transfer,plus,past
0,59.0,96.45,3,2,0,1.43,one-year,dsl,electronic_check,basic,current
0,1.0,60.53,2,1,0,1.06,month-to-month,fiber,bank_transfer,premium,current
1,13.3,88.78,1,5,1,2.66,month-to-month,fiber,bank_transfer,basic,past
0,5.1,85.28,2,1,0,3.52,month-to-month,none,electronic_check,basic,never
0,23.3,47.95,1,2,1,3.72,one-year,none,credit_card,basic,past
0,68.4,83.3,3,2,2,1.91,one-year,fiber,electronic_check,basic,past
0,27.4,67.0,1,2,1,4.96,month-to-month,fiber,credit_card,basic,past
0,15.3,108.39,2,4,0,2.89,one-year,dsl,bank_transfer,basic,never
0,47.3,102.21,3,4,0,4.66,two-year,fiber,electronic_check,basic,past
0,0.3,82.29,3,2,0,4.51,month-to-month,fiber,electronic_check,basic,never
0,21.7,102.35,1,2,1,0.89,one-year,dsl,credit_card,basic,never
1,7.6,90.45,3,3,1,2.53,month-to-month,fiber,electronic_check,basic,never
0,3.8,89.14,1,1,0,2.42,one-year,dsl,electronic_check,basic,never
0,6.9,42.32,3,0,0,1.86,month-to-month,dsl,electronic_check,plus,past
0,12.5,102.0,1,4,1,0.8,month-to-month,dsl,bank_transfer,basic,past
0,6.2,75.44,3,1,0,1.84,month-to-month,fiber,credit_card,plus,never
0,34.4,87.56,2,4,1,0.18,one-year,dsl,electronic_check,basic,never
0,12.8,83.59,3,2,2,4.86,month-to-month,dsl,electronic_check,plus,current
0,26.3,52.89,1,3,2,3.93,month-to-month,fiber,electronic_check,plus,past
0,12.2,45.48,2,2,1,1.25,one-year,fiber,electronic_check,basic,past
0,17.1,112.61,3,2,2,2.04,month-to-month,fiber,bank_transfer,basic,current
0,21.3,78.77,3,2,0,2.45,month-to-month,dsl,electronic_check,basic,past
0,30.7,98.23,2,2,0,2.11,month-to-month,dsl,credit_card,plus,never
0,10.5,65.01,1,2,0,4.17,month-to-month,fiber,credit_card,basic,past
0,10.3,74.95,3,0,0,2.55,month-to-month,dsl,electronic_check,plus,current
0,18.5,45.34,2,1,0,1.85,month-to-month,fiber,electronic_check,premium,never
0,22.2,59.36,1,3,0,3.58,month-to-month,fiber,electronic_check,basic,never
0,72.0,95.95,2,2,1,2.37,month-to-month,fiber,bank_transfer,basic,current
0,8.5,88.65,2,2,0,1.65,one-year,fiber,credit_card,basic,never
0,12.7,80.57,3,0,0,2.27,month-to-month,dsl,electronic_check,plus,never
1,16.5,45.33,1,3,1,2.75,month-to-month,dsl,bank_transfer,basic,past
0,6.0,58.09,1,1,0,3.58,month-to-month,none,credit_card,basic,past
0,23.4,56.54,2,1,1,3.77,month-to-month,fiber,electronic_check,basic,past
0,8.4,14.11,0,1,2,1.15,one-year,none,electronic_check,plus,never
0,3.5,55.55,3,1,0,2.99,month-to-month,fiber,electronic_check,basic,never
0,10.1,98.27,3,2,0,0.93,two-year,dsl,electronic_check,basic,current
1,7.7,77.38,3,1,0,2.27,month-to-month,dsl,electronic_check,plus,never
0,39.5,91.09,0,1,2,2.97,month-to-month,none,bank_transfer,plus,past
0,47.3,39.14,1,1,1,1.63,one-year,none,bank_transfer,basic,never
1,8.5,100.61,1,2,1,0.94,month-to-month,fiber,bank_transfer,basic,past
0,9.6,74.56,1,0,1,2.89,month-to-month,fiber,credit_card,premium,past
0,4.6,54.74,2,2,2,0.46,month-to-month,dsl,bank_transfer,plus,current
0,1.8,111.23,3,2,0,2.87,month-to-month,fiber,electronic_check,basic,current
0,4.9,78.24,2,3,0,2.08,two-year,dsl,electronic_check,basic,past
1,5.8,72.28,2,5,0,2.09,month-to-month,fiber,bank_transfer,basic,past
0,38.8,58.15,3,1,0,2.42,month-to-month,dsl,bank_transfer,plus,never
0,18.9,30.54,1,3,0,2.03,month-to-month,fiber,credit_card,basic,past
0,10.7,49.41,2,0,1,3.61,two-year,dsl,electronic_check,plus,past
0,26.7,58.83,4,1,1,2.93,month-to-month,fiber,credit_card,basic,past
0,0.2,71.77,2,3,0,1.85,month-to-month,fiber,bank_transfer,basic,past
0,2.0,52.15,1,2,2,3.23,two-year,none,bank_transfer,basic,never
0,7.8,109.43,3,2,0,2.61,month-to-month,dsl,bank_transfer,basic,past
0,16.3,11.53,2,2,0,3.75,one-year,fiber,bank_transfer,plus,current
0,26.4,89.0,2,1,0,2.25,one-year,dsl,bank_transfer,plus,past
0,21.2,71.87,2,2,1,2.09,two-year,dsl,electronic_check,plus,past
1,3.6,58.56,2,4,2,2.2,month-to-month,dsl,electronic_check,basic,current
0,8.8,66.24,2,2,0,3.79,two-year,fiber,bank_transfer,basic,never
0,2.6,55.95,3,1,0,3.81,month-to-month,fiber,bank_transfer,plus,never
0,32.1,44.19,3,2,0,2.42,one-year,dsl,credit_card,basic,current
1,2.2,70.34,2,0,0,3.96,month-to-month,fiber,electronic_check,plus,past
0,42.3,78.21,3,2,0,2.57,month-to-month,dsl,credit_card,basic,current
0,14.3,96.63,1,1,0,2.14,one-year,dsl,electronic_check,basic,never
0,12.6,46.39,2,4,0,1.59,one-year,fiber,electronic_check,premium,never
0,2.8,44.15,3,4,1,2.56,month-to-month,fiber,bank_transfer,basic,past
0,23.6,110.26,3,4,0,2.36,month-to-month,fiber,credit_card,plus,current
0,65.8,62.36,2,1,2,1.5,one-year,fiber,electronic_check,plus,past
0,1.0,88.95,2,2,1,3.58,month-to-month,dsl,credit_card,premium,never
0,29.3,79.02,3,1,2,3.23,month-to-month,fiber,electronic_check,basic,past
0,13.6,73.71,1,3,1,3.08,month-to-month,fiber,electronic_check,basic,past
0,8.1,52.28,2,1,1,4.0,one-year,fiber,credit_card,plus,current
0,21.9,81.89,2,2,2,2.54,month-to-month,fiber,electronic_check,plus,current
0,9.9,100.35,2,3,1,2.68,month-to-month,fiber,credit_card,basic,past
0,15.5,52.0,2,2,1,0.67,one-year,fiber,bank_transfer,plus,current
1,29.6,96.67,2,1,1,0.9,month-to-month,fiber,credit_card,basic,never
1,12.9,81.88,2,4,1,0.6,month-to-month,fiber,credit_card,plus,never
0,1.1,85.97,2,1,0,3.61,month-to-month,fiber,electronic_check,basic,never
1,38.5,67.96,2,2,1,2.49,month-to-month,fiber,electronic_check,basic,never
1,12.4,65.3,2,2,0,3.33,month-to-month,fiber,electronic_check,basic,never
0,8.8,90.83,2,4,2,1.94,one-year,fiber,electronic_check,basic,past
0,30.1,10.0,3,4,0,3.53,month-to-month,fiber,bank_transfer,basic,never
0,22.9,31.33,3,6,0,1.42,two-year,dsl,electronic_check,plus,current
0,32.0,43.89,2,1,1,2.19,month-to-month,dsl,bank_transfer,basic,never
0,7.9,45.39,2,0,1,2.27,month-to-month,fiber,credit_card,premium,never
0,18.4,137.68,3,1,0,0.6,one-year,fiber,electronic_check,plus,past
0,5.2,101.05,3,4,0,2.05,month-to-month,fiber,bank_transfer,basic,never
0,3.0,72.17,1,0,1,1.19,two-year,none,bank_transfer,premium,past
0,1.9,63.71,3,2,2,3.38,month-to-month,dsl,electronic_check,basic,never
0,26.7,112.81,2,1,1,0.0,month-to-month,dsl,electronic_check,plus,past
0,10.5,19.08,2,1,0,3.84,two-year,dsl,electronic_check,plus,never
1,1.8,66.76,2,4,0,0.6,month-to-month,fiber,bank_transfer,basic,current
0,72.0,46.33,1,1,0,0.91,two-year,fiber,credit_card,basic,current
0,35.3,23.54,2,1,1,1.3,month-to-month,none,credit_card,basic,past
1,24.4,52.47,2,3,1,1.66,month-to-month,dsl,bank_transfer,basic,past
0,49.5,120.02,3,5,0,3.92,month-to-month,fiber,bank_transfer,plus,never
0,41.9,69.29,2,1,0,1.86,two-year,fiber,credit_card,plus,never
0,4.6,102.61,1,2,1,2.23,month-to-month,dsl,electronic_check,basic,past
0,16.0,49.07,3,0,0,1.41,month-to-month,fiber,bank_transfer,premium,past
0,15.4,80.23,2,3,0,1.19,one-year,dsl,electronic_check,basic,never
0,50.2,78.15,1,2,0,0.06,month-to-month,dsl,electronic_check,premium,current
0,4.3,95.64,1,4,0,4.12,month-to-month,dsl,credit_card,basic,never
0,9.7,59.21,3,2,1,3.74,two-year,fiber,bank_transfer,plus,past
1,49.8,43.28,2,5,0,1.19,month-to-month,fiber,bank_transfer,basic,past
0,60.0,51.99,3,4,0,0.0,one-year,dsl,electronic_check,basic,past
1,5.8,70.15,2,1,0,1.66,one-year,fiber,bank_transfer,plus,past
0,5.2,77.68,2,1,0,1.18,two-year,fiber,bank_transfer,basic,never
0,17.1,80.25,2,2,0,1.81,month-to-month,dsl,electronic_check,basic,past
0,4.3,61.22,3,2,1,2.53,month-to-month,fiber,credit_card,basic,never
0,11.2,58.61,1,1,0,1.1,month-to-month,dsl,bank_transfer,plus,never
0,15.1,72.1,3,1,0,3.5,month-to-month,dsl,electronic_check,basic,never
0,72.0,99.94,2,2,1,0.0,one-year,dsl,bank_transfer,plus,never
1,27.4,99.49,1,4,0,2.35,two-year,dsl,electronic_check,basic,past
1,2.0,129.17,3,2,1,3.71,month-to-month,fiber,bank_transfer,basic,past
0,12.7,51.6,1,1,1,1.17,one-year,none,electronic_check,plus,past
0,23.3,86.31,2,1,2,2.3,month-to-month,fiber,electronic_check,premium,never
0,26.3,85.38,2,4,1,3.88,one-year,dsl,credit_card,basic,past
0,5.3,70.58,2,6,1,3.49,month-to-month,fiber,bank_transfer,plus,past
1,20.9,130.11,1,1,0,0.6,month-to-month,fiber,electronic_check,basic,past
1,6.3,78.35,3,3,0,1.8,month-to-month,fiber,electronic_check,basic,never
1,43.4,102.49,3,2,1,2.47,month-to-month,fiber,credit_card,plus,past
0,24.0,55.94,3,1,1,0.2,month-to-month,dsl,credit_card,plus,current
0,15.0,69.84,2,2,1,2.3,two-year,none,credit_card,basic,never
0,3.8,65.92,2,2,1,1.44,month-to-month,none,bank_transfer,basic,past
0,4.5,55.19,2,3,1,1.09,one-year,dsl,credit_card,basic,never
0,21.0,110.49,3,1,3,2.61,month-to-month,dsl,credit_card,basic,past
0,13.0,76.64,1,1,0,4.16,month-to-month,fiber,credit_card,basic,never
0,11.2,47.33,0,2,0,1.87,two-year,none,electronic_check,plus,never
0,6.4,65.57,4,1,0,1.82,one-year,dsl,electronic_check,plus,past
0,21.4,84.63,0,1,3,3.32,one-year,none,bank_transfer,basic,current
0,7.1,42.68,2,5,0,3.48,month-to-month,fiber,electronic_check,basic,past
0,6.9,74.86,3,3,1,3.46,month-to-month,fiber,credit_card,basic,current
0,34.1,110.5,2,2,2,0.48,one-year,dsl,electronic_check,basic,never
0,8.5,52.52,2,2,0,3.59,month-to-month,none,electronic_check,plus,current
0,3.5,20.28,1,2,0,2.71,one-year,fiber,credit_card,basic,past
0,13.1,82.27,2,2,1,1.77,one-year,dsl,bank_transfer,basic,never
0,2.8,66.87,2,3,3,1.45,two-year,fiber,bank_transfer,plus,current
0,2.4,101.72,3,1,0,2.52,month-to-month,fiber,credit_card,plus,never
0,12.9,30.93,2,1,0,1.14,month-to-month,none,electronic_check,premium,current
0,15.5,51.02,2,2,1,4.09,month-to-month,fiber,credit_card,basic,past
0,72.0,74.18,2,3,3,0.6,one-year,fiber,bank_transfer,premium,never
1,3.1,81.35,3,5,3,0.78,month-to-month,fiber,electronic_check,basic,never
0,7.9,79.99,1,5,0,2.14,one-year,none,electronic_check,basic,never
0,37.3,59.76,1,2,0,4.14,one-year,fiber,bank_transfer,basic,past
0,19.7,104.28,2,0,0,1.21,month-to-month,dsl,electronic_check,plus,never
0,27.4,75.85,1,3,0,3.24,one-year,fiber,electronic_check,plus,past
0,64.1,46.6,1,2,0,1.38,month-to-month,none,electronic_check,basic,never
0,6.1,79.83,1,0,0,4.35,one-year,none,electronic_check,plus,current
0,15.6,70.87,2,2,1,1.34,month-to-month,fiber,electronic_check,plus,current
0,36.3,52.35,2,3,0,4.39,two-year,fiber,electronic_check,basic,never
0,1.3,78.72,3,1,0,2.83,month-to-month,fiber,electronic_check,premium,never
0,38.4,60.84,2,2,0,2.24,month-to-month,fiber,bank_transfer,plus,past
1,5.1,107.15,2,2,0,0.6,month-to-month,fiber,electronic_check,basic,never
0,0.1,57.51,2,2,0,3.36,month-to-month,fiber,electronic_check,basic,current
0,6.1,75.65,3,1,0,3.07,month-to-month,fiber,electronic_check,basic,never
0,0.1,60.55,2,2,2,3.76,two-year,fiber,credit_card,plus,past
0,12.7,65.41,3,0,1,2.16,one-year,fiber,credit_card,plus,never
0,1.6,78.88,2,4,1,1.46,month-to-month,dsl,electronic_check,basic,current
0,23.3,57.31,3,2,0,3.0,month-to-month,dsl,credit_card,basic,current
1,4.8,81.98,2,2,1,3.23,two-year,fiber,electronic_check,plus,past
0,65.6,81.18,1,4,2,4.36,month-to-month,none,electronic_check,plus,current
0,7.5,46.31,3,3,0,0.6,month-to-month,fiber,electronic_check,basic,past
0,5.5,113.21,1,5,0,1.53,one-year,fiber,credit_card,basic,never
0,12.5,46.5,1,3,0,4.19,one-year,fiber,electronic_check,basic,never
0,15.8,109.61,3,1,0,1.37,one-year,fiber,bank_transfer,plus,never
1,18.0,52.53,2,3,1,2.42,month-to-month,fiber,credit_card,basic,past
1,28.8,85.7,3,1,2,2.29,month-to-month,fiber,bank_transfer,basic,current
1,43.9,23.58,1,1,0,3.05,month-to-month,fiber,electronic_check,basic,never
0,4.1,69.75,0,3,1,3.43,month-to-month,none,bank_transfer,basic,never
0,23.7,116.32,3,1,0,1.62,one-year,fiber,credit_card,plus,past
1,6.5,92.89,4,1,1,2.4,month-to-month,dsl,credit_card,plus,past
0,47.8,73.24,2,1,0,3.12,one-year,fiber,credit_card,plus,past
0,4.9,138.93,0,1,0,2.21,month-to-month,none,electronic_check,basic,never
0,20.9,54.52,0,0,0,2.42,month-to-month,none,bank_transfer,plus,past
0,12.4,65.31,3,6,0,3.52,month-to-month,fiber,bank_transfer,basic,current
0,39.3,87.21,3,2,0,5.1,two-year,fiber,credit_card,basic,past
0,3.1,88.05,1,6,0,0.43,two-year,none,electronic_check,basic,past
0,13.0,77.4,2,1,0,2.99,month-to-month,fiber,credit_card,premium,past
1,26.6,87.23,2,4,1,2.62,month-to-month,dsl,electronic_check,basic,past
0,18.9,64.53,2,3,0,3.45,month-to-month,fiber,bank_transfer,plus,never
0,9.4,65.2,3,1,0,2.11,month-to-month,dsl,bank_transfer,basic,past
1,20.9,87.02,3,3,1,3.16,two-year,fiber,electronic_check,basic,past
0,28.0,92.51,1,5,3,3.03,month-to-month,dsl,electronic_check,basic,current
0,6.8,85.1,3,4,0,2.73,month-to-month,dsl,credit_card,plus,current
1,1.2,53.29,2,6,1,0.31,month-to-month,dsl,electronic_check,basic,past
0,36.5,91.39,3,2,0,2.53,one-year,fiber,electronic_check,basic,never
0,15.0,72.95,1,3,2,4.66,two-year,fiber,credit_card,premium,past
0,0.6,50.27,2,1,0,0.95,two-year,fiber,electronic_check,basic,never
1,10.0,94.96,1,2,1,1.33,month-to-month,fiber,electronic_check,basic,never
0,72.0,48.02,2,2,1,3.41,one-year,fiber,credit_card,basic,past
0,9.9,69.46,3,4,1,0.99,two-year,dsl,credit_card,basic,never
0,44.5,64.2,1,2,0,0.33,month-to-month,dsl,credit_card,premium,past
0,50.7,64.99,1,0,1,2.29,one-year,dsl,electronic_check,premium,past
0,4.7,50.55,2,3,0,2.93,month-to-month,fiber,electronic_check,basic,never
1,0.4,64.69,2,3,1,2.37,month-to-month,fiber,bank_transfer,basic,never
0,45.3,92.25,2,1,0,4.13,month-to-month,fiber,credit_card,premium,past
0,20.0,38.08,3,3,1,4.61,month-to-month,fiber,credit_card,basic,past
0,8.8,27.14,2,1,0,2.86,month-to-month,fiber,electronic_check,basic,past
0,4.7,88.85,3,4,1,2.28,month-to-month,dsl,credit_card,basic,past
0,6.3,75.69,2,4,0,1.94,month-to-month,fiber,bank_transfer,basic,past
0,6.1,43.73,3,1,1,3.38,one-year,fiber,electronic_check,basic,never
0,34.3,85.72,2,1,0,1.36,one-year,fiber,electronic_check,plus,past
0,4.0,39.39,1,0,1,0.0,one-year,none,electronic_check,plus,past
0,1.4,102.92,1,3,0,0.6,month-to-month,fiber,electronic_check,basic,past
1,0.4,90.28,2,3,1,0.0,month-to-month,dsl,credit_card,basic,past
0,7.5,60.09,2,3,1,2.39,month-to-month,fiber,electronic_check,basic,never
0,28.2,48.14,1,2,0,1.1,one-year,none,credit_card,basic,never
0,12.2,47.58,3,4,0,1.95,one-year,dsl,credit_card,basic,current
0,7.5,94.55,2,1,0,1.92,month-to-month,fiber,electronic_check,basic,current
0,22.8,44.59,4,2,2,1.11,two-year,dsl,electronic_check,plus,past
0,0.4,60.58,2,2,0,3.09,month-to-month,dsl,electronic_check,basic,past
0,23.8,61.02,2,1,0,0.73,month-to-month,dsl,electronic_check,basic,never
0,16.1,14.32,3,3,0,1.37,one-year,dsl,bank_transfer,basic,current
0,1.1,73.06,1,3,1,0.6,month-to-month,fiber,electronic_check,basic,past
0,4.9,83.01,2,3,0,2.71,one-year,dsl,electronic_check,basic,current
0,0.8,81.55,1,0,2,3.16,month-to-month,dsl,bank_transfer,plus,never
0,0.8,63.55,2,2,0,0.99,month-to-month,fiber,electronic_check,basic,current
0,1.0,57.19,1,3,1,3.95,two-year,dsl,credit_card,basic,never
0,1.1,123.95,3,3,0,0.7,one-year,dsl,electronic_check,basic,past
0,32.5,41.61,3,1,2,0.6,month-to-month,fiber,electronic_check,basic,never
0,22.3,70.93,2,1,2,0.6,two-year,fiber,electronic_check,plus,current
0,33.7,42.36,3,3,0,0.93,month-to-month,fiber,electronic_check,plus,never
0,44.0,61.29,1,5,1,1.92,one-year,dsl,credit_card,basic,never
0,24.8,99.97,2,4,2,2.21,two-year,fiber,electronic_check,basic,never
0,25.2,42.97,0,5,0,1.35,one-year,none,bank_transfer,basic,current
0,16.2,82.25,2,4,0,3.2,month-to-month,fiber,electronic_check,plus,current
0,2.2,58.66,2,2,2,1.44,two-year,dsl,electronic_check,basic,past
0,6.2,89.22,1,2,0,1.67,one-year,none,electronic_check,basic,never
0,26.1,97.45,2,3,1,2.81,month-to-month,dsl,electronic_check,basic,past
0,7.4,41.91,2,1,1,0.58,two-year,dsl,bank_transfer,plus,never
1,0.0,68.24,3,0,1,3.31,month-to-month,fiber,electronic_check,plus,never
0,13.0,77.15,1,1,0,2.11,month-to-month,fiber,electronic_check,plus,past
0,10.4,41.48,2,1,1,2.06,month-to-month,fiber,credit_card,premium,past
0,8.0,48.1,3,3,2,2.55,month-to-month,fiber,electronic_check,basic,never
0,12.4,72.83,2,2,1,2.97,month-to-month,dsl,electronic_check,plus,past
0,8.0,49.92,0,1,1,1.75,month-to-month,none,bank_transfer,basic,never
1,9.0,70.68,2,5,0,3.72,month-to-month,dsl,electronic_check,basic,never
0,2.8,80.83,3,3,0,1.41,month-to-month,dsl,bank_transfer,premium,never
0,7.3,56.15,2,2,0,1.63,month-to-month,dsl,credit_card,basic,past
0,33.8,10.0,2,3,2,2.0,two-year,dsl,credit_card,plus,past
0,27.9,35.75,3,4,2,4.31,month-to-month,none,bank_transfer,basic,past
1,13.3,63.81,2,3,1,3.17,month-to-month,fiber,bank_transfer,premium,never
0,3.2,82.75,2,0,2,5.33,one-year,fiber,bank_transfer,plus,never
0,2.1,65.67,1,2,0,0.14,month-to-month,none,bank_transfer,premium,never
0,9.2,65.17,3,0,1,1.73,month-to-month,fiber,electronic_check,premium,never
0,6.0,11.45,0,3,2,0.0,month-to-month,none,electronic_check,basic,past
1,3.8,66.37,2,2,1,0.6,month-to-month,fiber,credit_card,basic,never
0,13.9,88.0,1,1,0,1.84,month-to-month,none,credit_card,basic,never
0,27.9,95.79,2,2,0,0.76,one-year,dsl,credit_card,basic,never
1,2.2,103.41,2,2,1,3.91,month-to-month,fiber,electronic_check,basic,past
0,21.9,29.56,1,2,1,3.69,month-to-month,dsl,bank_transfer,basic,never
0,13.7,84.44,2,2,0,3.51,month-to-month,fiber,electronic_check,basic,never
0,0.5,65.86,2,2,1,1.25,month-to-month,dsl,credit_card,plus,past
0,9.0,50.46,1,1,0,3.16,month-to-month,dsl,electronic_check,basic,current
0,25.7,116.32,3,3,0,3.92,two-year,fiber,credit_card,plus,past
1,14.9,91.1,4,3,0,3.85,month-to-month,dsl,electronic_check,basic,never
0,20.8,67.81,3,2,0,1.94,month-to-month,dsl,electronic_check,basic,past
0,17.6,93.87,3,4,0,1.98,month-to-month,dsl,electronic_check,basic,past
1,7.3,96.71,1,2,2,2.04,month-to-month,none,credit_card,basic,past
0,62.5,73.3,2,2,1,3.49,month-to-month,fiber,credit_card,basic,never
0,4.4,57.72,2,2,0,1.8,month-to-month,dsl,electronic_check,basic,past
0,8.3,98.69,2,4,0,3.74,two-year,dsl,electronic_check,basic,current
0,4.2,10.0,4,2,0,1.7,month-to-month,fiber,electronic_check,basic,never
1,1.5,107.13,2,4,2,3.5,month-to-month,fiber,electronic_check,basic,current
0,8.5,52.87,4,1,0,2.38,one-year,fiber,bank_transfer,basic,never
1,10.9,95.6,1,1,2,1.52,month-to-month,none,electronic_check,plus,past
0,19.0,104.65,3,4,1,2.45,month-to-month,fiber,credit_card,basic,never
0,33.5,36.79,3,0,0,1.57,month-to-month,dsl,electronic_check,plus,past
1,51.4,87.44,3,3,2,3.53,two-year,fiber,electronic_check,basic,past
0,3.0,62.6,3,1,1,1.89,two-year,fiber,bank_transfer,basic,past
0,27.3,83.31,2,3,0,1.86,two-year,dsl,bank_transfer,basic,never
0,6.9,53.68,3,3,0,0.6,month-to-month,fiber,credit_card,basic,current
0,29.2,73.25,2,0,1,3.17,two-year,fiber,electronic_check,plus,past
0,15.6,103.27,1,3,2,4.58,month-to-month,fiber,bank_transfer,premium,current
0,39.3,104.07,3,2,0,1.02,month-to-month,fiber,electronic_check,premium,past
0,30.8,59.29,3,0,0,2.59,month-to-month,dsl,credit_card,plus,past
0,2.9,82.04,2,3,0,4.0,month-to-month,dsl,electronic_check,basic,past
0,12.8,81.3,3,1,0,4.04,two-year,fiber,bank_transfer,plus,never
0,28.6,61.37,1,1,0,0.6,one-year,fiber,bank_transfer,basic,never
0,25.9,27.06,2,7,1,1.33,month-to-month,fiber,electronic_check,basic,past
1,6.1,73.3,3,1,0,2.31,one-year,fiber,credit_card,premium,never
0,29.8,19.33,1,1,2,2.31,one-year,dsl,electronic_check,plus,current
0,34.6,85.27,1,1,0,1.5,month-to-month,dsl,electronic_check,basic,past
0,40.7,115.89,2,5,0,3.63,month-to-month,dsl,credit_card,basic,past
0,7.7,89.06,1,1,0,2.78,month-to-month,fiber,electronic_check,basic,past
0,15.5,63.07,2,4,1,3.42,two-year,dsl,electronic_check,plus,current
0,7.7,39.95,2,3,2,4.02,two-year,fiber,bank_transfer,basic,never
0,11.6,38.56,3,3,1,4.13,month-to-month,fiber,credit_card,premium,never
0,8.5,80.3,2,3,0,2.65,two-year,fiber,electronic_check,basic,never
0,1.4,28.1,1,3,0,1.76,month-to-month,dsl,bank_transfer,premium,never
0,5.1,71.84,3,3,0,0.18,month-to-month,dsl,credit_card,basic,past
1,19.3,118.9,3,3,0,1.57,month-to-month,fiber,electronic_check,basic,past
1,14.3,147.6,2,2,0,1.53,month-to-month,none,electronic_check,basic,past
0,26.6,81.93,2,4,2,2.18,two-year,fiber,electronic_check,basic,never
0,50.7,63.34,2,1,0,4.1,one-year,fiber,bank_transfer,premium,past
0,3.0,75.34,3,0,0,4.07,month-to-month,fiber,electronic_check,plus,never
0,23.4,35.94,2,2,2,1.86,month-to-month,fiber,electronic_check,basic,current
0,2.9,76.19,2,3,1,1.45,one-year,dsl,bank_transfer,basic,never
0,9.1,43.82,3,4,0,3.01,month-to-month,dsl,electronic_check,basic,past
0,50.7,86.9,1,4,1,1.91,one-year,dsl,bank_transfer,basic,past
0,0.1,106.33,2,1,1,5.62,one-year,dsl,electronic_check,basic,past
0,14.2,51.25,2,3,0,1.67,one-year,fiber,electronic_check,basic,never
0,2.1,74.72,1,1,0,1.51,one-year,dsl,credit_card,plus,past
0,5.8,85.69,1,1,1,1.23,month-to-month,fiber,credit_card,plus,past
0,4.8,56.38,2,2,1,2.16,month-to-month,fiber,credit_card,plus,past
0,12.3,68.47,1,1,1,2.85,one-year,fiber,electronic_check,basic,past
0,6.6,30.24,2,2,2,2.52,month-to-month,dsl,bank_transfer,plus,past
0,0.5,109.38,0,1,2,0.92,one-year,none,bank_transfer,basic,past
0,14.2,62.89,3,1,0,1.73,month-to-month,fiber,electronic_check,plus,past
0,41.4,52.38,2,3,1,2.65,month-to-month,fiber,credit_card,plus,past
0,14.4,50.62,2,2,1,2.19,month-to-month,fiber,credit_card,basic,current
0,38.3,89.32,1,2,0,2.13,one-year,none,credit_card,plus,never
0,18.6,63.78,2,1,1,4.14,month-to-month,fiber,credit_card,plus,past
0,2.7,59.8,3,1,0,2.2,one-year,fiber,bank_transfer,basic,never
1,21.3,91.96,3,1,1,3.72,month-to-month,fiber,electronic_check,basic,past
0,4.5,94.0,1,2,0,2.72,month-to-month,dsl,bank_transfer,basic,never
0,17.9,52.92,2,4,0,5.87,one-year,fiber,bank_transfer,basic,never
0,25.5,71.01,2,4,1,2.57,two-year,dsl,electronic_check,basic,past
1,6.6,85.7,1,3,0,1.97,month-to-month,dsl,credit_card,plus,past
1,23.2,64.95,2,1,1,2.2,month-to-month,fiber,bank_transfer,plus,past
0,6.6,45.49,2,4,0,4.07,month-to-month,fiber,credit_card,basic,never
0,7.5,43.03,4,1,1,1.81,month-to-month,fiber,credit_card,premium,past
0,12.7,62.34,3,1,0,0.6,month-to-month,fiber,credit_card,plus,current
1,13.8,42.45,2,0,0,1.12,month-to-month,dsl,electronic_check,plus,past
0,17.3,83.06,1,3,0,1.3,one-year,dsl,electronic_check,basic,past
0,0.0,52.33,2,2,1,2.43,month-to-month,dsl,electronic_check,plus,current
0,27.5,79.83,2,2,0,2.79,two-year,fiber,electronic_check,basic,current
0,22.7,32.9,1,1,0,0.29,one-year,dsl,electronic_check,plus,never
0,17.8,57.24,1,4,1,3.36,two-year,none,credit_card,basic,current
0,9.9,61.46,1,2,1,2.5,one-year,none,electronic_check,basic,never
0,72.0,83.37,2,2,0,2.67,one-year,dsl,electronic_check,plus,past
0,72.0,47.22,4,1,0,0.23,month-to-month,dsl,bank_transfer,basic,past
0,1.0,35.4,3,1,0,1.07,one-year,dsl,electronic_check,basic,past
0,13.5,55.98,3,1,0,5.43,month-to-month,dsl,bank_transfer,plus,current
0,11.7,42.26,3,2,0,3.82,month-to-month,fiber,bank_transfer,plus,past
0,10.3,88.73,2,2,2,4.1,one-year,fiber,bank_transfer,basic,never
0,14.5,98.8,2,2,0,3.13,month-to-month,dsl,credit_card,basic,past
0,45.0,80.64,2,5,1,5.01,two-year,dsl,bank_transfer,basic,past
0,27.4,75.74,3,1,0,3.9,one-year,fiber,bank_transfer,basic,past
0,6.3,70.55,2,2,1,3.5,two-year,fiber,electronic_check,premium,past
0,7.0,90.63,2,1,1,1.38,two-year,dsl,credit_card,plus,current
1,4.3,61.94,4,3,1,3.5,month-to-month,fiber,electronic_check,plus,past
0,6.4,97.88,2,3,0,0.6,two-year,fiber,electronic_check,basic,never
0,16.4,96.49,3,2,2,2.27,month-to-month,dsl,credit_card,basic,never
1,1.3,66.49,2,3,0,1.77,month-to-month,fiber,bank_transfer,basic,past
0,3.4,72.6,2,1,1,4.61,two-year,none,bank_transfer,basic,never
0,26.8,32.24,4,3,1,0.0,one-year,dsl,credit_card,basic,never
0,8.7,44.66,2,2,0,1.01,one-year,dsl,bank_transfer,basic,past
0,34.8,18.62,1,1,1,1.79,two-year,fiber,electronic_check,premium,past
0,4.3,96.78,1,1,0,0.31,one-year,dsl,bank_transfer,basic,current
0,19.7,28.24,2,0,0,0.8,month-to-month,dsl,credit_card,plus,past
0,4.3,60.46,3,1,1,1.12,one-year,fiber,credit_card,plus,never
1,1.7,84.95,2,1,2,2.07,one-year,fiber,electronic_check,premium,past
0,5.1,115.08,1,2,1,1.29,one-year,fiber,credit_card,basic,past
1,12.2,90.32,3,3,1,4.53,two-year,fiber,credit_card,premium,past
0,13.1,48.43,1,1,1,2.65,one-year,fiber,electronic_check,plus,never
0,19.1,47.39,3,1,0,1.18,two-year,none,credit_card,plus,current
0,12.1,107.81,1,2,1,1.81,one-year,fiber,bank_transfer,basic,past
0,14.7,29.76,2,3,0,2.73,two-year,dsl,bank_transfer,plus,never
1,1.0,84.4,3,4,0,0.17,month-to-month,dsl,bank_transfer,basic,past
0,6.4,64.23,3,1,1,1.83,month-to-month,fiber,electronic_check,plus,past
0,11.1,113.49,2,1,0,3.81,month-to-month,fiber,bank_transfer,basic,never
0,20.6,111.43,1,1,1,0.0,two-year,dsl,electronic_check,basic,past
0,1.0,66.69,3,2,2,1.47,two-year,dsl,bank_transfer,basic,current
0,12.7,49.62,3,3,1,2.39,one-year,dsl,electronic_check,basic,never
0,2.1,60.39,2,0,0,2.53,month-to-month,dsl,electronic_check,premium,never
1,26.2,114.32,2,2,0,3.82,month-to-month,fiber,bank_transfer,plus,past
0,33.5,65.64,2,0,0,2.71,month-to-month,fiber,credit_card,plus,past
0,1.8,53.92,1,1,1,4.9,month-to-month,none,electronic_check,plus,past
0,19.6,51.8,3,0,0,0.39,month-to-month,dsl,electronic_check,premium,current
0,45.7,49.11,3,3,0,2.94,two-year,dsl,electronic_check,basic,past
0,0.2,60.64,3,2,0,3.85,month-to-month,fiber,electronic_check,basic,past
0,36.9,39.97,2,2,0,1.55,month-to-month,fiber,credit_card,plus,past
1,2.0,100.04,3,2,1,2.85,month-to-month,fiber,electronic_check,plus,never
0,27.0,53.46,2,2,1,1.94,month-to-month,fiber,bank_transfer,basic,past
0,10.8,65.83,1,3,1,2.12,month-to-month,dsl,electronic_check,basic,never
0,13.9,23.44,2,3,1,1.88,one-year,dsl,bank_transfer,basic,past
0,30.6,95.58,3,3,0,2.1,one-year,dsl,electronic_check,basic,never
0,3.6,81.4,1,3,1,4.05,two-year,fiber,credit_card,premium,past
0,12.8,73.48,2,3,1,3.15,month-to-month,fiber,electronic_check,basic,never
0,66.3,94.03,2,2,1,2.73,one-year,fiber,electronic_check,basic,never
0,48.7,100.39,2,2,1,2.17,one-year,fiber,electronic_check,plus,never
1,7.5,77.87,1,1,2,4.52,one-year,none,electronic_check,plus,past
0,33.0,78.28,3,2,1,1.85,month-to-month,fiber,electronic_check,basic,current
0,34.6,94.21,2,1,0,3.44,two-year,fiber,credit_card,basic,current
0,15.6,68.04,2,1,1,2.11,one-year,dsl,bank_transfer,basic,current
0,29.8,97.53,2,2,0,1.99,one-year,fiber,bank_transfer,basic,never
0,2.2,73.89,1,1,1,2.2,month-to-month,dsl,electronic_check,plus,past
0,44.9,65.28,2,3,0,3.55,two-year,fiber,electronic_check,plus,never
0,46.8,56.43,3,0,0,4.81,one-year,none,credit_card,plus,never
0,14.4,39.02,2,2,0,2.47,month-to-month,fiber,credit_card,basic,past
0,16.3,98.34,3,6,0,0.39,month-to-month,dsl,electronic_check,basic,current
1,27.5,113.7,3,3,0,3.54,month-to-month,fiber,bank_transfer,basic,never
0,26.5,10.0,3,2,0,1.05,month-to-month,dsl,electronic_check,premium,past
0,8.0,74.39,2,3,0,2.37,one-year,fiber,electronic_check,premium,never
0,26.0,51.34,2,4,2,0.6,one-year,fiber,electronic_check,plus,never
0,40.6,57.45,2,0,0,1.19,month-to-month,dsl,electronic_check,plus,never
1,14.5,66.47,2,1,1,5.13,month-to-month,fiber,credit_card,plus,current
0,0.3,90.7,2,1,1,5.5,month-to-month,fiber,credit_card,basic,never
0,7.1,88.84,3,1,0,3.13,month-to-month,fiber,electronic_check,premium,never
0,32.4,63.69,4,1,1,3.12,month-to-month,fiber,credit_card,basic,never
0,34.8,58.83,2,3,2,2.09,month-to-month,dsl,electronic_check,plus,never
0,21.2,72.53,4,1,1,0.24,one-year,dsl,electronic_check,basic,never
0,3.6,54.8,1,3,0,3.77,one-year,fiber,credit_card,basic,current
0,3.2,44.0,2,1,1,2.88,month-to-month,dsl,electronic_check,basic,past
0,20.7,72.19,2,3,0,1.7,one-year,dsl,electronic_check,plus,never
1,7.1,77.13,2,2,0,2.4,month-to-month,fiber,credit_card,basic,never
0,9.2,76.86,4,1,0,1.35,two-year,fiber,electronic_check,basic,never
0,1.0,88.55,2,1,0,2.47,month-to-month,none,bank_transfer,basic,never
0,19.6,57.02,4,2,0,3.03,month-to-month,dsl,electronic_check,basic,past
0,4.1,105.33,2,2,1,2.84,month-to-month,fiber,electronic_check,basic,never
0,11.8,75.94,2,2,0,1.04,month-to-month,dsl,bank_transfer,basic,current
0,20.7,46.56,2,0,0,4.28,two-year,fiber,electronic_check,plus,never
0,3.4,68.92,2,3,0,2.64,one-year,fiber,credit_card,basic,current
0,4.5,105.2,1,2,0,1.91,month-to-month,none,bank_transfer,basic,past
1,14.6,58.43,3,2,3,2.33,one-year,fiber,credit_card,basic,past
0,0.7,78.47,3,2,1,2.73,month-to-month,fiber,electronic_check,basic,never
0,11.6,91.0,1,1,1,3.01,month-to-month,fiber,electronic_check,plus,never
0,67.6,55.95,1,2,0,2.63,one-year,none,electronic_check,basic,never
0,25.4,67.97,2,2,1,2.38,month-to-month,dsl,bank_transfer,basic,past
0,49.0,57.81,2,1,1,2.24,one-year,fiber,credit_card,plus,never
0,72.0,51.77,3,1,0,0.6,month-to-month,fiber,credit_card,basic,never
0,25.4,87.31,3,3,1,2.39,month-to-month,dsl,bank_transfer,basic,never
0,49.1,28.14,3,3,0,1.95,two-year,fiber,electronic_check,basic,never
0,4.0,67.51,1,3,1,1.9,one-year,none,electronic_check,basic,never
0,19.4,38.92,1,1,0,0.6,month-to-month,fiber,credit_card,basic,never
0,5.4,37.42,1,1,0,0.7,month-to-month,dsl,electronic_check,plus,past
0,21.4,45.35,2,6,0,3.17,month-to-month,dsl,bank_transfer,basic,current
0,7.2,73.16,2,1,0,3.3,one-year,none,electronic_check,plus,past
0,11.9,65.04,2,2,2,1.36,two-year,fiber,credit_card,basic,past
0,14.5,78.89,2,1,0,0.17,month-to-month,none,electronic_check,plus,past
0,72.0,19.72,2,0,1,0.6,month-to-month,fiber,electronic_check,plus,past
0,37.5,61.9,3,1,1,0.1,month-to-month,dsl,bank_transfer,plus,never
0,16.7,33.68,2,1,0,3.19,month-to-month,dsl,electronic_check,basic,current
0,38.5,85.87,2,4,0,4.15,one-year,dsl,electronic_check,basic,current
1,3.7,88.89,2,3,0,4.44,month-to-month,fiber,electronic_check,basic,current
0,25.2,85.79,2,5,0,2.78,month-to-month,dsl,credit_card,basic,past
0,18.6,53.67,1,1,0,2.64,month-to-month,fiber,bank_transfer,plus,current
1,10.5,83.44,2,2,0,3.28,month-to-month,fiber,electronic_check,basic,current
0,10.5,43.0,1,4,1,1.83,one-year,fiber,bank_transfer,basic,past
0,3.5,45.51,2,4,1,1.73,one-year,dsl,credit_card,basic,never
0,6.2,76.4,1,2,0,0.0,month-to-month,dsl,credit_card,plus,never
0,10.3,24.94,3,0,0,2.63,month-to-month,fiber,bank_transfer,plus,never
1,1.5,58.94,3,5,0,4.4,month-to-month,fiber,electronic_check,basic,past
0,24.4,49.2,3,2,0,1.65,month-to-month,dsl,credit_card,basic,current
0,0.1,98.8,2,4,1,1.97,month-to-month,none,electronic_check,basic,current
1,21.7,68.15,3,3,0,2.13,one-year,fiber,electronic_check,basic,never
0,8.9,43.6,2,1,1,2.89,month-to-month,fiber,credit_card,basic,past
1,2.1,79.21,1,1,1,0.0,month-to-month,none,electronic_check,basic,never
0,7.0,74.83,3,2,1,1.36,month-to-month,dsl,bank_transfer,plus,past
0,3.5,77.1,2,3,2,3.63,one-year,dsl,electronic_check,plus,never
0,4.8,44.29,2,0,0,2.59,one-year,fiber,credit_card,plus,never
0,14.5,81.01,3,3,0,3.84,month-to-month,fiber,credit_card,basic,past
0,36.1,23.78,1,1,0,2.3,month-to-month,none,electronic_check,plus,past
0,11.2,99.24,2,1,0,0.33,one-year,dsl,electronic_check,plus,never
0,4.8,65.15,2,2,0,3.4,month-to-month,dsl,electronic_check,basic,past
0,24.0,92.55,2,2,0,1.3,two-year,none,electronic_check,basic,past
0,25.9,44.15,1,2,0,2.55,month-to-month,fiber,bank_transfer,basic,past
0,28.0,53.8,1,1,2,0.9,month-to-month,dsl,bank_transfer,basic,past
1,45.3,88.22,1,1,0,1.83,one-year,fiber,bank_transfer,plus,past
0,5.3,104.74,2,1,0,3.03,two-year,dsl,bank_transfer,plus,past
0,1.8,10.0,2,2,0,3.62,month-to-month,fiber,electronic_check,plus,past
0,10.8,59.93,2,3,2,2.01,one-year,dsl,electronic_check,basic,past
0,0.5,26.15,2,4,1,1.52,month-to-month,fiber,electronic_check,basic,past
0,16.0,54.67,1,2,0,0.26,one-year,none,electronic_check,premium,past
0,3.3,113.2,3,3,1,1.81,month-to-month,dsl,credit_card,basic,never
0,37.6,38.64,1,2,1,1.07,one-year,fiber,bank_transfer,basic,past
1,65.2,72.57,2,2,0,3.49,month-to-month,fiber,credit_card,plus,past
0,14.3,66.63,1,2,1,1.79,two-year,fiber,electronic_check,basic,past
0,18.7,66.68,2,3,0,1.09,month-to-month,none,electronic_check,plus,past
0,4.7,98.77,1,0,0,2.08,one-year,dsl,credit_card,plus,never
0,11.2,111.14,2,3,1,0.66,month-to-month,dsl,electronic_check,basic,past
1,1.2,95.82,3,1,1,4.19,month-to-month,fiber,electronic_check,plus,past
0,7.4,91.45,2,1,1,4.67,month-to-month,dsl,bank_transfer,plus,past
0,9.7,76.53,1,1,1,4.34,one-year,fiber,electronic_check,basic,never
0,0.7,32.64,1,1,0,2.96,two-year,dsl,electronic_check,basic,never
0,29.5,98.55,1,1,1,0.0,month-to-month,dsl,electronic_check,basic,current
0,4.5,106.54,2,3,0,4.62,month-to-month,fiber,electronic_check,basic,past
0,22.6,49.44,1,2,0,2.83,two-year,fiber,credit_card,premium,past
0,71.6,80.93,2,3,1,1.84,one-year,fiber,electronic_check,basic,past
1,7.3,84.83,2,4,1,2.53,month-to-month,fiber,credit_card,basic,past
0,26.1,62.19,0,1,0,0.53,one-year,none,electronic_check,basic,never
0,29.8,76.94,2,2,1,0.98,month-to-month,none,credit_card,basic,past
0,0.3,108.33,2,0,1,1.04,month-to-month,dsl,credit_card,premium,current
1,41.0,94.92,2,1,1,3.5,month-to-month,fiber,bank_transfer,plus,never
0,14.7,65.21,1,0,1,2.51,month-to-month,dsl,credit_card,plus,past
0,3.2,72.3,3,0,1,3.55,month-to-month,fiber,bank_transfer,plus,past
0,61.4,64.25,2,2,0,3.02,month-to-month,fiber,electronic_check,basic,past
0,7.4,33.12,3,3,1,2.61,one-year,fiber,electronic_check,plus,past
0,54.3,80.37,3,3,0,2.36,one-year,fiber,electronic_check,basic,never
0,0.2,88.19,2,1,1,1.11,month-to-month,dsl,electronic_check,plus,never
0,10.0,67.73,4,2,2,1.42,two-year,fiber,electronic_check,plus,never
0,0.1,39.72,3,3,0,1.77,month-to-month,fiber,credit_card,basic,never
0,4.0,77.39,2,2,0,2.35,one-year,dsl,electronic_check,plus,never
0,7.3,72.5,2,5,0,2.98,one-year,fiber,electronic_check,basic,current
1,9.9,72.4,1,4,0,2.4,month-to-month,fiber,electronic_check,basic,never
0,11.5,88.64,3,1,2,0.87,two-year,dsl,electronic_check,basic,never
0,0.4,58.38,3,2,0,3.51,one-year,fiber,electronic_check,basic,past
0,6.6,47.63,2,3,1,1.98,month-to-month,fiber,credit_card,basic,never
0,13.5,66.9,1,2,0,2.75,month-to-month,fiber,electronic_check,basic,past
1,6.7,83.16,2,2,2,2.25,month-to-month,fiber,credit_card,plus,past
0,1.2,93.4,1,3,3,3.48,month-to-month,none,bank_transfer,basic,never
0,25.0,119.51,1,3,1,2.68,month-to-month,fiber,electronic_check,basic,never
0,0.0,61.79,2,1,0,3.14,month-to-month,fiber,bank_transfer,premium,current
0,3.2,54.9,2,2,0,0.87,two-year,dsl,electronic_check,basic,current
1,18.0,59.83,2,3,1,4.53,month-to-month,fiber,electronic_check,basic,never
1,31.8,68.85,2,1,1,4.25,month-to-month,fiber,electronic_check,basic,never
0,1.3,51.48,2,1,0,3.33,two-year,fiber,bank_transfer,premium,never
1,19.5,96.92,1,4,0,2.48,month-to-month,none,electronic_check,basic,never
0,5.1,77.7,2,2,0,3.92,month-to-month,fiber,bank_transfer,plus,current
0,5.9,60.25,2,2,0,2.93,month-to-month,fiber,electronic_check,basic,past
0,9.7,48.79,2,2,0,2.09,month-to-month,dsl,electronic_check,basic,past
0,2.6,35.08,1,0,1,3.02,one-year,none,bank_transfer,plus,never
0,1.3,73.48,3,4,0,2.38,one-year,dsl,credit_card,basic,never
0,15.9,70.24,1,1,0,0.0,month-to-month,none,electronic_check,plus,past
0,1.8,87.86,2,2,1,1.57,month-to-month,dsl,credit_card,basic,current
0,44.4,10.0,3,3,1,3.7,month-to-month,dsl,electronic_check,basic,never
1,18.8,40.02,2,4,0,2.34,month-to-month,fiber,electronic_check,basic,past
0,5.2,22.58,1,1,0,2.54,one-year,fiber,credit_card,basic,past
0,46.2,59.92,3,4,1,2.08,one-year,fiber,bank_transfer,basic,never
0,18.4,60.05,3,4,2,1.18,month-to-month,dsl,electronic_check,basic,past
0,7.5,88.69,2,1,0,3.9,month-to-month,fiber,electronic_check,basic,never
0,9.4,57.04,1,4,0,4.27,month-to-month,dsl,credit_card,basic,never
0,30.1,47.2,3,5,0,3.29,month-to-month,fiber,electronic_check,basic,current
0,0.7,41.47,2,0,0,3.06,one-year,fiber,bank_transfer,plus,past
0,17.0,43.41,3,1,1,1.45,month-to-month,fiber,electronic_check,plus,past
0,18.6,25.11,1,2,1,4.09,month-to-month,fiber,bank_transfer,basic,past
1,1.6,69.92,2,4,0,2.89,month-to-month,none,electronic_check,basic,past
0,39.3,75.99,1,4,0,1.92,month-to-month,fiber,bank_transfer,basic,never
0,3.8,47.92,2,1,1,1.96,month-to-month,fiber,credit_card,plus,never
0,24.0,86.32,2,2,2,3.34,month-to-month,fiber,electronic_check,basic,current
0,18.5,71.9,4,1,1,4.51,month-to-month,fiber,credit_card,plus,current
0,32.2,77.55,2,0,0,3.96,month-to-month,fiber,electronic_check,plus,past
0,1.5,96.45,4,2,0,4.22,one-year,fiber,electronic_check,basic,current
0,6.6,37.27,2,1,0,3.92,month-to-month,dsl,electronic_check,plus,current
0,0.7,53.47,2,0,0,2.92,one-year,none,electronic_check,plus,never
0,11.9,47.41,2,2,0,1.76,month-to-month,fiber,bank_transfer,plus,never
0,2.4,73.38,2,2,1,1.75,two-year,dsl,bank_transfer,basic,never
0,5.6,61.29,2,0,1,2.83,two-year,fiber,credit_card,plus,past
0,4.2,58.78,1,3,0,1.98,month-to-month,dsl,bank_transfer,basic,never
1,35.4,122.09,2,4,0,1.63,two-year,fiber,electronic_check,basic,past
0,0.1,78.73,2,1,1,1.37,two-year,dsl,electronic_check,basic,past
1,2.3,97.52,3,0,2,3.02,month-to-month,fiber,credit_card,plus,current
0,10.0,62.86,3,2,1,3.09,month-to-month,fiber,electronic_check,plus,never
0,27.7,62.91,2,3,0,0.53,month-to-month,dsl,credit_card,basic,past
0,28.8,44.88,1,2,0,0.71,month-to-month,fiber,credit_card,basic,never
0,35.8,71.54,2,0,0,2.32,month-to-month,fiber,credit_card,plus,past
0,5.1,57.9,3,1,0,0.55,month-to-month,dsl,electronic_check,basic,past
0,19.8,44.86,2,4,0,2.39,month-to-month,fiber,bank_transfer,basic,never
1,9.3,52.49,2,1,0,3.08,month-to-month,dsl,electronic_check,basic,current
0,1.4,63.28,2,1,1,0.53,month-to-month,dsl,electronic_check,basic,past
0,37.7,20.94,3,0,0,2.3,two-year,fiber,electronic_check,plus,past
0,14.0,63.03,3,3,2,1.46,month-to-month,fiber,electronic_check,basic,never
0,20.7,81.41,1,3,2,2.74,one-year,fiber,electronic_check,basic,past
0,2.4,39.56,2,3,0,1.26,month-to-month,fiber,electronic_check,basic,current
0,5.0,68.76,2,1,2,0.6,one-year,fiber,electronic_check,basic,never
0,3.3,34.69,1,4,0,2.84,month-to-month,dsl,electronic_check,basic,past
0,0.5,75.64,2,1,0,4.02,two-year,fiber,credit_card,basic,never
0,25.3,74.61,2,0,0,1.34,month-to-month,fiber,electronic_check,premium,past
0,9.5,24.99,0,4,3,2.74,one-year,none,bank_transfer,basic,never
0,39.5,92.84,1,1,1,0.6,month-to-month,fiber,bank_transfer,basic,current
0,16.0,61.4,2,1,2,2.23,month-to-month,dsl,electronic_check,premium,past
0,5.3,26.28,3,2,0,3.87,month-to-month,fiber,credit_card,basic,never
0,23.3,36.09,2,1,0,2.69,two-year,dsl,bank_transfer,basic,current
1,2.4,123.19,1,3,0,0.6,month-to-month,fiber,credit_card,basic,never
0,32.3,47.29,3,1,0,3.12,one-year,dsl,credit_card,basic,past
0,16.0,56.73,1,2,0,2.96,month-to-month,fiber,bank_transfer,basic,past
0,15.1,18.9,3,2,0,2.59,two-year,dsl,bank_transfer,plus,past
0,18.6,76.66,2,4,0,3.06,one-year,fiber,electronic_check,basic,never
0,17.4,61.01,2,3,0,1.83,one-year,dsl,electronic_check,plus,current
0,28.2,52.5,2,2,1,0.0,month-to-month,dsl,electronic_check,basic,past
0,6.5,130.87,2,2,0,2.71,month-to-month,fiber,bank_transfer,plus,past
0,4.1,64.28,2,1,0,2.01,month-to-month,dsl,electronic_check,plus,past
0,31.7,37.16,2,7,1,0.09,one-year,dsl,electronic_check,basic,never
0,5.4,85.71,2,2,1,2.44,month-to-month,dsl,electronic_check,basic,past
0,18.4,43.14,3,2,0,3.13,two-year,fiber,electronic_check,basic,never
1,15.0,110.33,2,2,0,3.28,month-to-month,dsl,electronic_check,basic,past
0,47.1,89.79,3,3,2,0.0,two-year,dsl,bank_transfer,basic,past
1,1.0,60.74,3,5,0,0.6,month-to-month,fiber,credit_card,basic,never
0,7.4,43.0,4,2,0,2.41,month-to-month,fiber,bank_transfer,basic,never
1,0.3,50.13,4,2,0,1.83,month-to-month,fiber,credit_card,basic,never
0,18.0,100.72,1,1,2,5.17,month-to-month,fiber,electronic_check,plus,never
0,15.2,79.88,0,2,1,2.66,two-year,none,bank_transfer,basic,never
0,0.9,88.0,4,2,1,0.9,one-year,fiber,credit_card,basic,current
0,21.1,69.86,2,1,2,2.27,one-year,fiber,credit_card,premium,current
0,7.4,84.27,3,1,0,1.73,month-to-month,dsl,electronic_check,premium,past
0,2.0,45.86,2,0,0,4.13,month-to-month,fiber,electronic_check,premium,never
0,20.6,90.21,3,3,0,2.26,month-to-month,dsl,electronic_check,basic,never
0,13.1,109.27,2,4,0,2.27,one-year,dsl,credit_card,basic,past
0,9.2,32.87,1,2,0,4.32,month-to-month,fiber,bank_transfer,basic,past
0,3.1,73.99,2,1,1,1.98,month-to-month,fiber,electronic_check,premium,past
0,5.5,88.41,3,3,1,4.2,month-to-month,dsl,electronic_check,basic,past
1,2.2,45.17,3,1,0,1.37,one-year,fiber,credit_card,basic,past
0,29.5,42.74,3,1,0,2.15,one-year,fiber,electronic_check,basic,past
1,3.0,139.23,1,0,1,2.79,month-to-month,fiber,electronic_check,plus,never
1,4.7,109.45,2,4,1,2.26,month-to-month,dsl,credit_card,basic,past
0,16.9,80.78,1,0,0,4.25,one-year,fiber,electronic_check,premium,past
0,1.7,79.37,2,3,0,1.61,two-year,none,electronic_check,basic,past
0,32.9,109.65,2,4,0,2.62,month-to-month,fiber,electronic_check,basic,past
0,13.8,73.16,2,1,0,2.03,one-year,fiber,bank_transfer,plus,current
0,8.1,120.13,3,3,1,4.58,month-to-month,fiber,electronic_check,basic,past
0,9.8,99.79,2,2,0,0.6,month-to-month,fiber,bank_transfer,basic,never
0,66.1,80.24,1,2,1,4.31,one-year,fiber,credit_card,basic,current
0,30.0,77.08,2,1,0,3.4,month-to-month,fiber,electronic_check,plus,never
0,2.6,87.07,1,2,1,2.07,month-to-month,dsl,electronic_check,plus,never
1,9.2,105.22,3,4,2,2.45,two-year,dsl,bank_transfer,basic,past
0,25.4,29.01,4,2,0,1.63,month-to-month,dsl,bank_transfer,basic,past
1,1.0,72.53,2,3,1,2.64,month-to-month,fiber,credit_card,basic,never
0,0.5,35.83,1,2,0,1.42,one-year,none,electronic_check,plus,current
0,7.3,90.46,1,1,0,2.52,one-year,fiber,bank_transfer,plus,past
1,6.5,60.45,2,3,2,2.82,month-to-month,fiber,bank_transfer,basic,never
0,12.5,48.08,3,3,1,0.32,month-to-month,dsl,electronic_check,basic,never
0,5.1,67.87,2,1,1,4.19,month-to-month,dsl,electronic_check,basic,never
0,4.6,69.54,1,1,1,1.39,month-to-month,dsl,electronic_check,plus,never
0,7.5,88.58,2,1,2,1.86,one-year,none,bank_transfer,basic,current
0,67.5,81.53,2,2,0,0.43,month-to-month,none,credit_card,basic,current
0,1.3,56.17,2,1,1,1.09,one-year,dsl,credit_card,plus,past
0,36.0,57.88,1,1,1,3.38,one-year,dsl,bank_transfer,plus,past
0,11.9,41.84,1,1,0,0.86,month-to-month,fiber,electronic_check,basic,past
0,0.9,71.39,1,2,1,2.79,one-year,none,electronic_check,basic,never
0,17.1,33.64,1,1,0,2.95,month-to-month,fiber,credit_card,plus,past
0,23.3,109.67,1,2,0,0.8,one-year,fiber,credit_card,basic,never
0,5.0,65.68,1,4,0,2.82,month-to-month,fiber,bank_transfer,basic,past
0,48.0,31.6,3,3,1,1.42,month-to-month,fiber,credit_card,basic,past
1,4.2,62.53,2,0,1,1.76,month-to-month,fiber,bank_transfer,plus,past
1,10.7,114.51,1,2,0,1.96,month-to-month,dsl,electronic_check,basic,past
0,7.2,94.41,1,3,2,2.39,one-year,fiber,credit_card,premium,never
0,24.3,94.34,1,1,0,2.43,one-year,fiber,electronic_check,basic,past
0,3.4,80.67,1,4,1,1.95,month-to-month,none,electronic_check,basic,past
0,1.2,33.0,2,3,0,1.65,month-to-month,fiber,credit_card,basic,past
0,2.1,65.12,3,2,1,1.97,two-year,fiber,credit_card,plus,current
0,4.7,34.97,2,2,0,3.02,month-to-month,fiber,electronic_check,plus,current
0,26.3,68.67,2,2,0,3.51,one-year,fiber,electronic_check,basic,never
0,14.9,56.57,2,2,1,5.11,month-to-month,dsl,credit_card,basic,past
0,43.9,102.01,3,1,1,1.84,one-year,dsl,electronic_check,premium,past
1,42.5,129.18,1,2,1,0.72,month-to-month,fiber,bank_transfer,basic,past
1,24.8,60.25,1,3,1,2.8,month-to-month,fiber,electronic_check,basic,never
0,7.0,45.21,2,2,1,4.2,one-year,none,electronic_check,basic,current
0,72.0,108.96,2,4,1,0.96,month-to-month,dsl,credit_card,plus,current
0,8.8,76.6,3,3,0,3.19,one-year,fiber,bank_transfer,plus,current
0,18.5,78.14,2,4,0,3.45,one-year,fiber,electronic_check,plus,past
0,36.1,117.77,3,2,1,4.38,one-year,dsl,bank_transfer,basic,past
0,18.5,84.4,2,0,0,3.18,month-to-month,dsl,electronic_check,premium,never
0,27.5,53.34,2,4,0,1.98,two-year,fiber,electronic_check,basic,current
0,4.1,57.11,1,1,1,1.63,month-to-month,dsl,electronic_check,basic,past
0,12.6,81.72,2,2,1,2.26,month-to-month,fiber,credit_card,basic,current
0,2.3,88.13,1,2,0,1.51,one-year,fiber,credit_card,premium,past
1,2.9,45.71,3,3,0,2.58,month-to-month,dsl,bank_transfer,basic,past
1,3.6,119.83,1,4,0,4.33,month-to-month,fiber,credit_card,basic,past
0,4.8,39.17,2,2,1,1.05,month-to-month,fiber,electronic_check,basic,past
0,23.1,23.78,1,2,2,1.44,month-to-month,fiber,electronic_check,premium,never
0,33.5,71.93,3,4,1,2.56,month-to-month,fiber,electronic_check,plus,never
0,13.3,10.0,2,3,0,2.73,two-year,dsl,electronic_check,premium,past
0,2.5,59.34,3,1,1,1.51,one-year,fiber,bank_transfer,plus,current
0,11.8,111.76,2,3,0,2.0,month-to-month,dsl,bank_transfer,premium,past
0,29.5,68.46,2,2,1,4.19,two-year,none,credit_card,basic,never
0,1.0,32.78,2,3,1,3.29,month-to-month,fiber,credit_card,basic,never
0,5.8,61.79,1,2,1,0.0,month-to-month,dsl,electronic_check,basic,past
1,3.0,59.04,3,1,2,3.77,one-year,fiber,credit_card,basic,past
0,5.8,105.62,2,1,0,0.0,month-to-month,dsl,electronic_check,basic,never
0,6.4,76.65,1,1,2,2.74,month-to-month,fiber,bank_transfer,basic,past
0,4.8,46.58,2,4,2,5.63,month-to-month,fiber,bank_transfer,basic,never
1,30.8,90.08,1,1,0,2.16,month-to-month,fiber,electronic_check,basic,past
1,0.9,79.4,2,3,0,2.66,month-to-month,fiber,electronic_check,basic,never
0,28.1,62.17,3,3,0,3.62,one-year,fiber,electronic_check,basic,never
1,30.0,104.03,3,2,0,3.62,month-to-month,dsl,electronic_check,basic,current
0,5.9,88.13,2,3,0,1.52,month-to-month,dsl,credit_card,basic,never
0,27.0,50.19,3,2,0,3.54,two-year,fiber,electronic_check,basic,current
0,15.8,93.32,2,3,1,0.6,month-to-month,fiber,credit_card,basic,never
0,5.5,74.99,0,1,0,0.68,month-to-month,none,electronic_check,plus,never
0,11.4,88.54,4,4,0,0.0,month-to-month,dsl,electronic_check,basic,never
0,20.4,90.11,1,0,1,5.04,two-year,fiber,electronic_check,plus,never
0,15.4,100.75,2,0,1,0.87,month-to-month,fiber,electronic_check,plus,current
0,66.7,59.16,1,3,0,1.99,month-to-month,dsl,bank_transfer,premium,past
1,1.6,100.82,1,2,0,3.51,month-to-month,fiber,credit_card,basic,never
0,25.4,23.02,1,0,0,2.27,one-year,fiber,bank_transfer,plus,never
0,3.0,54.76,1,0,2,1.85,month-to-month,dsl,electronic_check,plus,never
0,8.8,45.2,1,3,0,3.21,two-year,fiber,electronic_check,basic,never
1,24.5,55.62,1,3,1,1.83,two-year,dsl,electronic_check,basic,past
0,5.9,46.56,3,2,1,4.45,one-year,fiber,electronic_check,basic,past
0,2.0,58.74,2,1,0,1.75,month-to-month,fiber,bank_transfer,premium,current
0,8.0,105.82,0,2,1,0.61,month-to-month,none,bank_transfer,plus,past
0,35.3,45.28,3,1,0,3.36,two-year,fiber,credit_card,basic,never
0,2.9,64.98,3,1,2,1.97,one-year,fiber,bank_transfer,basic,current
0,30.9,83.01,3,2,1,2.16,one-year,fiber,bank_transfer,plus,past
0,40.0,61.57,3,0,0,2.14,two-year,fiber,electronic_check,plus,past
0,2.9,56.85,2,1,0,3.4,month-to-month,dsl,electronic_check,basic,current
0,14.3,91.07,1,1,0,4.61,one-year,fiber,credit_card,basic,never
0,53.3,62.47,1,1,0,1.41,one-year,none,electronic_check,basic,past
0,15.2,74.71,2,2,0,3.5,month-to-month,dsl,electronic_check,plus,current
0,19.2,66.45,3,2,1,1.45,one-year,fiber,electronic_check,basic,current
1,42.3,94.78,2,1,2,4.54,month-to-month,dsl,electronic_check,basic,never
0,22.6,54.75,3,2,1,1.99,month-to-month,dsl,electronic_check,basic,never
0,47.8,112.23,2,2,0,1.4,two-year,dsl,electronic_check,basic,current
0,6.1,56.18,3,1,1,4.77,two-year,dsl,bank_transfer,basic,never
0,18.1,41.57,2,3,0,3.71,month-to-month,fiber,electronic_check,basic,never
0,20.9,55.46,1,6,0,0.6,month-to-month,fiber,electronic_check,basic,never
0,4.0,84.77,2,1,1,1.34,month-to-month,fiber,electronic_check,premium,current
0,11.4,70.43,3,1,0,0.83,two-year,dsl,credit_card,plus,never
0,5.6,91.65,1,3,0,0.6,month-to-month,fiber,bank_transfer,basic,current
0,41.5,40.7,2,6,1,0.0,one-year,dsl,electronic_check,basic,past
0,55.0,48.48,2,1,0,2.44,one-year,fiber,electronic_check,basic,never
0,21.0,37.35,3,1,1,3.82,month-to-month,dsl,credit_card,basic,past
0,14.2,43.88,2,3,1,2.28,two-year,dsl,electronic_check,basic,current
0,11.5,91.42,2,3,0,3.33,month-to-month,fiber,credit_card,plus,past
0,7.9,92.16,3,2,0,2.54,one-year,fiber,credit_card,basic,current
0,14.7,54.42,2,4,2,0.44,month-to-month,dsl,bank_transfer,basic,never
0,2.5,44.01,3,3,0,3.18,month-to-month,dsl,electronic_check,plus,past
0,2.4,63.67,2,3,0,3.4,one-year,none,electronic_check,basic,past
1,44.4,81.4,2,2,0,2.5,month-to-month,fiber,bank_transfer,premium,never
0,32.0,70.65,2,2,0,2.5,one-year,fiber,electronic_check,basic,past
0,12.5,129.28,3,2,0,3.67,two-year,fiber,electronic_check,plus,past
0,5.1,36.19,3,1,2,1.38,month-to-month,fiber,electronic_check,basic,past
0,0.3,84.96,1,1,1,2.33,month-to-month,dsl,electronic_check,premium,never
0,4.6,42.61,2,2,1,4.47,month-to-month,fiber,bank_transfer,basic,past
1,15.9,99.98,3,3,0,2.38,month-to-month,fiber,electronic_check,premium,never
0,7.7,54.94,1,1,0,1.47,month-to-month,none,electronic_check,basic,never
0,28.3,66.78,1,1,0,2.04,month-to-month,fiber,electronic_check,basic,never
0,19.9,87.26,2,1,0,0.0,two-year,dsl,electronic_check,basic,past
0,6.2,64.43,2,3,1,2.95,month-to-month,dsl,electronic_check,basic,past
0,4.0,70.58,2,1,1,0.91,month-to-month,dsl,electronic_check,plus,never
1,17.0,103.16,2,0,0,2.18,month-to-month,fiber,electronic_check,plus,past
0,2.3,31.71,2,2,1,0.0,month-to-month,dsl,bank_transfer,basic,never
0,9.5,59.05,3,2,2,4.35,one-year,fiber,electronic_check,plus,never
0,6.1,41.53,2,2,0,1.77,month-to-month,dsl,electronic_check,premium,never
0,10.6,106.82,2,2,1,0.38,two-year,dsl,electronic_check,plus,never
0,4.0,96.47,1,0,0,0.07,one-year,dsl,bank_transfer,plus,current
0,25.9,79.05,4,4,0,1.64,month-to-month,fiber,bank_transfer,plus,past
0,8.6,95.19,1,2,1,2.79,month-to-month,dsl,bank_transfer,plus,never
0,8.9,63.47,3,4,1,2.94,one-year,dsl,credit_card,premium,never
0,5.8,74.39,2,2,0,0.57,two-year,dsl,credit_card,basic,current
0,2.9,83.32,1,2,0,3.27,month-to-month,fiber,electronic_check,plus,never
0,17.3,40.62,3,5,0,2.0,month-to-month,fiber,credit_card,plus,current
0,4.0,71.55,1,1,2,2.59,one-year,fiber,electronic_check,basic,past
0,52.8,51.53,2,1,1,0.61,month-to-month,none,bank_transfer,plus,current
0,9.7,29.54,3,1,0,2.47,month-to-month,fiber,credit_card,basic,never
0,43.4,25.51,2,2,0,2.4,month-to-month,fiber,electronic_check,plus,never
0,1.7,75.27,1,1,1,1.14,month-to-month,fiber,electronic_check,plus,never
0,14.2,34.56,4,2,0,2.3,two-year,dsl,credit_card,basic,current
0,11.1,91.92,1,2,1,2.7,month-to-month,fiber,electronic_check,plus,past
1,4.5,71.03,1,1,0,3.3,one-year,none,bank_transfer,plus,never
0,21.4,91.37,2,4,2,1.3,month-to-month,dsl,bank_transfer,plus,past
0,4.3,24.41,1,5,0,4.15,month-to-month,none,electronic_check,basic,current
1,32.6,117.5,3,2,1,5.45,month-to-month,fiber,electronic_check,plus,never
0,12.8,52.03,0,2,0,3.63,month-to-month,none,electronic_check,basic,never
1,9.3,59.24,1,1,0,1.49,month-to-month,dsl,credit_card,plus,past
0,25.0,44.16,2,3,1,0.46,two-year,none,electronic_check,basic,current
0,29.0,58.55,1,4,1,0.74,two-year,dsl,credit_card,premium,never
0,7.1,91.44,2,1,0,1.8,month-to-month,dsl,bank_transfer,basic,past
0,14.1,44.75,2,1,2,0.39,month-to-month,none,electronic_check,plus,never
1,18.1,56.83,1,1,0,2.06,one-year,fiber,electronic_check,basic,past
0,3.6,60.02,4,1,0,0.57,month-to-month,dsl,electronic_check,plus,never
0,8.0,27.43,3,1,0,2.76,month-to-month,fiber,electronic_check,plus,current
0,20.4,51.37,1,3,0,2.1,one-year,dsl,credit_card,basic,past
0,21.4,84.57,2,2,0,2.17,month-to-month,fiber,electronic_check,basic,current
0,0.6,103.7,2,3,1,4.94,one-year,fiber,electronic_check,plus,current
0,4.4,39.86,3,2,2,2.23,month-to-month,dsl,electronic_check,premium,never
1,17.2,83.28,1,1,0,1.24,two-year,fiber,electronic_check,basic,past
0,2.4,89.72,2,0,0,1.7,one-year,fiber,electronic_check,plus,past
0,3.7,23.84,3,1,0,3.19,month-to-month,fiber,bank_transfer,plus,current
0,0.6,94.04,1,2,1,2.59,one-year,none,bank_transfer,basic,never
0,22.6,45.55,2,1,0,2.16,two-year,dsl,electronic_check,plus,past
0,9.8,35.72,2,0,0,4.28,month-to-month,fiber,electronic_check,plus,current
0,40.1,82.78,4,2,1,4.48,two-year,fiber,bank_transfer,plus,never
0,4.8,91.18,1,0,2,1.98,two-year,dsl,credit_card,plus,past
0,7.4,58.58,3,5,0,2.94,one-year,fiber,electronic_check,basic,past
0,0.6,101.03,3,1,0,4.22,month-to-month,dsl,bank_transfer,basic,never
1,5.5,88.26,2,5,1,1.79,month-to-month,fiber,bank_transfer,basic,past
0,6.0,82.6,1,2,0,1.95,month-to-month,dsl,bank_transfer,basic,never
0,8.6,64.57,2,3,1,2.31,one-year,dsl,electronic_check,basic,never
0,5.1,64.09,1,2,0,0.68,month-to-month,none,bank_transfer,basic,past
0,72.0,107.05,2,3,0,4.41,month-to-month,dsl,bank_transfer,basic,never
0,22.6,29.65,1,1,1,4.0,month-to-month,fiber,bank_transfer,premium,never
0,33.8,72.72,3,2,1,2.4,two-year,fiber,electronic_check,premium,current
0,32.4,79.77,2,2,0,2.07,two-year,dsl,electronic_check,basic,current
0,50.8,29.84,1,1,0,2.92,month-to-month,fiber,electronic_check,basic,past
0,8.3,54.44,1,0,0,1.39,month-to-month,fiber,electronic_check,premium,past
0,10.5,57.06,1,2,1,0.98,one-year,none,credit_card,plus,never
0,5.9,84.47,1,3,0,2.03,month-to-month,dsl,electronic_check,basic,never
0,10.7,59.1,3,1,2,3.5,month-to-month,fiber,bank_transfer,basic,never
0,13.8,53.16,2,1,1,0.93,month-to-month,dsl,credit_card,basic,past
0,30.5,36.97,3,3,1,2.61,month-to-month,fiber,electronic_check,basic,current
0,10.1,10.0,4,3,0,4.05,month-to-month,fiber,bank_transfer,basic,past
0,7.8,71.54,2,1,0,3.1,month-to-month,fiber,bank_transfer,basic,never
0,7.1,71.64,2,3,1,1.06,month-to-month,dsl,bank_transfer,basic,current
0,0.4,103.99,1,1,1,1.44,month-to-month,none,credit_card,premium,never
0,5.3,116.6,2,1,0,1.56,month-to-month,fiber,bank_transfer,plus,current
1,11.7,92.64,3,1,1,1.95,month-to-month,fiber,electronic_check,premium,never
0,2.4,10.0,1,1,2,3.0,month-to-month,dsl,credit_card,plus,current
0,40.6,130.91,3,0,0,3.35,one-year,dsl,electronic_check,plus,never
0,0.7,91.7,2,0,1,0.74,month-to-month,none,bank_transfer,plus,never
0,33.5,90.22,1,3,0,0.62,one-year,fiber,electronic_check,plus,never
0,3.8,26.8,3,1,0,1.97,month-to-month,dsl,credit_card,plus,never
0,3.5,47.15,2,0,0,3.13,month-to-month,fiber,electronic_check,plus,never
0,1.4,64.12,3,2,0,4.69,month-to-month,fiber,bank_transfer,plus,never
0,3.8,79.8,2,2,1,0.68,month-to-month,fiber,credit_card,basic,never
0,8.4,90.04,2,1,1,1.74,two-year,dsl,bank_transfer,plus,never
0,22.0,72.31,2,1,0,0.0,two-year,dsl,credit_card,basic,past
0,17.4,61.62,2,4,1,0.15,month-to-month,dsl,credit_card,premium,past
0,40.8,52.26,4,2,2,1.93,month-to-month,dsl,credit_card,basic,current
0,0.5,79.2,2,1,0,2.09,month-to-month,dsl,electronic_check,basic,never
1,24.9,93.66,2,4,0,4.31,month-to-month,fiber,bank_transfer,basic,past
1,1.6,67.13,2,0,0,1.59,month-to-month,fiber,electronic_check,plus,never
0,6.9,32.5,1,1,1,1.72,month-to-month,none,credit_card,plus,current
0,7.7,67.73,3,3,0,5.48,month-to-month,fiber,bank_transfer,basic,past
0,18.0,118.1,1,2,1,1.48,one-year,dsl,credit_card,basic,past
0,12.1,136.09,2,3,1,2.06,one-year,none,bank_transfer,basic,past
0,2.5,79.99,3,2,2,1.84,month-to-month,dsl,electronic_check,basic,past
0,12.9,93.03,3,0,1,1.32,two-year,dsl,electronic_check,plus,past
0,20.5,65.48,2,5,0,2.58,month-to-month,fiber,bank_transfer,basic,never
1,7.4,131.36,2,2,1,1.39,month-to-month,dsl,credit_card,plus,past
0,16.6,70.27,4,2,1,3.46,month-to-month,fiber,electronic_check,basic,past
0,5.5,65.09,2,5,0,2.07,month-to-month,fiber,credit_card,basic,current
0,38.6,93.33,2,1,0,2.79,one-year,fiber,electronic_check,basic,never
0,7.2,30.11,1,1,0,2.67,month-to-month,dsl,electronic_check,plus,past
0,5.7,114.22,3,1,1,5.81,one-year,fiber,credit_card,basic,never
0,11.2,35.54,2,2,0,0.8,month-to-month,dsl,credit_card,basic,past
0,16.1,55.55,2,0,1,3.37,month-to-month,dsl,bank_transfer,plus,never
0,1.2,79.02,3,3,0,2.58,month-to-month,dsl,bank_transfer,basic,past
0,59.9,79.89,2,2,1,4.15,one-year,fiber,electronic_check,basic,current
0,72.0,90.73,1,0,0,3.26,month-to-month,dsl,electronic_check,premium,past
0,16.3,96.15,3,1,0,2.06,two-year,dsl,electronic_check,basic,never
0,72.0,111.59,2,0,1,4.57,month-to-month,fiber,bank_transfer,plus,past
1,10.3,70.46,2,3,0,2.62,month-to-month,fiber,electronic_check,basic,never
0,31.1,102.06,3,4,1,1.9,month-to-month,dsl,credit_card,basic,never
0,67.8,44.33,2,0,1,2.06,month-to-month,dsl,electronic_check,plus,past
0,22.5,137.04,2,3,1,2.56,month-to-month,fiber,electronic_check,basic,current
0,35.2,32.55,3,1,0,3.7,one-year,fiber,credit_card,plus,never
0,22.0,90.31,1,1,0,1.83,one-year,fiber,bank_transfer,premium,never
0,9.4,94.15,2,3,0,2.7,one-year,fiber,electronic_check,basic,past
0,37.6,93.56,1,4,0,4.91,two-year,fiber,credit_card,basic,past
0,0.8,49.39,3,4,1,2.45,one-year,none,electronic_check,basic,never
0,36.8,38.08,1,3,0,2.34,month-to-month,none,electronic_check,basic,past
0,1.5,59.62,2,2,0,1.75,month-to-month,dsl,credit_card,basic,never
1,3.3,91.87,4,3,1,1.36,month-to-month,fiber,electronic_check,basic,past
0,3.0,65.33,3,4,0,0.96,month-to-month,fiber,electronic_check,premium,past
0,21.6,85.45,1,5,1,0.58,month-to-month,none,electronic_check,premium,past
0,9.7,90.52,1,2,0,3.21,month-to-month,dsl,credit_card,basic,past
0,25.7,25.0,0,2,1,1.02,one-year,none,electronic_check,basic,past
0,2.2,63.07,2,1,0,3.79,month-to-month,fiber,bank_transfer,basic,past
0,0.8,51.98,1,4,0,0.38,one-year,dsl,electronic_check,plus,current
0,40.9,49.76,2,5,2,1.95,month-to-month,fiber,electronic_check,premium,past
1,4.3,85.88,3,3,0,4.23,month-to-month,fiber,credit_card,basic,current
0,6.7,86.35,2,1,0,3.83,two-year,fiber,electronic_check,plus,never
0,5.8,38.08,2,3,1,0.98,month-to-month,dsl,electronic_check,basic,never
0,66.3,49.8,1,2,1,2.09,month-to-month,none,credit_card,plus,never
0,7.3,90.18,3,1,0,2.78,month-to-month,fiber,electronic_check,premium,current
0,11.0,59.17,1,2,0,2.02,month-to-month,fiber,electronic_check,plus,past
0,72.0,103.85,2,0,0,2.69,one-year,fiber,electronic_check,plus,current
1,23.1,111.06,1,4,1,4.2,month-to-month,fiber,electronic_check,premium,never
0,0.6,37.41,2,0,0,1.16,two-year,dsl,electronic_check,plus,past
0,18.2,93.35,2,3,0,3.74,month-to-month,dsl,electronic_check,basic,past
0,8.1,75.31,1,1,0,4.54,two-year,fiber,electronic_check,basic,past
1,11.2,57.53,3,4,1,3.78,one-year,fiber,electronic_check,basic,never
0,2.4,97.26,2,2,0,3.81,month-to-month,fiber,electronic_check,plus,past
0,24.1,42.31,2,2,0,0.44,month-to-month,dsl,electronic_check,basic,past
0,2.5,102.78,2,1,0,1.24,month-to-month,dsl,credit_card,plus,past
0,9.9,73.48,3,3,0,0.21,month-to-month,dsl,credit_card,basic,past
0,2.8,87.29,2,0,2,3.6,month-to-month,fiber,electronic_check,premium,never
1,72.0,72.49,2,1,1,4.46,two-year,fiber,credit_card,plus,past
0,42.8,94.77,2,1,1,1.91,month-to-month,dsl,electronic_check,plus,current
0,37.2,72.63,2,2,1,2.89,one-year,none,credit_card,basic,past
1,10.5,125.25,2,3,1,3.42,month-to-month,fiber,electronic_check,basic,past
0,16.3,75.74,1,4,1,2.13,month-to-month,none,electronic_check,basic,current
0,3.7,48.85,2,1,0,2.65,one-year,fiber,electronic_check,basic,never
1,1.8,79.09,1,4,0,4.11,month-to-month,dsl,credit_card,basic,never
0,4.6,19.96,1,2,2,1.84,month-to-month,dsl,electronic_check,plus,current
0,5.5,50.22,3,2,0,3.28,month-to-month,fiber,bank_transfer,plus,current
0,2.4,56.19,3,1,1,2.43,month-to-month,fiber,electronic_check,plus,past
0,56.2,91.91,1,2,0,2.22,month-to-month,none,electronic_check,basic,past
0,16.6,62.44,1,3,3,5.08,month-to-month,none,credit_card,basic,current
0,12.3,26.49,2,0,0,3.86,month-to-month,fiber,electronic_check,plus,never
0,9.4,90.4,1,1,0,2.2,month-to-month,dsl,electronic_check,plus,never
0,11.5,67.6,2,3,1,2.65,month-to-month,fiber,bank_transfer,plus,never
0,44.5,85.2,2,2,1,1.93,two-year,dsl,bank_transfer,premium,past
1,11.3,69.19,2,2,0,4.5,month-to-month,fiber,electronic_check,basic,past
0,12.0,81.56,1,1,1,2.31,month-to-month,fiber,bank_transfer,plus,past
0,3.8,80.45,2,1,0,1.55,month-to-month,dsl,bank_transfer,basic,never
0,42.8,65.19,1,7,1,4.4,month-to-month,dsl,electronic_check,basic,past
0,8.0,92.05,2,0,1,3.66,month-to-month,fiber,electronic_check,plus,past
0,8.0,59.24,3,1,0,3.13,month-to-month,dsl,bank_transfer,basic,never
0,12.9,91.44,2,2,1,4.59,one-year,fiber,electronic_check,basic,current
1,8.2,92.09,2,2,1,2.78,month-to-month,dsl,bank_transfer,basic,past
0,72.0,49.03,2,1,0,2.13,month-to-month,fiber,credit_card,basic,current
0,21.0,59.02,3,5,0,1.3,one-year,dsl,electronic_check,basic,current
0,19.9,68.9,1,1,0,1.73,one-year,fiber,bank_transfer,basic,current
0,7.0,67.3,1,4,2,2.5,month-to-month,fiber,electronic_check,basic,never
0,44.8,36.09,0,1,1,4.92,one-year,none,electronic_check,basic,never
1,4.8,119.35,2,2,3,3.21,month-to-month,fiber,bank_transfer,premium,never
0,18.1,63.48,2,2,1,3.31,one-year,fiber,electronic_check,plus,never
0,33.2,72.26,1,2,1,2.88,one-year,none,electronic_check,basic,current
0,45.2,69.07,3,2,1,0.61,one-year,dsl,bank_transfer,plus,current
0,1.1,83.51,1,2,1,2.32,month-to-month,dsl,credit_card,basic,current
1,8.0,47.51,4,4,0,2.69,month-to-month,fiber,electronic_check,plus,never
0,1.9,74.69,3,3,0,3.02,month-to-month,dsl,electronic_check,plus,current
0,3.9,56.18,2,5,0,0.6,month-to-month,fiber,bank_transfer,basic,never
0,17.2,60.16,1,2,1,0.6,month-to-month,fiber,electronic_check,plus,never
0,10.2,36.58,2,2,0,2.13,month-to-month,fiber,electronic_check,basic,current
0,14.6,94.63,2,1,0,0.07,month-to-month,none,electronic_check,basic,never
0,9.7,70.08,1,2,1,2.8,month-to-month,none,electronic_check,basic,past
0,72.0,59.84,3,2,0,6.12,month-to-month,fiber,bank_transfer,basic,never
0,2.9,72.85,3,1,1,0.77,month-to-month,dsl,bank_transfer,basic,past
0,36.2,103.95,2,3,0,0.72,one-year,fiber,electronic_check,basic,past
0,3.9,38.99,2,0,2,3.08,month-to-month,fiber,bank_transfer,premium,never
0,8.3,58.84,1,3,0,2.73,month-to-month,fiber,electronic_check,basic,never
0,56.4,100.33,2,4,4,2.17,month-to-month,none,credit_card,premium,never
1,36.9,88.3,2,1,0,3.23,month-to-month,dsl,bank_transfer,plus,current
0,40.2,14.19,3,2,1,1.91,month-to-month,dsl,electronic_check,basic,past
0,15.3,93.84,1,0,0,1.64,month-to-month,none,bank_transfer,plus,current
0,62.7,69.08,1,2,0,2.06,one-year,dsl,electronic_check,premium,never
0,2.7,45.88,2,2,0,1.76,month-to-month,dsl,credit_card,basic,past
0,21.3,97.95,3,1,1,3.22,month-to-month,dsl,electronic_check,basic,never
0,20.4,49.2,3,2,0,1.93,two-year,fiber,credit_card,basic,never
0,8.3,69.02,2,2,1,4.97,one-year,fiber,electronic_check,premium,current
0,0.9,60.68,2,3,0,1.87,month-to-month,dsl,bank_transfer,basic,past
0,8.0,52.87,0,1,1,1.41,month-to-month,none,electronic_check,basic,past
0,13.6,75.56,1,3,0,0.6,two-year,fiber,electronic_check,basic,never
0,4.4,84.51,1,1,0,2.6,two-year,none,electronic_check,basic,never
0,0.2,37.43,1,3,2,4.23,one-year,none,credit_card,basic,past
1,0.8,114.03,1,2,2,1.15,month-to-month,fiber,bank_transfer,basic,past
0,42.3,77.76,3,0,0,2.21,month-to-month,fiber,credit_card,plus,never
0,2.6,69.92,1,4,1,3.0,one-year,dsl,credit_card,basic,past
0,0.2,81.6,1,0,0,2.01,month-to-month,fiber,credit_card,plus,past
0,1.0,56.49,1,1,0,0.0,two-year,dsl,bank_transfer,basic,past
0,24.5,75.42,1,3,0,0.48,month-to-month,dsl,bank_transfer,basic,past
0,13.7,111.4,2,1,0,1.17,month-to-month,fiber,credit_card,plus,never
0,8.8,55.87,3,1,0,2.29,month-to-month,fiber,electronic_check,basic,current
0,13.5,85.79,3,3,2,0.31,two-year,dsl,credit_card,basic,past
0,3.1,45.34,3,1,0,2.35,two-year,fiber,electronic_check,basic,past
0,0.5,18.92,3,5,0,0.23,two-year,dsl,credit_card,plus,never
0,1.6,75.21,2,2,0,1.43,month-to-month,dsl,bank_transfer,basic,past
1,24.2,55.29,1,1,0,1.56,month-to-month,fiber,bank_transfer,basic,never
0,36.3,17.01,2,0,1,1.88,month-to-month,fiber,credit_card,plus,past
0,2.1,101.77,1,3,0,3.14,month-to-month,fiber,electronic_check,plus,current
0,11.0,85.83,1,0,0,4.56,two-year,dsl,bank_transfer,plus,never
0,0.2,49.86,1,0,1,0.55,month-to-month,none,electronic_check,premium,past
0,5.1,107.61,2,3,0,2.19,one-year,fiber,credit_card,basic,never
0,12.8,45.16,2,1,1,2.89,month-to-month,dsl,electronic_check,plus,never
0,26.8,63.56,2,3,1,0.97,month-to-month,dsl,credit_card,basic,current
0,39.9,42.23,2,3,1,3.67,two-year,fiber,electronic_check,basic,never
0,14.8,48.42,1,2,0,3.73,month-to-month,fiber,bank_transfer,basic,past
0,72.0,79.33,3,2,0,1.35,month-to-month,dsl,electronic_check,basic,never
0,23.9,105.71,2,4,0,1.79,month-to-month,none,bank_transfer,basic,current
0,4.8,74.74,2,1,0,3.06,one-year,fiber,electronic_check,plus,past
0,10.9,69.24,2,2,0,2.92,one-year,fiber,electronic_check,basic,current
0,1.6,84.04,3,2,0,1.6,month-to-month,dsl,electronic_check,premium,never
0,2.7,81.61,2,5,1,1.97,month-to-month,dsl,electronic_check,basic,current
0,0.3,77.19,2,1,1,2.57,month-to-month,fiber,electronic_check,plus,never
0,7.3,32.25,1,1,0,2.32,month-to-month,none,credit_card,basic,past
0,1.9,51.65,2,6,0,1.46,month-to-month,fiber,electronic_check,basic,never
0,0.1,78.42,2,3,0,2.44,month-to-month,dsl,electronic_check,basic,past
0,23.9,91.3,1,3,1,2.23,month-to-month,dsl,electronic_check,premium,past
0,13.6,60.56,2,3,0,3.34,two-year,dsl,electronic_check,basic,never
0,40.2,90.53,1,6,0,0.31,one-year,none,electronic_check,basic,never
0,45.1,95.31,1,1,1,3.07,month-to-month,fiber,electronic_check,basic,past
0,12.1,32.08,3,1,1,4.29,two-year,fiber,electronic_check,plus,past
0,15.6,59.1,2,2,0,2.42,two-year,fiber,electronic_check,plus,past
0,1.8,22.32,2,2,0,0.0,one-year,dsl,electronic_check,plus,past
0,27.3,59.74,1,1,0,2.02,month-to-month,fiber,credit_card,plus,never
0,6.1,54.92,2,2,1,1.39,two-year,dsl,electronic_check,basic,past
0,8.3,60.64,1,1,0,1.12,one-year,dsl,electronic_check,basic,past
0,18.1,60.57,2,1,0,3.1,one-year,dsl,electronic_check,plus,never
1,63.8,15.84,3,3,2,3.58,month-to-month,fiber,electronic_check,basic,current
1,7.4,90.13,3,2,0,3.74,month-to-month,fiber,electronic_check,basic,never
1,37.2,80.24,1,2,2,2.16,month-to-month,fiber,bank_transfer,basic,never
0,11.7,68.94,1,3,1,2.22,month-to-month,dsl,electronic_check,basic,past
0,39.2,71.85,1,3,0,2.6,month-to-month,fiber,credit_card,premium,past
1,5.5,111.85,2,3,1,2.2,month-to-month,fiber,credit_card,basic,never
0,5.8,22.93,1,1,0,3.31,one-year,fiber,credit_card,plus,current
0,6.4,82.07,1,2,2,2.92,month-to-month,dsl,electronic_check,basic,past
0,22.5,59.18,1,2,0,2.35,month-to-month,none,electronic_check,basic,never
0,0.4,79.51,1,1,0,2.13,month-to-month,none,bank_transfer,plus,past
0,4.1,71.71,1,2,1,2.01,month-to-month,dsl,electronic_check,plus,never
0,17.8,10.0,2,4,0,2.87,month-to-month,fiber,electronic_check,basic,past
0,2.9,59.45,2,1,0,3.03,month-to-month,dsl,bank_transfer,basic,past
0,13.9,44.73,2,3,0,2.58,month-to-month,fiber,electronic_check,basic,current
1,29.3,85.05,1,3,1,3.69,month-to-month,dsl,electronic_check,basic,never
0,8.0,89.2,1,1,1,1.46,two-year,fiber,bank_transfer,basic,current
1,72.0,78.01,2,2,0,2.89,month-to-month,fiber,credit_card,basic,never
0,0.5,81.82,2,2,0,2.41,two-year,dsl,electronic_check,basic,never
0,21.3,63.08,2,3,0,2.96,month-to-month,dsl,bank_transfer,plus,never
0,10.7,110.59,2,0,0,1.83,two-year,fiber,bank_transfer,plus,current
0,12.9,99.54,2,2,2,2.23,month-to-month,dsl,bank_transfer,plus,current
0,3.9,94.37,2,0,0,3.43,month-to-month,fiber,electronic_check,premium,current
1,49.6,130.62,3,2,0,0.64,month-to-month,fiber,bank_transfer,basic,current
0,17.9,71.7,3,2,0,1.94,one-year,dsl,bank_transfer,premium,current
0,14.8,46.32,1,1,2,2.79,month-to-month,dsl,electronic_check,premium,past
0,15.2,78.61,2,0,0,2.07,month-to-month,none,credit_card,plus,never
0,19.0,99.43,2,2,2,2.07,month-to-month,dsl,electronic_check,plus,never
1,8.1,84.07,1,3,0,0.71,month-to-month,none,electronic_check,basic,past
0,9.6,44.47,3,1,1,1.69,two-year,fiber,bank_transfer,basic,past
0,0.6,94.32,2,6,1,0.91,one-year,none,electronic_check,premium,never
0,13.9,37.32,2,3,1,2.49,one-year,fiber,credit_card,basic,past
0,2.9,30.48,3,1,1,3.68,two-year,fiber,electronic_check,plus,current
0,2.5,97.36,3,2,0,2.22,two-year,fiber,electronic_check,basic,past
0,19.0,72.93,1,1,1,0.64,month-to-month,none,credit_card,plus,past
1,18.9,53.1,1,3,1,1.9,month-to-month,dsl,electronic_check,basic,never
0,49.8,30.0,3,4,1,0.6,month-to-month,fiber,electronic_check,basic,past
0,4.5,88.07,1,2,0,0.82,two-year,none,bank_transfer,plus,never
0,7.1,10.0,0,1,2,1.75,month-to-month,none,electronic_check,plus,never
0,45.1,74.77,2,1,0,4.41,one-year,fiber,electronic_check,basic,past
1,6.0,50.58,4,2,1,3.41,month-to-month,fiber,credit_card,basic,never
1,6.5,96.13,3,2,0,3.17,month-to-month,dsl,bank_transfer,basic,past
0,33.2,44.48,2,2,0,1.98,month-to-month,fiber,credit_card,basic,never
0,40.7,71.08,1,3,0,2.61,month-to-month,fiber,electronic_check,premium,current
0,3.1,68.02,1,1,0,0.49,two-year,dsl,electronic_check,basic,current
0,0.3,78.6,2,3,0,2.57,two-year,fiber,electronic_check,basic,past
0,2.8,73.74,3,0,0,4.56,month-to-month,fiber,electronic_check,plus,past
0,26.9,86.59,1,1,2,1.36,two-year,none,credit_card,plus,current
0,7.3,75.99,1,2,2,0.96,month-to-month,none,electronic_check,basic,past
0,11.3,77.91,2,5,1,1.36,month-to-month,dsl,bank_transfer,basic,current
0,1.5,111.41,2,1,0,1.68,month-to-month,dsl,electronic_check,basic,never
0,33.1,75.65,2,4,1,2.41,month-to-month,none,bank_transfer,basic,current
0,21.0,74.57,1,1,1,2.86,two-year,dsl,bank_transfer,basic,never
0,7.4,110.18,1,2,0,2.36,month-to-month,fiber,credit_card,basic,never
0,8.0,82.1,1,2,1,2.56,two-year,dsl,electronic_check,basic,past
0,7.7,47.42,1,3,1,1.22,month-to-month,fiber,credit_card,basic,past
0,5.4,55.84,3,1,1,3.63,one-year,dsl,credit_card,plus,current
0,32.4,69.85,3,4,1,1.76,month-to-month,fiber,electronic_check,plus,current
0,10.4,94.05,3,3,1,2.06,two-year,dsl,bank_transfer,basic,never
0,47.9,52.26,1,1,1,1.3,one-year,dsl,electronic_check,basic,past
0,67.2,42.66,2,3,1,1.97,month-to-month,dsl,bank_transfer,basic,never
1,26.4,117.0,3,3,0,2.79,one-year,fiber,bank_transfer,basic,past
0,16.2,75.28,2,3,0,2.14,one-year,dsl,credit_card,basic,current
1,70.6,117.16,3,3,1,0.6,two-year,fiber,credit_card,premium,current
0,6.6,82.04,3,2,0,0.0,one-year,dsl,electronic_check,plus,current
0,40.8,77.74,2,2,0,2.23,two-year,dsl,electronic_check,plus,past
0,3.2,74.54,2,5,1,3.13,month-to-month,fiber,electronic_check,basic,current
0,1.4,76.79,2,1,0,2.39,one-year,fiber,bank_transfer,plus,current
0,14.2,88.99,2,2,0,2.91,month-to-month,dsl,electronic_check,basic,past
0,17.4,69.56,1,2,0,2.08,two-year,fiber,bank_transfer,basic,current
0,5.0,79.49,0,3,0,2.87,month-to-month,none,credit_card,basic,never
0,4.8,52.11,2,2,2,0.47,one-year,none,credit_card,basic,current
0,27.7,30.53,1,0,2,0.0,month-to-month,none,credit_card,premium,current
0,7.1,76.09,3,2,0,1.16,one-year,none,credit_card,basic,past
0,1.9,82.01,2,2,1,4.1,month-to-month,fiber,electronic_check,basic,never
0,45.1,41.09,1,0,1,3.11,month-to-month,fiber,electronic_check,plus,current
0,10.6,81.6,3,4,0,0.84,one-year,fiber,electronic_check,plus,past
0,70.7,70.03,4,0,1,0.73,month-to-month,dsl,electronic_check,plus,past
0,14.5,121.52,2,4,1,0.6,one-year,fiber,electronic_check,basic,never
1,21.9,44.15,2,3,0,3.26,one-year,dsl,credit_card,basic,past
0,32.5,69.15,3,1,0,0.6,month-to-month,fiber,electronic_check,basic,never
0,2.9,71.68,1,3,2,0.0,one-year,dsl,electronic_check,basic,current
1,38.7,67.99,2,1,0,2.3,month-to-month,fiber,credit_card,basic,past
0,23.0,72.8,3,2,0,2.18,month-to-month,dsl,bank_transfer,basic,never
0,58.2,82.02,2,1,1,3.08,month-to-month,fiber,credit_card,plus,past
0,21.5,81.12,3,1,0,3.32,month-to-month,fiber,bank_transfer,premium,never
0,28.3,70.15,4,1,1,1.34,month-to-month,dsl,credit_card,basic,never
0,1.9,50.81,3,1,0,0.0,month-to-month,dsl,credit_card,basic,past
0,28.3,56.23,2,2,1,3.4,one-year,none,electronic_check,basic,current
0,3.1,76.5,2,2,0,1.9,one-year,fiber,electronic_check,basic,never
0,28.6,74.01,2,0,1,0.54,month-to-month,none,credit_card,plus,past
0,11.3,62.43,2,1,2,3.56,month-to-month,fiber,electronic_check,premium,current
0,28.2,73.47,3,2,1,3.36,month-to-month,dsl,electronic_check,premium,current
0,16.2,87.61,2,0,0,1.32,one-year,dsl,credit_card,plus,never
0,10.0,105.39,1,2,2,3.66,month-to-month,dsl,electronic_check,basic,current
1,14.6,60.26,3,3,1,2.07,month-to-month,fiber,electronic_check,basic,past
0,1.4,86.38,1,0,1,4.6,one-year,dsl,electronic_check,plus,never
0,16.1,80.87,1,3,0,2.65,month-to-month,fiber,electronic_check,plus,never
0,43.1,61.89,2,3,1,0.13,month-to-month,dsl,electronic_check,basic,current
0,8.8,71.56,1,0,0,2.06,month-to-month,fiber,credit_card,plus,past
0,14.2,67.43,2,4,0,2.62,one-year,dsl,credit_card,basic,past
1,6.2,122.52,4,1,0,3.61,month-to-month,fiber,electronic_check,basic,current
0,6.8,79.43,1,1,0,3.58,one-year,dsl,bank_transfer,basic,current
1,11.1,91.96,1,6,1,0.0,month-to-month,none,bank_transfer,basic,past
0,28.3,47.25,1,3,0,0.53,two-year,none,bank_transfer,plus,never
0,20.8,63.94,1,3,1,2.18,two-year,none,electronic_check,basic,never
0,2.9,43.85,2,5,0,0.02,month-to-month,dsl,electronic_check,basic,never
0,17.4,42.79,2,2,0,1.92,month-to-month,dsl,electronic_check,basic,current
0,4.4,68.73,1,1,2,2.51,month-to-month,fiber,electronic_check,premium,past
1,1.5,44.86,3,6,1,2.96,month-to-month,fiber,bank_transfer,basic,past
0,1.1,50.73,3,2,0,1.13,two-year,dsl,bank_transfer,plus,current
0,3.3,64.21,1,1,0,2.39,month-to-month,dsl,credit_card,basic,past
0,25.3,57.02,3,1,2,5.13,month-to-month,fiber,bank_transfer,premium,never
0,5.8,104.32,2,3,1,3.49,two-year,fiber,electronic_check,basic,past
0,21.2,86.49,3,5,2,3.85,month-to-month,dsl,electronic_check,basic,past
0,2.3,50.26,2,2,1,2.43,month-to-month,fiber,electronic_check,basic,never
0,38.6,47.01,3,2,0,2.9,month-to-month,dsl,electronic_check,plus,past
1,9.5,37.36,2,2,3,2.61,month-to-month,fiber,electronic_check,basic,never
0,12.1,93.07,0,4,0,0.85,two-year,none,credit_card,basic,never
1,39.4,32.31,2,4,0,2.81,month-to-month,fiber,credit_card,basic,never
0,39.1,90.85,2,3,0,2.42,month-to-month,dsl,bank_transfer,basic,never
0,1.4,84.89,2,3,1,1.33,one-year,dsl,credit_card,basic,never
0,7.2,72.05,3,0,1,1.01,month-to-month,none,credit_card,plus,past
1,1.5,89.26,1,1,0,1.96,month-to-month,none,electronic_check,plus,current
1,9.8,107.23,2,2,0,3.22,month-to-month,fiber,electronic_check,basic,never
0,20.6,44.51,2,4,1,2.28,month-to-month,fiber,electronic_check,basic,current
0,45.2,64.05,2,3,1,2.03,one-year,dsl,credit_card,basic,past
1,35.7,84.16,2,3,0,2.14,month-to-month,dsl,bank_transfer,basic,never
0,25.7,78.72,3,2,1,2.26,month-to-month,fiber,electronic_check,premium,current
1,35.4,80.24,2,4,0,2.86,month-to-month,fiber,bank_transfer,basic,past
0,34.7,72.62,1,2,0,2.18,month-to-month,fiber,bank_transfer,premium,never
0,66.5,72.35,3,2,0,3.41,month-to-month,fiber,bank_transfer,basic,past
0,5.7,43.58,1,0,3,3.61,one-year,fiber,electronic_check,plus,past
0,49.1,90.01,1,2,0,0.6,one-year,fiber,credit_card,basic,past
0,6.1,66.33,2,1,1,2.52,month-to-month,fiber,electronic_check,basic,past
0,4.6,62.05,2,0,1,2.7,one-year,dsl,electronic_check,premium,never
0,33.8,58.76,2,4,1,2.44,month-to-month,fiber,credit_card,basic,never
0,18.9,88.79,2,4,1,1.77,month-to-month,none,electronic_check,basic,never
0,7.1,94.75,2,2,0,3.58,month-to-month,fiber,electronic_check,basic,past
0,38.3,51.48,2,3,1,2.95,one-year,dsl,bank_transfer,basic,current
0,20.2,95.99,2,1,1,1.99,two-year,fiber,credit_card,basic,current
0,9.1,45.86,1,3,0,1.42,two-year,fiber,electronic_check,basic,current
0,27.0,39.43,2,1,2,1.47,month-to-month,dsl,bank_transfer,plus,never
0,5.8,47.69,1,5,0,0.25,one-year,dsl,bank_transfer,premium,current
0,37.1,49.27,4,4,0,2.74,one-year,fiber,credit_card,basic,past
0,16.8,87.6,2,2,0,2.17,one-year,fiber,electronic_check,basic,never
0,18.8,55.28,2,1,0,1.56,one-year,dsl,electronic_check,plus,past
0,1.5,98.67,3,0,0,1.92,two-year,dsl,credit_card,plus,past
0,39.1,73.84,3,1,1,0.79,month-to-month,dsl,electronic_check,basic,never
0,20.6,103.84,2,3,1,1.5,one-year,dsl,bank_transfer,basic,current
1,12.9,108.22,0,4,0,5.02,month-to-month,none,electronic_check,basic,past
0,13.4,71.23,3,2,1,5.44,one-year,fiber,electronic_check,premium,never
1,37.2,82.7,1,1,3,0.91,two-year,none,electronic_check,basic,never
0,8.3,51.64,2,3,1,3.17,two-year,dsl,electronic_check,premium,never
0,15.9,97.92,1,1,0,0.56,one-year,dsl,credit_card,plus,never
0,29.1,63.57,1,1,1,2.57,two-year,fiber,bank_transfer,basic,past
0,8.8,55.8,2,0,1,0.0,month-to-month,dsl,electronic_check,plus,never
0,48.0,69.84,2,0,1,2.36,month-to-month,fiber,credit_card,plus,never
0,10.1,80.95,2,1,1,2.48,month-to-month,fiber,credit_card,premium,never
0,13.9,78.67,4,1,0,0.6,one-year,dsl,credit_card,plus,past
0,2.4,78.32,3,5,1,2.05,one-year,dsl,credit_card,basic,never
0,33.5,63.05,1,4,0,3.15,one-year,dsl,bank_transfer,basic,never
1,72.0,83.28,1,1,0,3.15,month-to-month,fiber,credit_card,plus,past
0,32.2,44.65,2,2,0,0.58,one-year,none,bank_transfer,basic,past
0,3.1,124.82,3,2,0,1.3,month-to-month,fiber,bank_transfer,basic,current
0,9.1,86.12,0,3,0,2.6,month-to-month,none,electronic_check,basic,past
0,1.9,70.52,1,0,0,2.67,month-to-month,none,credit_card,premium,past
0,13.1,52.75,3,3,0,0.0,one-year,dsl,credit_card,basic,current
0,14.6,108.24,2,4,1,0.0,month-to-month,dsl,bank_transfer,basic,never
0,7.7,108.31,2,2,0,1.49,two-year,fiber,electronic_check,plus,current
0,2.3,22.94,1,2,2,3.24,month-to-month,fiber,credit_card,plus,never
0,24.9,65.43,1,2,0,3.68,month-to-month,fiber,credit_card,premium,never
1,12.2,82.56,4,1,0,0.88,month-to-month,dsl,bank_transfer,basic,past
0,11.5,53.6,2,3,0,2.89,one-year,fiber,credit_card,basic,past
0,3.7,56.49,2,1,0,2.37,one-year,dsl,electronic_check,basic,current
0,2.6,97.19,0,1,0,1.27,two-year,none,bank_transfer,basic,never
0,14.9,77.12,0,2,3,0.76,month-to-month,none,bank_transfer,basic,current
0,0.6,77.29,2,3,0,4.72,month-to-month,fiber,credit_card,basic,current
0,8.8,19.37,3,2,2,2.61,month-to-month,fiber,credit_card,plus,never
1,1.6,81.02,1,4,0,2.16,month-to-month,dsl,bank_transfer,basic,never
0,33.0,83.42,2,0,2,1.4,month-to-month,none,electronic_check,premium,current
1,13.8,31.29,2,4,1,4.47,two-year,fiber,electronic_check,basic,past
0,5.2,48.64,2,3,1,1.68,one-year,dsl,electronic_check,basic,past
0,22.5,49.94,4,3,0,2.13,month-to-month,fiber,electronic_check,plus,past
0,0.8,36.58,2,2,1,4.39,two-year,fiber,credit_card,basic,never
0,1.4,62.83,2,1,0,0.14,month-to-month,dsl,electronic_check,basic,never
0,17.7,79.67,1,3,0,5.16,month-to-month,fiber,electronic_check,plus,past
0,0.6,89.68,3,3,0,1.75,month-to-month,fiber,bank_transfer,plus,past
0,9.1,73.41,1,2,1,4.85,month-to-month,none,credit_card,plus,never
0,59.6,97.83,3,2,0,4.46,month-to-month,dsl,electronic_check,basic,past
1,19.8,91.81,1,1,2,2.23,month-to-month,fiber,credit_card,premium,past
0,36.2,51.12,2,6,0,1.18,month-to-month,none,credit_card,basic,current
0,1.7,68.22,1,0,0,2.44,month-to-month,none,bank_transfer,plus,current
0,71.3,38.97,2,3,0,1.42,two-year,fiber,credit_card,basic,current
0,18.0,67.09,3,4,0,3.71,month-to-month,fiber,credit_card,basic,current
0,1.8,97.27,4,2,0,2.58,two-year,fiber,credit_card,plus,never
0,14.9,79.01,2,1,1,4.21,month-to-month,fiber,credit_card,basic,past
0,11.4,65.47,2,3,0,0.97,month-to-month,dsl,bank_transfer,plus,never
0,27.7,86.99,2,3,1,1.81,month-to-month,dsl,electronic_check,plus,past
0,25.0,49.2,1,2,1,3.58,month-to-month,dsl,electronic_check,plus,past
0,40.8,38.33,2,0,1,1.59,month-to-month,none,credit_card,plus,never
0,21.3,24.56,3,1,1,3.68,month-to-month,dsl,electronic_check,plus,current
0,30.9,57.81,2,3,0,2.04,one-year,fiber,electronic_check,premium,current
0,23.1,102.8,2,4,0,1.78,month-to-month,dsl,electronic_check,basic,never
0,4.9,64.03,2,1,0,4.31,month-to-month,fiber,credit_card,basic,past
0,0.8,107.96,2,7,1,4.24,two-year,fiber,electronic_check,basic,current
1,39.9,10.0,3,1,0,1.85,one-year,fiber,credit_card,basic,never
1,6.3,77.93,2,3,1,1.59,month-to-month,fiber,electronic_check,basic,current
1,1.3,52.95,2,2,2,0.95,month-to-month,fiber,electronic_check,plus,past
1,21.6,55.97,3,1,1,0.6,one-year,fiber,credit_card,basic,never
0,15.3,28.97,2,2,1,3.11,month-to-month,fiber,electronic_check,premium,never
0,0.5,80.81,2,4,0,3.41,month-to-month,none,bank_transfer,basic,past
0,11.6,76.45,2,1,0,3.12,month-to-month,fiber,electronic_check,plus,current
1,23.0,98.99,3,1,0,3.5,month-to-month,fiber,bank_transfer,basic,never
0,14.5,62.57,2,1,0,1.0,month-to-month,dsl,credit_card,premium,never
0,28.6,111.98,1,1,0,3.59,month-to-month,fiber,electronic_check,basic,never
0,1.8,81.62,4,1,1,2.88,month-to-month,fiber,electronic_check,basic,never
0,72.0,62.79,2,3,0,1.24,month-to-month,fiber,bank_transfer,basic,never
0,0.3,94.76,2,0,0,2.43,month-to-month,fiber,credit_card,plus,current
0,21.5,87.52,2,2,0,0.6,two-year,fiber,credit_card,basic,current
0,0.3,88.33,1,1,0,2.98,month-to-month,fiber,electronic_check,basic,past
1,53.6,94.29,2,1,1,3.07,month-to-month,fiber,bank_transfer,basic,never
0,14.0,43.31,1,1,1,0.77,one-year,none,credit_card,plus,never
0,2.9,37.7,2,0,4,3.18,month-to-month,fiber,electronic_check,plus,current
0,0.9,44.32,3,2,0,1.69,month-to-month,dsl,bank_transfer,basic,current
0,24.4,101.61,2,3,1,0.33,month-to-month,none,bank_transfer,plus,never
0,2.6,39.65,3,1,0,4.3,month-to-month,dsl,credit_card,plus,never
0,3.2,121.44,3,2,0,2.77,two-year,fiber,electronic_check,basic,never
0,3.2,84.11,3,3,0,3.01,month-to-month,fiber,electronic_check,plus,past
0,1.4,68.92,3,6,0,1.76,month-to-month,dsl,electronic_check,basic,never
0,33.9,109.76,1,2,0,2.04,month-to-month,none,electronic_check,basic,current
0,56.4,58.02,3,2,0,3.39,one-year,fiber,electronic_check,plus,current
0,15.5,103.6,2,1,0,1.45,month-to-month,fiber,credit_card,basic,past
0,20.7,26.0,2,2,1,1.07,month-to-month,dsl,bank_transfer,basic,past
0,4.6,33.55,3,5,0,1.1,one-year,fiber,credit_card,basic,never
0,11.0,75.95,3,0,0,3.09,month-to-month,dsl,electronic_check,plus,never
0,9.0,111.63,2,3,0,3.76,month-to-month,fiber,bank_transfer,basic,never
0,1.9,74.82,2,2,3,1.43,two-year,fiber,bank_transfer,plus,never
0,1.1,78.84,3,2,2,1.52,two-year,fiber,credit_card,premium,current
0,32.1,21.16,2,2,0,3.19,month-to-month,dsl,electronic_check,basic,past
0,14.2,106.24,0,3,0,1.04,one-year,none,electronic_check,plus,never
0,12.1,53.7,1,4,0,1.87,one-year,dsl,bank_transfer,plus,never
0,1.9,106.82,2,1,1,1.77,month-to-month,fiber,electronic_check,plus,past
1,35.2,61.75,3,3,0,3.15,month-to-month,fiber,electronic_check,basic,current
1,24.6,80.75,3,3,0,3.05,month-to-month,fiber,electronic_check,basic,never
0,12.0,38.66,3,3,0,1.78,two-year,fiber,credit_card,basic,never
0,9.9,79.67,2,1,0,1.19,two-year,fiber,credit_card,plus,never
0,4.3,65.17,1,3,0,1.47,month-to-month,fiber,credit_card,basic,past
0,29.4,90.33,2,0,2,2.54,two-year,fiber,electronic_check,plus,past
0,14.9,71.87,2,3,1,1.7,month-to-month,dsl,electronic_check,basic,never
1,17.5,106.03,2,2,1,1.45,month-to-month,dsl,electronic_check,basic,past
0,13.0,53.08,2,1,1,1.21,month-to-month,fiber,bank_transfer,plus,never
0,16.3,42.08,2,0,1,2.57,month-to-month,dsl,electronic_check,plus,past
0,8.8,96.93,1,2,1,3.36,month-to-month,fiber,electronic_check,basic,never
0,16.8,97.08,2,3,2,2.37,two-year,fiber,credit_card,basic,current
0,2.4,108.1,3,5,0,2.91,two-year,fiber,electronic_check,basic,never
0,3.7,98.48,2,2,2,1.51,one-year,dsl,credit_card,basic,current
0,28.3,31.48,1,2,1,1.65,month-to-month,fiber,bank_transfer,premium,never
0,35.9,76.32,2,5,0,2.64,month-to-month,fiber,electronic_check,premium,current
0,9.7,83.44,2,2,0,0.23,two-year,dsl,electronic_check,basic,past
0,30.9,97.71,1,3,1,2.38,one-year,none,electronic_check,plus,current
0,33.5,63.83,3,3,0,3.4,one-year,dsl,credit_card,basic,past
0,6.1,43.61,1,0,1,2.28,month-to-month,dsl,electronic_check,plus,never
0,35.2,68.56,2,2,0,3.21,two-year,fiber,credit_card,premium,past
0,61.2,71.7,2,2,0,1.44,month-to-month,dsl,bank_transfer,basic,past
0,1.2,89.78,2,3,0,0.71,month-to-month,fiber,electronic_check,basic,past
0,27.1,73.35,2,1,2,1.36,month-to-month,none,credit_card,basic,past
0,2.0,47.94,1,2,1,2.94,two-year,dsl,credit_card,plus,current
0,2.8,85.75,1,1,0,1.39,two-year,fiber,bank_transfer,plus,never
0,16.0,86.22,1,3,1,3.29,month-to-month,none,electronic_check,plus,current
0,8.8,19.62,3,1,0,2.04,one-year,dsl,bank_transfer,basic,current
0,7.0,65.61,2,2,0,1.2,two-year,dsl,electronic_check,basic,never
1,13.9,69.17,2,4,1,1.68,two-year,dsl,electronic_check,basic,past
1,2.1,90.85,1,2,0,2.12,month-to-month,dsl,electronic_check,plus,never
0,10.4,32.7,0,2,0,2.23,month-to-month,none,electronic_check,basic,past
1,13.2,45.68,2,2,1,3.62,month-to-month,fiber,electronic_check,basic,never
0,1.7,104.9,2,1,1,2.37,month-to-month,fiber,electronic_check,basic,never
0,26.1,123.9,1,3,0,3.19,month-to-month,fiber,electronic_check,plus,past
0,6.5,45.09,3,2,0,2.39,month-to-month,fiber,electronic_check,basic,current
0,2.8,67.93,1,1,1,1.12,month-to-month,dsl,electronic_check,basic,never
0,26.1,51.65,2,3,2,2.42,two-year,dsl,electronic_check,premium,current
0,19.7,77.34,2,0,0,2.03,one-year,fiber,credit_card,premium,past
0,32.2,91.47,0,2,1,2.43,month-to-month,none,electronic_check,basic,past
0,27.8,98.01,2,1,0,1.53,month-to-month,fiber,electronic_check,plus,current
0,4.3,35.66,2,4,0,2.01,one-year,dsl,credit_card,basic,past
0,35.0,87.02,2,3,0,4.2,month-to-month,none,credit_card,basic,past
0,10.7,66.44,2,2,0,3.29,month-to-month,fiber,electronic_check,plus,current
0,29.3,54.82,1,3,0,2.6,month-to-month,dsl,electronic_check,premium,current
0,10.8,59.35,3,2,2,1.2,two-year,fiber,electronic_check,basic,never
1,14.9,104.78,1,1,1,3.47,month-to-month,none,bank_transfer,basic,never
0,0.8,13.74,1,2,0,0.47,month-to-month,none,bank_transfer,basic,past
0,3.7,79.7,2,1,1,0.62,one-year,dsl,credit_card,plus,past
0,43.6,84.42,2,3,3,2.22,month-to-month,fiber,bank_transfer,plus,current
0,9.2,16.35,1,3,2,2.33,month-to-month,dsl,bank_transfer,basic,never
0,33.5,75.8,2,3,1,3.86,two-year,fiber,electronic_check,premium,current
0,72.0,46.44,3,2,0,4.98,two-year,dsl,credit_card,plus,current
1,63.2,76.33,2,2,1,1.71,month-to-month,fiber,electronic_check,plus,past
0,72.0,43.31,3,2,1,2.75,month-to-month,fiber,electronic_check,basic,past
0,2.7,53.56,1,3,0,1.15,two-year,none,electronic_check,basic,never
1,31.7,80.14,1,3,0,2.46,month-to-month,none,electronic_check,basic,past
0,27.4,55.6,2,1,0,3.72,one-year,fiber,electronic_check,plus,never
0,14.1,55.51,2,3,1,2.28,month-to-month,dsl,credit_card,basic,past
0,37.8,68.04,2,1,0,2.31,month-to-month,fiber,electronic_check,premium,current
0,10.8,58.06,3,3,0,1.38,month-to-month,dsl,credit_card,basic,past
1,32.8,91.35,1,3,2,1.85,month-to-month,none,electronic_check,basic,current
1,4.5,94.14,0,0,0,1.23,one-year,none,credit_card,premium,never
0,16.2,47.16,2,1,2,3.31,two-year,dsl,credit_card,basic,current
1,7.5,60.94,2,2,1,5.28,month-to-month,fiber,electronic_check,basic,past
1,18.5,72.13,3,2,0,3.95,month-to-month,fiber,electronic_check,basic,past
0,4.2,79.75,4,3,1,0.6,one-year,fiber,credit_card,basic,never
0,21.3,44.04,3,2,0,0.6,one-year,fiber,electronic_check,basic,never
1,6.6,59.63,2,2,0,3.49,one-year,fiber,electronic_check,basic,past
0,4.2,21.42,1,3,1,2.65,one-year,none,electronic_check,basic,never
0,1.6,76.0,2,3,1,0.0,month-to-month,dsl,electronic_check,basic,never
0,27.5,91.41,3,3,0,3.53,one-year,fiber,electronic_check,plus,never
0,19.5,75.7,0,1,0,0.57,month-to-month,none,electronic_check,basic,current
0,8.4,88.64,2,1,0,4.38,one-year,dsl,bank_transfer,basic,current
0,0.8,68.17,2,2,1,1.41,month-to-month,dsl,electronic_check,plus,current
0,3.7,76.0,1,2,1,2.66,month-to-month,fiber,electronic_check,premium,current
0,0.7,64.58,1,0,1,0.5,one-year,none,electronic_check,plus,current
0,25.5,55.06,2,2,0,2.91,month-to-month,fiber,electronic_check,premium,current
1,8.3,71.57,2,9,0,2.24,month-to-month,fiber,electronic_check,basic,never
0,1.6,90.83,1,2,0,1.32,one-year,fiber,credit_card,basic,never
0,6.7,106.8,2,2,1,3.49,one-year,fiber,electronic_check,basic,past
0,34.8,79.19,2,3,2,2.32,month-to-month,dsl,credit_card,basic,current
0,18.3,56.23,2,3,0,4.64,two-year,fiber,bank_transfer,basic,past
0,3.2,34.36,3,2,1,3.12,month-to-month,none,bank_transfer,basic,never
0,14.2,62.12,2,3,1,1.52,month-to-month,none,electronic_check,basic,never
0,3.6,61.28,2,1,0,0.0,one-year,dsl,credit_card,premium,never
0,31.0,88.41,2,2,1,3.73,two-year,none,bank_transfer,basic,never
0,2.0,29.24,1,2,1,1.22,month-to-month,fiber,electronic_check,basic,never
1,16.0,88.66,2,2,1,4.37,month-to-month,fiber,electronic_check,plus,past
0,15.7,86.48,3,4,0,1.16,one-year,dsl,electronic_check,plus,current
0,29.5,36.71,3,3,0,4.26,one-year,fiber,bank_transfer,basic,past
0,4.8,114.76,3,3,0,0.54,month-to-month,dsl,bank_transfer,plus,past
0,7.2,49.21,2,3,1,3.33,two-year,fiber,electronic_check,basic,past
0,49.4,59.96,1,1,0,2.82,two-year,fiber,electronic_check,plus,current
0,38.4,92.06,2,1,0,3.54,month-to-month,fiber,credit_card,basic,past
0,51.9,75.16,2,3,1,3.81,month-to-month,fiber,bank_transfer,basic,never
0,72.0,32.18,3,1,0,2.81,month-to-month,fiber,electronic_check,plus,past
0,0.8,84.41,3,2,1,0.92,month-to-month,dsl,bank_transfer,basic,never
0,38.2,15.44,2,3,1,2.59,month-to-month,fiber,bank_transfer,basic,past
0,0.7,20.47,1,3,0,2.63,month-to-month,dsl,electronic_check,basic,past
0,4.3,114.65,2,1,0,0.6,one-year,fiber,electronic_check,basic,current
0,22.2,103.02,3,0,1,3.44,month-to-month,fiber,electronic_check,plus,past
0,3.5,59.8,3,4,1,1.72,two-year,dsl,electronic_check,basic,never
0,2.6,67.3,1,0,0,1.66,one-year,fiber,electronic_check,plus,past
0,21.5,73.93,2,1,0,1.15,month-to-month,dsl,credit_card,plus,never
0,46.5,62.28,2,3,1,1.98,month-to-month,fiber,bank_transfer,premium,never
0,2.4,144.34,3,3,0,3.25,month-to-month,fiber,electronic_check,plus,past
1,0.2,10.0,2,4,1,0.6,month-to-month,fiber,electronic_check,basic,past
0,3.4,46.48,3,4,0,1.47,one-year,dsl,credit_card,basic,current
0,15.8,13.1,2,1,1,2.35,month-to-month,dsl,electronic_check,basic,current
0,63.2,70.55,3,0,0,2.45,one-year,fiber,bank_transfer,plus,never
1,4.7,120.46,2,2,0,1.12,month-to-month,dsl,credit_card,basic,past
0,15.3,75.0,1,1,1,5.67,one-year,fiber,bank_transfer,premium,past
0,33.0,56.34,2,4,1,1.8,two-year,fiber,credit_card,plus,never
0,20.4,85.58,2,2,1,2.59,month-to-month,dsl,credit_card,basic,never
0,1.4,117.18,3,2,0,2.49,month-to-month,dsl,electronic_check,premium,current
0,17.9,72.29,2,2,0,3.51,two-year,none,electronic_check,basic,past
0,10.7,113.56,0,0,0,2.01,month-to-month,none,electronic_check,premium,never
0,7.9,21.73,2,2,2,3.72,month-to-month,dsl,bank_transfer,premium,current
0,9.5,84.7,2,2,1,1.93,one-year,fiber,bank_transfer,basic,never
0,23.5,114.95,3,3,1,1.68,two-year,fiber,bank_transfer,basic,never
1,4.1,91.48,3,4,2,3.51,two-year,fiber,electronic_check,basic,never
1,39.4,95.88,2,3,0,2.81,month-to-month,fiber,credit_card,plus,past
1,5.1,59.12,1,5,2,3.02,month-to-month,fiber,bank_transfer,basic,past
0,10.2,82.27,2,1,0,1.45,month-to-month,fiber,credit_card,plus,never
0,33.8,71.15,2,4,0,5.54,month-to-month,fiber,electronic_check,basic,past
0,0.1,93.52,1,1,1,4.16,one-year,dsl,electronic_check,plus,past
1,10.7,65.84,2,1,2,3.98,month-to-month,fiber,electronic_check,plus,never
0,0.9,77.45,2,2,1,1.3,month-to-month,fiber,bank_transfer,basic,never
0,2.4,83.8,1,0,1,3.11,one-year,fiber,bank_transfer,plus,current
0,9.4,121.95,2,2,0,3.83,month-to-month,fiber,credit_card,premium,past
1,0.2,113.87,2,2,1,1.54,month-to-month,fiber,electronic_check,basic,never
0,12.9,75.21,2,6,1,0.0,month-to-month,dsl,credit_card,basic,never
0,62.9,65.49,2,2,1,3.82,two-year,dsl,credit_card,plus,current
0,0.8,49.48,2,2,2,2.94,one-year,fiber,bank_transfer,basic,never
0,9.4,95.23,1,3,1,1.96,one-year,none,electronic_check,basic,never
1,14.7,115.3,3,3,1,4.02,month-to-month,fiber,credit_card,basic,never
0,37.5,10.0,1,4,1,1.84,two-year,dsl,bank_transfer,plus,never
0,14.3,50.12,4,1,0,2.09,month-to-month,fiber,electronic_check,premium,never
0,8.5,67.47,0,3,0,2.33,one-year,none,bank_transfer,plus,past
0,6.1,108.27,1,1,0,2.49,month-to-month,none,credit_card,basic,never
0,7.6,113.83,1,4,0,2.19,two-year,dsl,electronic_check,plus,never
0,2.5,55.19,2,2,0,2.05,month-to-month,fiber,electronic_check,basic,current
1,29.6,56.18,3,1,0,2.3,month-to-month,fiber,bank_transfer,plus,past
0,9.2,77.99,1,3,0,1.02,two-year,none,electronic_check,plus,past
1,10.5,62.35,2,1,0,1.37,month-to-month,dsl,electronic_check,basic,never
1,10.1,87.38,1,3,1,1.52,month-to-month,none,credit_card,basic,past
0,19.8,77.19,3,4,1,0.71,month-to-month,dsl,electronic_check,basic,never
0,30.6,99.71,3,3,1,2.83,month-to-month,dsl,credit_card,basic,never
0,35.6,80.21,2,2,2,0.98,month-to-month,dsl,electronic_check,plus,current
1,30.4,104.03,1,4,0,3.97,month-to-month,fiber,electronic_check,basic,never
1,2.7,65.34,2,3,1,1.42,month-to-month,fiber,bank_transfer,basic,current
0,47.9,46.17,2,5,0,1.27,one-year,none,credit_card,basic,never
0,53.2,53.96,1,5,0,2.81,month-to-month,fiber,credit_card,plus,never
0,8.5,85.56,3,1,1,2.05,one-year,dsl,credit_card,basic,never
0,11.4,10.0,1,0,1,1.76,month-to-month,fiber,credit_card,plus,past
0,5.4,88.6,2,2,1,1.46,one-year,dsl,credit_card,basic,never
0,40.8,65.26,1,1,0,0.25,month-to-month,none,credit_card,plus,never
0,11.5,39.75,2,2,0,2.25,one-year,fiber,bank_transfer,basic,past
0,4.7,32.89,2,1,1,4.1,month-to-month,fiber,electronic_check,basic,current
0,31.1,99.91,0,2,1,4.27,two-year,none,electronic_check,premium,past
0,13.8,26.22,1,4,2,1.56,two-year,dsl,electronic_check,basic,past
0,10.3,84.24,1,2,4,4.64,two-year,fiber,credit_card,basic,never
0,29.5,28.44,0,3,0,1.0,one-year,none,credit_card,premium,never
0,6.5,68.33,4,0,1,2.3,one-year,fiber,bank_transfer,plus,never
0,26.2,58.56,2,2,0,2.26,month-to-month,fiber,bank_transfer,basic,current
0,24.3,39.82,2,2,2,1.19,month-to-month,dsl,electronic_check,basic,current
0,0.4,72.86,3,2,1,0.27,month-to-month,dsl,bank_transfer,plus,never
1,4.5,57.21,3,2,0,0.0,month-to-month,dsl,electronic_check,basic,past
0,19.4,10.0,1,0,0,0.0,one-year,dsl,bank_transfer,plus,current
0,15.7,116.35,3,3,1,1.77,two-year,fiber,bank_transfer,basic,past
0,45.9,75.03,4,2,0,1.96,two-year,fiber,bank_transfer,basic,never
0,30.7,54.54,3,1,1,3.68,month-to-month,fiber,electronic_check,basic,current
0,19.9,42.86,1,1,1,3.97,month-to-month,none,bank_transfer,plus,past
0,17.8,51.6,2,3,2,2.49,month-to-month,fiber,electronic_check,basic,current
0,11.6,68.41,2,3,0,4.55,month-to-month,dsl,credit_card,basic,past
0,3.1,40.93,3,2,1,3.84,one-year,dsl,credit_card,plus,past
0,1.0,78.02,3,1,0,3.65,two-year,dsl,electronic_check,basic,past
1,0.3,66.3,2,3,1,2.9,month-to-month,fiber,electronic_check,basic,current
0,29.7,53.05,1,2,3,3.68,two-year,fiber,bank_transfer,basic,past
0,25.8,60.0,1,1,0,2.37,month-to-month,dsl,electronic_check,basic,never
0,29.6,71.51,3,2,0,2.03,two-year,fiber,electronic_check,basic,past
0,8.4,80.92,1,1,0,1.81,month-to-month,dsl,electronic_check,basic,never
0,72.0,84.47,2,1,0,2.62,month-to-month,fiber,bank_transfer,plus,current
0,27.7,84.34,2,3,1,3.13,two-year,fiber,electronic_check,basic,never
1,47.1,72.0,2,2,1,2.78,month-to-month,dsl,electronic_check,basic,past
0,7.1,51.18,1,0,0,1.17,one-year,none,credit_card,plus,never
0,41.7,78.99,2,2,0,2.31,month-to-month,dsl,electronic_check,basic,past
0,61.2,94.69,2,2,0,3.48,month-to-month,fiber,credit_card,plus,past
0,8.2,119.18,4,2,0,2.3,two-year,dsl,bank_transfer,basic,never
0,72.0,91.34,2,1,1,2.09,two-year,dsl,electronic_check,plus,never
0,21.9,29.14,2,3,1,0.99,one-year,fiber,bank_transfer,plus,never
0,9.2,31.84,4,0,0,2.99,month-to-month,fiber,electronic_check,premium,past
0,26.4,39.6,3,2,0,2.38,month-to-month,fiber,electronic_check,basic,never
0,2.3,80.57,2,0,0,3.22,month-to-month,dsl,bank_transfer,plus,current
0,15.1,55.09,3,1,0,4.17,two-year,fiber,bank_transfer,premium,never
0,11.6,42.09,2,4,1,1.17,two-year,none,credit_card,plus,never
1,11.1,57.19,1,2,3,0.0,month-to-month,dsl,electronic_check,premium,past
0,12.8,74.88,2,2,1,3.77,one-year,dsl,bank_transfer,plus,current
0,9.4,17.35,3,2,1,2.26,month-to-month,dsl,electronic_check,basic,current
0,4.3,66.45,1,1,0,0.91,month-to-month,dsl,bank_transfer,plus,current
0,10.1,51.9,3,1,1,3.01,month-to-month,dsl,electronic_check,plus,never
0,6.8,41.38,3,3,0,3.33,month-to-month,fiber,bank_transfer,basic,never
0,11.2,78.68,3,1,0,2.58,month-to-month,dsl,credit_card,basic,current
0,11.9,96.76,2,2,0,4.47,month-to-month,dsl,bank_transfer,basic,past
0,6.8,63.73,1,2,1,1.98,month-to-month,none,bank_transfer,plus,never
0,4.0,73.08,3,1,0,1.87,month-to-month,dsl,electronic_check,basic,never
0,30.1,116.27,0,1,0,3.01,month-to-month,none,credit_card,premium,current
0,1.5,56.61,2,2,0,5.07,two-year,fiber,credit_card,basic,past
0,8.3,67.01,3,3,2,3.27,two-year,fiber,electronic_check,plus,never
0,19.3,65.53,2,1,1,1.76,one-year,fiber,credit_card,basic,current
1,12.9,61.51,2,2,1,3.06,month-to-month,fiber,bank_transfer,basic,past
0,31.5,40.99,2,5,0,4.65,month-to-month,fiber,credit_card,basic,past
0,4.1,39.64,3,2,0,1.5,month-to-month,fiber,electronic_check,basic,past
0,10.9,110.95,1,1,1,1.98,month-to-month,none,credit_card,premium,never
0,19.6,87.16,3,2,1,2.27,two-year,fiber,bank_transfer,basic,past
0,36.2,55.93,2,3,0,2.31,one-year,fiber,electronic_check,basic,never
0,22.2,29.56,1,2,1,1.47,one-year,dsl,electronic_check,basic,current
0,72.0,85.12,0,2,1,2.98,month-to-month,none,bank_transfer,basic,past
0,4.5,78.09,3,1,0,2.07,month-to-month,dsl,bank_transfer,basic,never
0,8.8,48.31,3,3,1,3.99,month-to-month,dsl,bank_transfer,basic,never
0,10.8,73.48,2,1,1,1.94,one-year,dsl,electronic_check,plus,never
0,33.9,68.72,1,2,2,0.85,one-year,dsl,electronic_check,plus,never
0,10.7,102.28,1,0,0,3.46,one-year,fiber,credit_card,plus,current
0,72.0,17.68,3,2,0,4.13,month-to-month,fiber,electronic_check,plus,never
0,72.0,120.25,1,2,1,1.62,month-to-month,dsl,electronic_check,premium,past
0,3.2,30.35,1,5,0,0.53,one-year,none,electronic_check,basic,past
0,33.3,33.56,1,2,1,3.18,one-year,none,electronic_check,premium,current
1,6.6,93.17,4,2,2,2.52,two-year,fiber,bank_transfer,plus,past
0,12.8,88.71,1,1,1,3.56,month-to-month,fiber,electronic_check,plus,never
1,30.3,73.6,4,2,2,2.54,month-to-month,fiber,electronic_check,basic,past
1,0.9,142.62,2,4,0,1.75,one-year,fiber,electronic_check,basic,never
0,11.0,125.58,2,2,0,0.6,month-to-month,fiber,electronic_check,basic,past
0,16.2,81.25,0,2,0,2.26,month-to-month,none,electronic_check,basic,past
0,54.9,47.86,0,1,0,2.27,month-to-month,none,credit_card,basic,never
1,2.8,114.49,2,1,1,1.59,one-year,fiber,electronic_check,basic,never
1,14.9,56.65,3,0,0,2.62,month-to-month,fiber,bank_transfer,premium,never
1,1.8,33.62,2,0,1,2.89,month-to-month,fiber,electronic_check,plus,never
0,21.6,67.61,2,2,1,1.19,month-to-month,dsl,electronic_check,plus,past
0,16.5,73.2,2,3,0,3.87,one-year,fiber,credit_card,basic,never
0,1.6,30.4,2,2,0,1.25,two-year,dsl,credit_card,plus,never
0,4.8,94.54,3,3,0,2.37,month-to-month,fiber,credit_card,plus,current
0,26.7,75.8,2,1,0,0.1,month-to-month,dsl,bank_transfer,basic,never
1,16.2,109.08,2,3,0,3.97,one-year,fiber,bank_transfer,basic,past
0,19.8,18.26,1,2,0,1.17,one-year,fiber,electronic_check,plus,never
0,0.1,83.99,2,1,0,2.7,month-to-month,fiber,bank_transfer,basic,current
0,49.3,76.35,1,3,0,1.05,month-to-month,dsl,credit_card,plus,never
0,0.3,95.24,2,1,1,2.15,month-to-month,none,electronic_check,basic,never
0,50.0,78.08,2,1,2,3.56,month-to-month,fiber,bank_transfer,plus,never
1,9.6,88.64,1,2,1,1.61,month-to-month,dsl,electronic_check,basic,current
0,6.5,57.23,2,0,0,1.51,month-to-month,dsl,electronic_check,plus,past
0,13.8,54.84,2,2,1,2.38,month-to-month,dsl,electronic_check,plus,never
1,5.5,84.7,2,3,2,3.24,two-year,dsl,credit_card,basic,past
0,9.8,90.26,2,3,1,3.84,month-to-month,fiber,electronic_check,basic,current
0,25.5,75.81,2,2,2,3.01,month-to-month,fiber,electronic_check,premium,past
0,34.2,88.31,3,1,0,2.3,one-year,fiber,electronic_check,basic,never
0,24.1,78.55,2,5,1,3.95,month-to-month,fiber,electronic_check,basic,never
0,48.9,64.81,3,4,0,3.72,month-to-month,dsl,bank_transfer,basic,current
0,5.5,70.87,1,4,1,2.1,month-to-month,fiber,electronic_check,basic,never
0,41.2,95.71,2,0,1,2.2,one-year,fiber,credit_card,plus,current
0,7.8,62.6,2,2,1,0.78,two-year,dsl,electronic_check,basic,never
0,9.0,60.65,2,1,0,0.4,month-to-month,none,credit_card,basic,past
1,7.5,104.26,3,4,0,2.99,month-to-month,fiber,bank_transfer,basic,past
0,21.0,42.4,3,6,1,1.61,month-to-month,fiber,credit_card,basic,never
0,4.0,48.39,2,3,1,2.97,month-to-month,fiber,electronic_check,basic,past
0,72.0,129.79,1,0,1,2.31,month-to-month,fiber,electronic_check,premium,never
1,10.6,91.18,3,2,0,2.52,month-to-month,fiber,electronic_check,basic,never
0,5.3,32.97,2,1,1,3.07,month-to-month,fiber,electronic_check,basic,past
0,13.7,42.63,2,3,1,1.24,two-year,none,electronic_check,basic,past
0,16.0,79.7,1,2,1,3.61,two-year,fiber,electronic_check,basic,past
0,56.1,110.17,2,1,0,2.01,month-to-month,fiber,bank_transfer,basic,past
0,2.5,136.21,3,1,0,2.9,month-to-month,dsl,electronic_check,premium,never
0,18.2,45.38,2,2,0,2.98,two-year,fiber,bank_transfer,basic,never
0,0.1,70.89,2,4,0,3.58,one-year,fiber,electronic_check,basic,current
0,0.2,57.43,1,3,1,4.14,two-year,fiber,credit_card,basic,current
0,26.9,76.09,1,1,1,0.6,month-to-month,fiber,electronic_check,plus,never
1,4.4,106.39,2,2,1,2.64,month-to-month,fiber,credit_card,plus,past
0,23.7,57.43,1,1,0,4.78,month-to-month,none,electronic_check,plus,current
0,4.0,52.23,1,3,0,2.09,month-to-month,fiber,credit_card,plus,never
0,19.9,70.99,3,3,3,3.35,one-year,fiber,electronic_check,basic,current
0,0.7,57.43,2,2,0,1.88,month-to-month,dsl,credit_card,plus,never
0,57.4,69.4,1,2,0,2.97,month-to-month,dsl,credit_card,basic,never
0,24.6,62.34,2,2,0,3.38,one-year,fiber,bank_transfer,basic,never
1,12.3,136.96,4,2,0,2.33,one-year,fiber,electronic_check,basic,never
0,3.1,61.87,3,4,0,3.74,month-to-month,dsl,electronic_check,basic,past
1,6.3,36.13,1,6,0,1.83,month-to-month,dsl,bank_transfer,basic,current
1,12.9,55.88,3,6,1,0.63,month-to-month,dsl,credit_card,basic,never
0,61.7,46.12,3,1,0,1.77,one-year,fiber,electronic_check,plus,current
0,0.9,39.83,2,1,0,6.13,month-to-month,fiber,credit_card,basic,current
0,29.4,81.83,1,5,0,1.73,two-year,none,bank_transfer,basic,past
0,12.4,42.14,1,5,1,2.05,one-year,fiber,electronic_check,basic,never
1,5.0,44.4,2,0,0,1.26,month-to-month,fiber,credit_card,premium,past
1,26.5,66.75,1,4,0,1.86,one-year,dsl,electronic_check,basic,never
0,3.4,87.21,1,1,0,1.83,month-to-month,fiber,bank_transfer,basic,never
1,28.3,57.01,1,2,1,1.73,month-to-month,none,electronic_check,basic,never
0,3.9,98.01,1,2,2,3.08,one-year,fiber,electronic_check,basic,current
1,16.4,87.17,3,2,2,4.49,two-year,dsl,bank_transfer,basic,current
1,36.8,88.31,1,1,1,1.67,month-to-month,fiber,electronic_check,plus,never
0,19.8,90.93,1,2,0,4.22,month-to-month,fiber,bank_transfer,basic,never
1,15.7,77.14,3,1,1,3.77,month-to-month,fiber,electronic_check,basic,past
0,41.4,84.68,3,5,0,1.66,month-to-month,none,electronic_check,basic,past
0,1.3,65.19,2,1,0,3.41,month-to-month,fiber,electronic_check,plus,past
0,11.0,18.54,2,0,2,2.3,two-year,fiber,bank_transfer,plus,past
0,5.1,78.53,2,3,1,0.97,month-to-month,dsl,bank_transfer,basic,never
1,72.0,74.43,1,2,1,2.9,month-to-month,fiber,electronic_check,basic,past
0,2.4,45.32,2,0,0,1.27,one-year,dsl,electronic_check,premium,past
0,72.0,83.2,2,1,2,2.98,two-year,fiber,bank_transfer,basic,current
0,6.2,77.94,2,3,0,3.2,two-year,fiber,credit_card,basic,past
0,4.9,78.22,1,2,1,3.63,one-year,fiber,bank_transfer,basic,current
1,1.0,78.75,1,1,1,2.4,month-to-month,fiber,credit_card,premium,past
0,11.3,94.57,3,3,3,1.89,month-to-month,dsl,credit_card,plus,never
0,17.2,69.8,1,3,1,3.26,two-year,fiber,electronic_check,basic,past
0,33.3,48.4,1,3,1,2.4,month-to-month,dsl,bank_transfer,basic,past
0,1.0,66.91,1,1,2,2.61,month-to-month,fiber,electronic_check,basic,current
0,11.3,107.7,3,3,0,2.18,two-year,fiber,credit_card,plus,never
0,3.9,102.16,3,2,1,1.0,two-year,dsl,electronic_check,plus,past
0,7.6,75.13,2,3,1,0.59,one-year,none,bank_transfer,basic,past
0,30.6,27.69,2,3,1,3.79,month-to-month,fiber,credit_card,basic,past
0,29.1,67.69,2,2,2,0.6,one-year,fiber,credit_card,basic,past
0,21.8,49.24,2,5,2,2.4,month-to-month,fiber,electronic_check,premium,never
0,21.1,82.73,2,1,0,0.6,month-to-month,fiber,electronic_check,basic,never
0,1.1,52.71,2,1,0,3.82,month-to-month,dsl,electronic_check,premium,current
0,5.0,84.9,1,3,1,3.24,month-to-month,fiber,electronic_check,plus,never
0,21.2,58.34,1,3,0,2.49,two-year,fiber,electronic_check,basic,past
0,25.2,24.8,1,0,0,0.0,one-year,dsl,electronic_check,premium,never
0,16.1,89.21,2,1,1,3.23,one-year,fiber,credit_card,basic,never
1,3.0,83.14,1,1,0,4.14,month-to-month,fiber,electronic_check,plus,past
0,15.5,82.81,3,0,0,3.41,month-to-month,fiber,electronic_check,premium,never
0,35.6,108.35,1,1,2,3.44,month-to-month,fiber,bank_transfer,basic,current
0,14.2,70.24,2,5,1,2.15,month-to-month,dsl,bank_transfer,basic,never
0,15.5,84.55,3,2,0,2.93,two-year,fiber,bank_transfer,basic,past
0,63.4,58.42,3,6,1,4.6,month-to-month,fiber,electronic_check,basic,never
1,1.0,76.34,1,5,1,2.44,month-to-month,fiber,bank_transfer,basic,never
1,5.8,77.92,2,3,1,0.89,month-to-month,dsl,credit_card,basic,past
0,14.9,86.38,2,4,0,0.6,month-to-month,fiber,electronic_check,basic,current
1,7.4,77.93,0,2,0,1.99,month-to-month,none,electronic_check,basic,past
0,3.1,49.86,4,2,1,4.06,month-to-month,fiber,electronic_check,basic,never
0,19.8,48.78,4,3,1,3.34,month-to-month,dsl,bank_transfer,basic,past
0,10.8,85.91,3,6,0,2.6,two-year,fiber,electronic_check,basic,never
0,1.0,74.0,1,1,1,4.45,month-to-month,dsl,electronic_check,basic,never
1,0.3,70.46,4,1,1,1.38,month-to-month,dsl,electronic_check,basic,past
0,4.8,135.19,1,3,0,0.19,one-year,dsl,electronic_check,premium,past
0,39.2,98.89,3,1,2,2.98,month-to-month,fiber,bank_transfer,basic,past
0,1.0,80.7,1,1,0,0.96,one-year,none,electronic_check,plus,past
0,1.9,55.5,2,3,0,2.9,one-year,none,bank_transfer,plus,current
0,1.6,50.03,2,3,1,3.55,one-year,fiber,credit_card,basic,current
0,16.1,72.27,2,2,0,2.16,month-to-month,fiber,credit_card,basic,never
0,14.0,26.15,1,1,0,0.72,month-to-month,fiber,credit_card,plus,past
0,4.6,71.74,1,2,0,3.61,month-to-month,fiber,bank_transfer,plus,past
0,5.4,53.44,2,1,0,3.16,month-to-month,fiber,electronic_check,plus,never
0,31.7,49.48,2,1,1,2.81,month-to-month,dsl,electronic_check,plus,never
0,9.7,64.03,2,0,0,0.74,month-to-month,dsl,bank_transfer,premium,current
1,36.3,74.45,2,2,0,2.17,two-year,dsl,electronic_check,basic,past
0,62.4,49.47,2,3,0,2.06,month-to-month,dsl,credit_card,basic,current
0,8.5,59.16,2,4,0,0.71,month-to-month,fiber,bank_transfer,plus,never
0,4.5,85.21,2,1,1,2.57,month-to-month,none,bank_transfer,basic,current
0,41.6,19.74,2,3,0,1.87,one-year,none,credit_card,basic,past
1,7.8,58.98,3,2,0,1.97,month-to-month,dsl,electronic_check,basic,past
0,20.4,28.56,1,4,0,1.24,month-to-month,none,bank_transfer,basic,past
0,8.0,38.39,1,1,0,3.23,one-year,fiber,credit_card,basic,never
1,1.7,43.4,3,3,0,2.93,month-to-month,dsl,credit_card,plus,never
0,13.1,109.13,2,2,0,1.84,one-year,dsl,bank_transfer,basic,past
0,7.3,82.41,3,1,1,1.5,month-to-month,fiber,credit_card,basic,current
0,15.0,51.4,3,2,0,3.42,month-to-month,dsl,electronic_check,basic,past
0,19.2,78.55,2,1,1,2.62,month-to-month,dsl,credit_card,plus,never
0,33.5,90.57,2,2,1,1.54,two-year,dsl,electronic_check,basic,past
0,3.2,60.15,1,3,0,3.49,one-year,dsl,bank_transfer,basic,past
0,29.2,101.62,1,0,0,2.48,month-to-month,dsl,electronic_check,premium,current
0,22.1,63.45,1,2,1,2.8,month-to-month,fiber,electronic_check,plus,never
1,10.9,94.47,0,2,1,2.59,month-to-month,none,credit_card,basic,never
1,0.3,109.81,1,4,0,3.13,month-to-month,none,electronic_check,basic,past
0,43.6,46.71,1,2,1,1.4,month-to-month,dsl,electronic_check,premium,never
0,10.2,68.08,3,1,1,3.85,one-year,fiber,credit_card,premium,never
0,3.8,53.88,1,3,0,3.09,one-year,fiber,electronic_check,basic,past
0,30.2,97.08,2,2,0,2.99,two-year,dsl,electronic_check,premium,never
0,7.8,35.96,2,2,1,1.67,month-to-month,dsl,credit_card,basic,current
0,72.0,47.88,1,3,0,4.92,one-year,fiber,electronic_check,basic,never
1,25.7,40.47,2,2,1,3.86,month-to-month,fiber,electronic_check,basic,never
0,11.7,58.57,3,3,0,2.72,month-to-month,dsl,credit_card,basic,past
0,10.2,53.41,2,1,0,3.26,month-to-month,fiber,electronic_check,basic,past
0,36.9,96.15,1,2,1,1.05,two-year,none,credit_card,basic,past
0,12.6,76.63,0,2,2,2.96,two-year,none,electronic_check,basic,past
0,16.4,100.59,2,2,0,1.99,two-year,dsl,electronic_check,plus,never
0,5.8,69.51,4,3,0,0.94,month-to-month,dsl,electronic_check,basic,never
1,20.9,88.88,2,3,2,3.69,month-to-month,dsl,credit_card,basic,never
0,54.9,74.57,3,4,0,2.18,month-to-month,fiber,electronic_check,basic,current
0,5.1,32.57,1,2,0,2.39,two-year,fiber,electronic_check,basic,past
0,22.1,44.23,3,0,0,3.79,month-to-month,fiber,electronic_check,plus,never
0,18.7,60.82,1,2,0,2.12,month-to-month,dsl,electronic_check,basic,never
0,17.2,52.25,2,1,0,1.36,one-year,dsl,electronic_check,basic,past
1,31.5,103.14,2,2,0,2.33,month-to-month,fiber,bank_transfer,plus,never
0,27.1,61.19,3,2,0,2.85,one-year,fiber,electronic_check,basic,past
0,9.2,54.34,2,3,1,3.43,month-to-month,fiber,electronic_check,basic,never
1,35.1,68.07,4,1,0,4.17,one-year,fiber,electronic_check,basic,never
0,6.6,113.04,1,2,1,4.59,one-year,dsl,electronic_check,premium,past
0,6.2,43.37,1,2,1,2.53,month-to-month,none,credit_card,basic,never
0,24.1,66.36,1,3,1,1.56,month-to-month,none,electronic_check,plus,current
0,11.4,101.19,2,1,0,0.65,month-to-month,fiber,bank_transfer,plus,past
0,64.4,82.26,2,1,0,2.55,month-to-month,fiber,credit_card,basic,never
0,2.7,89.51,2,2,0,3.46,two-year,dsl,electronic_check,basic,current
0,2.0,84.61,1,2,0,2.77,month-to-month,dsl,electronic_check,basic,current
0,29.0,31.55,2,1,0,2.35,month-to-month,fiber,bank_transfer,basic,past
0,19.3,80.15,2,2,1,1.35,month-to-month,dsl,electronic_check,plus,past
1,13.7,99.59,2,1,0,4.38,month-to-month,fiber,electronic_check,basic,past
0,4.5,42.15,2,2,0,2.41,one-year,dsl,electronic_check,basic,never
0,20.4,97.63,3,3,1,0.94,month-to-month,dsl,electronic_check,basic,past
0,55.1,79.51,3,2,0,4.74,two-year,fiber,bank_transfer,basic,current
0,8.9,93.11,2,1,0,4.26,month-to-month,fiber,electronic_check,premium,never
0,13.6,89.24,2,2,0,4.21,two-year,fiber,electronic_check,basic,past
0,5.8,31.0,1,2,0,1.76,month-to-month,fiber,bank_transfer,basic,never
0,31.9,65.75,1,0,0,2.86,month-to-month,none,electronic_check,premium,past
0,6.2,59.87,1,1,1,0.6,month-to-month,fiber,electronic_check,premium,never
0,7.1,87.6,1,3,1,0.6,one-year,fiber,bank_transfer,basic,never
0,26.7,57.33,1,5,1,3.11,month-to-month,none,credit_card,plus,never
0,3.9,120.99,2,6,1,2.03,month-to-month,fiber,electronic_check,basic,never
0,18.7,96.19,1,3,0,1.98,month-to-month,dsl,electronic_check,basic,current
0,13.3,39.85,1,1,0,2.11,one-year,dsl,electronic_check,premium,past
0,38.8,24.2,3,1,2,3.5,month-to-month,dsl,electronic_check,basic,never
0,0.4,53.21,2,0,1,1.81,month-to-month,fiber,credit_card,premium,never
0,6.5,75.07,3,1,1,4.29,two-year,dsl,bank_transfer,plus,past
0,12.3,80.59,2,0,1,2.23,one-year,fiber,electronic_check,plus,current
0,2.2,60.94,2,2,1,2.78,month-to-month,dsl,bank_transfer,basic,current
0,69.1,54.0,3,4,1,2.91,month-to-month,dsl,electronic_check,basic,never
0,8.1,66.69,2,2,0,0.68,one-year,fiber,credit_card,basic,never
0,1.4,107.39,1,0,0,3.11,two-year,fiber,electronic_check,plus,past
0,2.0,59.44,2,1,0,3.2,one-year,dsl,bank_transfer,basic,past
0,44.4,22.68,1,2,0,2.86,two-year,fiber,bank_transfer,basic,never
0,10.5,83.08,2,1,2,3.42,month-to-month,dsl,credit_card,basic,never
0,9.6,98.36,2,1,0,1.06,month-to-month,fiber,credit_card,plus,never
0,15.1,85.28,2,2,0,0.06,month-to-month,none,electronic_check,basic,never
1,4.4,87.38,2,1,0,2.78,month-to-month,dsl,electronic_check,premium,past
0,10.7,73.21,3,0,1,3.3,one-year,fiber,electronic_check,premium,past
0,18.1,66.5,1,3,0,3.92,two-year,dsl,credit_card,basic,never
0,1.5,79.56,3,2,1,3.38,month-to-month,fiber,credit_card,basic,past
0,5.8,62.42,2,2,0,0.67,month-to-month,dsl,credit_card,basic,past
0,46.1,62.63,2,2,0,0.52,month-to-month,dsl,bank_transfer,basic,never
0,8.7,75.29,1,1,0,3.8,month-to-month,dsl,electronic_check,basic,current
1,2.2,99.49,2,1,0,2.96,month-to-month,fiber,electronic_check,premium,past
0,1.6,65.76,1,5,0,0.98,one-year,dsl,electronic_check,basic,past
0,3.3,60.69,1,3,1,3.14,two-year,fiber,electronic_check,basic,never
1,6.8,100.73,3,2,0,1.9,month-to-month,dsl,electronic_check,basic,current
1,6.1,102.92,3,5,1,2.61,month-to-month,fiber,bank_transfer,basic,past
0,0.6,61.9,1,2,1,3.18,one-year,fiber,bank_transfer,basic,never
0,8.1,58.33,1,2,0,3.33,month-to-month,none,credit_card,plus,never
1,9.2,74.45,4,3,1,0.59,one-year,dsl,bank_transfer,basic,never
0,27.5,90.56,1,1,0,3.29,one-year,fiber,bank_transfer,basic,never
1,6.3,93.97,2,3,1,2.61,month-to-month,dsl,bank_transfer,premium,past
0,12.8,66.85,2,5,0,2.14,month-to-month,dsl,bank_transfer,basic,current
0,7.6,68.06,2,5,1,4.07,month-to-month,fiber,electronic_check,premium,past
0,3.4,51.68,1,2,0,2.57,month-to-month,fiber,bank_transfer,basic,past
1,24.8,112.66,2,1,0,1.96,month-to-month,fiber,electronic_check,plus,past
0,16.4,58.1,2,3,0,1.25,month-to-month,dsl,bank_transfer,plus,past
0,6.4,47.0,2,4,1,2.61,one-year,dsl,credit_card,basic,never
1,1.9,109.09,1,5,0,2.07,month-to-month,none,bank_transfer,basic,never
0,4.6,21.09,1,1,1,2.2,month-to-month,fiber,credit_card,basic,never
0,20.4,68.98,2,4,1,2.4,month-to-month,fiber,electronic_check,basic,never
0,14.3,64.98,2,3,2,2.92,two-year,dsl,bank_transfer,basic,current
0,14.1,86.78,1,1,1,4.66,month-to-month,none,electronic_check,basic,past
0,26.7,58.32,1,1,0,2.67,month-to-month,dsl,electronic_check,premium,current
0,9.0,87.76,2,2,1,2.45,month-to-month,dsl,electronic_check,premium,current
0,10.7,71.98,2,1,0,1.54,month-to-month,dsl,electronic_check,premium,past
0,39.7,80.1,2,2,1,2.41,one-year,dsl,electronic_check,premium,past
0,25.3,59.28,3,1,0,2.84,month-to-month,dsl,electronic_check,plus,never
0,14.8,60.17,2,1,2,0.0,one-year,dsl,electronic_check,basic,never
0,33.5,68.89,2,0,1,2.0,month-to-month,dsl,credit_card,plus,never
0,72.0,83.38,2,3,0,2.48,two-year,none,bank_transfer,plus,never
0,1.1,69.28,3,1,1,1.28,one-year,none,electronic_check,plus,past
0,7.3,103.28,4,3,1,2.06,month-to-month,dsl,credit_card,plus,current
0,6.6,23.94,2,1,0,3.68,month-to-month,dsl,credit_card,basic,past
0,20.3,70.29,1,1,2,3.69,month-to-month,fiber,electronic_check,plus,past
0,17.3,65.72,3,1,0,1.52,one-year,dsl,electronic_check,plus,never
0,6.7,73.31,2,3,2,0.47,two-year,dsl,electronic_check,basic,never
0,8.1,52.04,1,4,0,3.05,month-to-month,dsl,credit_card,plus,never
0,46.6,63.69,1,1,1,3.64,month-to-month,fiber,electronic_check,basic,past
0,16.7,56.1,3,2,0,3.89,one-year,fiber,electronic_check,premium,never
0,14.9,61.43,2,2,0,2.94,month-to-month,dsl,electronic_check,basic,never
0,72.0,27.11,2,1,0,0.6,month-to-month,fiber,electronic_check,plus,current
0,12.2,62.31,3,3,0,1.67,one-year,fiber,bank_transfer,basic,never
0,3.1,80.44,1,3,0,3.33,month-to-month,fiber,bank_transfer,plus,past
0,34.4,89.94,1,3,0,0.63,two-year,fiber,credit_card,basic,current
0,17.4,60.49,3,3,1,3.52,month-to-month,fiber,bank_transfer,basic,past
0,8.2,64.99,3,1,0,2.37,month-to-month,dsl,credit_card,premium,current
1,3.1,28.02,2,1,1,2.62,one-year,fiber,bank_transfer,basic,never
0,34.6,89.63,1,2,0,0.36,two-year,dsl,bank_transfer,basic,past
0,18.8,62.75,2,2,1,0.54,month-to-month,dsl,electronic_check,plus,never
0,19.5,35.38,2,2,1,0.86,month-to-month,fiber,credit_card,basic,past
0,0.7,58.04,2,2,1,1.14,month-to-month,dsl,bank_transfer,basic,current
0,11.8,59.4,3,4,0,1.46,one-year,dsl,credit_card,basic,never
0,14.4,58.74,2,1,1,3.84,one-year,fiber,electronic_check,plus,current
0,24.7,79.88,3,0,1,2.26,one-year,fiber,bank_transfer,plus,past
0,68.0,47.89,1,2,0,1.53,two-year,dsl,electronic_check,basic,past
0,0.1,86.07,1,2,0,1.05,one-year,dsl,credit_card,basic,current
1,3.8,95.24,1,1,2,1.79,month-to-month,none,electronic_check,plus,past
0,11.3,63.39,1,1,1,2.34,two-year,fiber,credit_card,basic,past
0,3.6,68.0,1,2,1,1.42,one-year,fiber,bank_transfer,basic,never
0,13.2,29.01,3,3,1,0.16,one-year,dsl,electronic_check,basic,past
0,63.7,61.97,2,3,0,1.22,one-year,fiber,electronic_check,plus,past
0,1.7,90.53,2,1,1,4.9,one-year,dsl,electronic_check,premium,past
0,6.3,62.35,2,4,1,1.25,month-to-month,fiber,electronic_check,basic,past
0,11.6,68.12,2,2,0,0.18,one-year,none,electronic_check,basic,past
0,37.2,110.89,3,3,0,0.0,month-to-month,dsl,bank_transfer,basic,past
0,16.6,37.87,1,2,0,3.14,month-to-month,fiber,electronic_check,basic,past
0,27.6,26.93,2,4,2,1.65,one-year,dsl,electronic_check,basic,never
0,7.6,106.86,1,4,2,3.37,month-to-month,none,electronic_check,basic,current
0,33.9,60.36,3,3,0,0.6,month-to-month,fiber,electronic_check,basic,never
0,3.1,41.1,1,1,1,3.94,month-to-month,none,electronic_check,plus,never
0,1.1,77.98,1,1,0,0.11,month-to-month,dsl,bank_transfer,plus,past
0,16.7,72.85,0,3,1,1.23,month-to-month,none,electronic_check,basic,past
0,7.4,76.44,1,1,0,4.96,month-to-month,fiber,electronic_check,plus,past
0,12.7,60.25,1,0,1,2.22,two-year,none,credit_card,premium,past
0,6.4,28.32,2,2,2,2.38,month-to-month,fiber,bank_transfer,plus,past
1,4.7,84.8,4,3,1,2.23,month-to-month,dsl,electronic_check,basic,current
0,1.7,65.77,2,4,0,2.27,two-year,dsl,electronic_check,premium,never
0,50.4,78.46,1,3,0,1.27,month-to-month,dsl,electronic_check,plus,never
0,1.4,82.49,1,1,1,3.21,month-to-month,fiber,credit_card,plus,past
0,19.1,53.73,1,2,0,1.23,month-to-month,dsl,credit_card,plus,current
0,16.4,50.4,2,1,2,4.23,month-to-month,dsl,credit_card,basic,past
1,4.3,100.39,2,2,1,3.43,two-year,fiber,electronic_check,plus,never
0,16.0,69.15,2,2,0,0.0,month-to-month,dsl,credit_card,basic,past
1,72.0,95.42,2,5,1,2.25,month-to-month,fiber,bank_transfer,basic,past
1,24.7,53.19,2,2,0,2.42,one-year,dsl,electronic_check,basic,never
0,48.1,110.96,1,4,0,1.78,month-to-month,none,bank_transfer,basic,never
0,15.1,99.39,2,2,3,0.0,month-to-month,dsl,electronic_check,plus,past
0,0.7,68.96,2,1,2,2.25,one-year,fiber,electronic_check,basic,never
0,5.2,69.35,1,2,1,3.9,month-to-month,fiber,electronic_check,basic,never
0,1.6,84.13,1,2,2,3.26,month-to-month,none,credit_card,basic,past
0,0.6,34.44,2,2,0,1.99,month-to-month,dsl,credit_card,basic,past
0,55.7,99.19,3,5,0,3.79,month-to-month,dsl,electronic_check,basic,never
0,35.8,59.5,2,0,0,0.72,one-year,dsl,bank_transfer,plus,never
0,9.4,29.1,3,2,1,5.0,one-year,fiber,electronic_check,basic,past
1,5.7,62.71,2,3,0,5.04,month-to-month,fiber,bank_transfer,basic,past
0,17.5,64.18,2,1,2,2.99,month-to-month,dsl,bank_transfer,basic,current
0,5.6,51.85,2,2,0,1.4,one-year,dsl,bank_transfer,plus,never
0,21.5,76.05,1,2,2,0.74,two-year,none,electronic_check,basic,never
0,11.2,50.66,2,1,0,1.77,month-to-month,fiber,electronic_check,premium,never
0,8.1,35.03,1,1,0,1.5,month-to-month,dsl,credit_card,basic,past
0,8.9,36.24,1,3,1,3.07,month-to-month,fiber,electronic_check,basic,current
0,1.4,100.87,3,0,1,3.89,one-year,fiber,electronic_check,premium,past
0,8.8,94.67,3,3,1,0.0,month-to-month,dsl,electronic_check,basic,never
0,10.0,83.46,3,0,0,0.6,month-to-month,fiber,bank_transfer,plus,current
0,0.3,42.06,2,4,2,2.93,month-to-month,dsl,credit_card,basic,never
0,11.3,72.79,2,1,0,2.53,month-to-month,fiber,bank_transfer,plus,never
0,3.9,37.15,2,2,0,3.85,one-year,fiber,electronic_check,basic,current
1,14.3,51.72,1,3,0,2.12,month-to-month,dsl,credit_card,basic,never
0,5.2,64.9,2,2,1,4.26,month-to-month,fiber,credit_card,plus,past
0,3.4,89.58,2,2,0,1.17,two-year,fiber,electronic_check,plus,past
0,8.9,68.48,2,1,0,2.22,month-to-month,fiber,bank_transfer,basic,past
0,10.8,94.88,2,2,2,1.14,month-to-month,dsl,bank_transfer,premium,current
0,17.5,83.54,1,2,0,1.81,one-year,none,electronic_check,basic,past
0,3.9,21.21,2,2,1,3.61,month-to-month,none,bank_transfer,plus,current
1,23.0,24.66,2,2,0,3.75,month-to-month,dsl,credit_card,basic,never
0,7.7,102.27,2,1,0,1.51,one-year,dsl,credit_card,premium,never
0,26.6,91.05,3,0,1,0.64,month-to-month,fiber,electronic_check,premium,current
0,6.3,85.29,3,1,1,1.69,month-to-month,dsl,bank_transfer,basic,current
0,34.3,83.37,2,2,1,3.45,two-year,fiber,electronic_check,basic,never
0,37.0,75.13,2,3,1,1.4,month-to-month,fiber,bank_transfer,basic,never
0,12.7,45.58,2,2,1,1.26,month-to-month,fiber,electronic_check,basic,never
0,1.3,65.98,2,1,0,0.6,month-to-month,fiber,bank_transfer,basic,past
0,3.3,69.19,2,4,0,3.84,two-year,fiber,electronic_check,basic,never
0,21.2,66.03,1,0,0,2.68,month-to-month,fiber,electronic_check,plus,never
1,7.7,80.1,2,2,0,2.1,month-to-month,fiber,credit_card,premium,never
0,8.3,93.96,3,2,2,2.27,one-year,fiber,bank_transfer,basic,past
0,1.0,51.59,1,1,1,3.69,month-to-month,dsl,electronic_check,basic,current
0,7.5,104.31,2,1,1,2.58,month-to-month,dsl,bank_transfer,plus,past
1,2.5,68.41,3,1,0,0.6,one-year,fiber,credit_card,premium,past
0,17.6,19.44,3,2,0,2.55,month-to-month,fiber,credit_card,basic,never
0,2.5,50.34,1,2,1,4.99,month-to-month,none,credit_card,plus,never
0,15.8,31.7,3,2,0,2.25,month-to-month,fiber,electronic_check,plus,current
0,3.8,100.36,1,1,0,2.2,one-year,fiber,electronic_check,plus,never
0,14.6,61.85,2,5,1,2.11,month-to-month,fiber,electronic_check,plus,never
0,18.2,22.24,1,2,1,3.23,month-to-month,fiber,credit_card,basic,current
0,5.3,104.96,3,0,0,1.9,month-to-month,fiber,electronic_check,plus,past
0,2.3,88.92,2,3,0,0.85,month-to-month,dsl,electronic_check,basic,past
0,46.7,36.6,0,1,1,3.17,one-year,none,bank_transfer,premium,never
0,25.8,56.87,2,1,1,3.49,two-year,dsl,electronic_check,plus,current
0,3.5,82.57,2,1,1,1.96,month-to-month,fiber,credit_card,plus,current
0,41.8,65.44,2,3,1,2.12,month-to-month,none,electronic_check,basic,current
1,36.9,90.45,2,2,1,2.62,month-to-month,fiber,electronic_check,plus,past
0,26.1,111.59,2,3,0,4.02,month-to-month,fiber,electronic_check,plus,current
0,4.8,83.67,2,3,0,1.44,month-to-month,dsl,electronic_check,premium,past
0,10.4,66.94,1,0,0,1.59,month-to-month,dsl,electronic_check,plus,current
0,3.2,74.6,3,3,2,4.18,two-year,fiber,electronic_check,basic,past
1,5.6,68.31,4,0,0,2.99,month-to-month,fiber,electronic_check,plus,past
0,22.3,56.15,2,1,0,1.44,month-to-month,fiber,electronic_check,plus,never
0,10.8,70.43,1,1,0,2.95,two-year,dsl,electronic_check,basic,past
0,9.2,68.89,2,1,0,5.08,month-to-month,fiber,bank_transfer,basic,current
0,10.6,52.95,0,2,1,4.91,month-to-month,none,bank_transfer,basic,past
0,28.6,100.16,2,2,0,1.71,one-year,dsl,electronic_check,basic,never
0,9.2,79.3,2,1,0,1.47,month-to-month,fiber,credit_card,plus,never
0,2.6,59.77,1,2,0,3.17,one-year,fiber,credit_card,plus,never
0,8.3,100.72,3,4,0,2.74,month-to-month,dsl,credit_card,basic,never
0,2.1,83.31,3,3,1,0.68,month-to-month,fiber,electronic_check,plus,current
0,27.5,99.57,3,3,0,1.8,month-to-month,dsl,credit_card,basic,current
0,70.0,19.84,2,1,0,2.17,one-year,fiber,credit_card,plus,never
0,17.1,46.15,3,1,0,1.85,month-to-month,fiber,electronic_check,plus,current
1,6.8,48.14,2,0,0,2.38,month-to-month,fiber,credit_card,plus,never
0,21.1,72.51,2,2,1,1.59,month-to-month,dsl,credit_card,plus,never
0,7.6,95.14,3,1,1,0.61,month-to-month,dsl,credit_card,plus,current
0,21.9,81.29,3,0,1,3.13,two-year,fiber,electronic_check,premium,current
0,51.1,51.76,2,3,1,2.74,one-year,fiber,electronic_check,premium,current
0,32.6,99.46,3,2,0,2.26,two-year,fiber,electronic_check,basic,current
0,2.5,60.65,1,0,0,3.55,month-to-month,fiber,electronic_check,premium,past
0,34.8,40.18,1,2,1,4.3,one-year,none,bank_transfer,plus,never
0,14.5,61.12,1,2,0,1.01,two-year,none,bank_transfer,basic,never
0,55.9,44.34,2,2,0,1.22,one-year,dsl,electronic_check,premium,past
0,15.2,11.23,1,3,0,4.53,month-to-month,fiber,bank_transfer,basic,past
0,7.2,84.16,2,5,1,0.77,one-year,dsl,electronic_check,basic,never
1,72.0,112.44,1,3,0,4.25,month-to-month,fiber,electronic_check,basic,never
0,35.6,71.62,2,4,0,3.39,month-to-month,none,electronic_check,basic,never
0,29.5,43.74,2,1,0,4.88,one-year,fiber,credit_card,plus,current
0,27.8,94.16,2,3,1,0.65,month-to-month,none,credit_card,basic,current
0,9.5,25.43,2,2,0,1.28,month-to-month,dsl,electronic_check,premium,past
0,1.8,25.11,1,2,1,1.78,month-to-month,dsl,electronic_check,basic,past
0,28.7,45.41,2,4,2,2.75,month-to-month,dsl,credit_card,basic,never
0,11.7,41.65,3,2,1,4.32,two-year,dsl,credit_card,basic,never
0,32.6,28.76,4,2,0,1.19,month-to-month,fiber,electronic_check,premium,never
0,17.3,45.31,3,3,2,2.01,two-year,dsl,credit_card,basic,never
1,16.6,63.78,1,1,0,2.2,month-to-month,none,electronic_check,basic,never
0,14.1,87.85,1,0,1,1.08,month-to-month,dsl,bank_transfer,plus,current
0,4.8,48.82,1,2,0,2.25,month-to-month,fiber,credit_card,basic,past
0,2.8,64.88,2,2,0,2.13,one-year,fiber,electronic_check,basic,never
0,25.6,85.76,2,3,1,2.46,one-year,fiber,electronic_check,plus,never
1,8.9,62.49,2,2,0,2.5,month-to-month,fiber,electronic_check,plus,past
0,13.6,81.82,2,1,0,3.36,month-to-month,fiber,credit_card,basic,past
0,23.5,52.34,1,3,0,2.77,month-to-month,fiber,electronic_check,basic,never
0,12.1,75.71,1,8,0,2.83,month-to-month,none,credit_card,basic,never
0,21.3,81.88,1,1,1,3.26,month-to-month,fiber,electronic_check,plus,current
0,4.0,42.88,1,5,1,2.58,month-to-month,fiber,credit_card,plus,never
0,1.7,113.83,2,1,2,2.41,two-year,fiber,bank_transfer,premium,past
0,38.7,46.52,2,5,0,2.93,one-year,fiber,electronic_check,basic,current
0,18.3,108.5,3,1,0,1.58,month-to-month,dsl,electronic_check,premium,past
0,6.4,33.69,2,2,0,1.4,one-year,dsl,bank_transfer,plus,current
0,72.0,72.07,2,1,1,1.52,month-to-month,fiber,electronic_check,basic,never
0,25.4,57.6,2,5,0,0.31,month-to-month,none,credit_card,basic,past
1,19.7,74.72,2,3,0,0.0,month-to-month,dsl,credit_card,basic,never
0,15.4,86.35,2,2,0,4.22,one-year,fiber,electronic_check,basic,past
0,8.2,58.41,1,1,0,2.45,one-year,fiber,electronic_check,plus,past
0,33.0,87.94,2,1,0,3.11,month-to-month,dsl,credit_card,plus,never
0,11.8,87.75,1,3,1,3.89,month-to-month,none,credit_card,basic,past
0,52.8,102.6,1,5,0,2.42,one-year,fiber,electronic_check,basic,past
1,8.3,123.07,1,3,1,0.9,month-to-month,fiber,credit_card,basic,past
0,67.5,13.85,3,3,2,5.54,month-to-month,fiber,credit_card,basic,never
0,63.2,54.4,2,2,0,5.18,one-year,fiber,electronic_check,basic,never
0,12.1,78.97,2,2,0,5.61,month-to-month,fiber,electronic_check,basic,never
0,5.7,73.09,3,4,0,4.03,month-to-month,fiber,bank_transfer,premium,never
0,3.8,45.51,2,2,0,1.99,month-to-month,fiber,bank_transfer,basic,past
0,15.3,97.55,1,2,0,3.63,month-to-month,fiber,electronic_check,premium,current
0,21.0,103.61,1,2,0,3.86,one-year,fiber,electronic_check,plus,past
0,38.1,69.57,0,2,2,2.73,one-year,none,bank_transfer,basic,never
0,42.2,42.34,2,3,1,3.23,month-to-month,fiber,electronic_check,basic,current
0,7.8,52.63,1,3,1,2.05,month-to-month,dsl,electronic_check,basic,never
1,13.5,92.49,1,3,1,3.67,one-year,none,electronic_check,basic,past
0,7.3,64.14,3,3,2,3.06,one-year,fiber,electronic_check,basic,current
1,9.8,57.91,2,3,2,1.95,month-to-month,fiber,bank_transfer,basic,never
1,34.9,72.0,2,2,0,2.12,month-to-month,fiber,bank_transfer,basic,past
0,23.4,100.55,2,0,0,2.55,two-year,none,credit_card,plus,never
0,28.8,38.92,2,2,0,4.53,two-year,fiber,credit_card,basic,past
0,15.3,90.5,2,3,1,0.0,one-year,dsl,credit_card,basic,past
0,12.6,40.44,3,2,1,0.6,month-to-month,fiber,electronic_check,basic,never
1,72.0,120.55,1,3,1,3.93,month-to-month,fiber,credit_card,basic,past
0,72.0,68.71,2,1,1,2.06,month-to-month,dsl,credit_card,plus,never
0,1.6,71.48,2,1,0,3.03,month-to-month,fiber,credit_card,plus,current
0,2.8,67.31,3,1,0,1.53,month-to-month,fiber,electronic_check,basic,never
0,2.0,61.4,1,5,1,1.33,month-to-month,fiber,electronic_check,basic,current
0,2.5,56.93,2,6,1,1.93,month-to-month,fiber,bank_transfer,basic,past
0,9.8,89.13,0,1,1,1.09,month-to-month,none,electronic_check,plus,never
1,26.6,70.23,1,3,0,2.53,month-to-month,fiber,electronic_check,premium,past
0,27.8,87.32,2,1,0,0.93,one-year,fiber,electronic_check,plus,past
0,9.9,56.25,2,1,0,1.5,month-to-month,dsl,bank_transfer,plus,past
0,32.5,51.09,3,3,0,1.52,month-to-month,fiber,electronic_check,basic,current
0,33.6,50.5,3,2,0,1.84,month-to-month,fiber,electronic_check,plus,past
1,15.7,99.23,2,2,1,1.82,month-to-month,dsl,electronic_check,plus,past
0,30.3,41.25,2,2,2,2.69,month-to-month,none,electronic_check,basic,never
0,35.4,103.84,1,1,0,2.12,month-to-month,dsl,bank_transfer,plus,never
0,11.3,70.89,2,2,3,1.85,month-to-month,dsl,bank_transfer,basic,never
1,35.8,78.31,2,2,0,2.0,month-to-month,dsl,electronic_check,basic,never
1,13.0,109.29,1,4,0,1.71,month-to-month,fiber,bank_transfer,basic,never
0,4.3,70.09,2,1,0,2.98,month-to-month,fiber,bank_transfer,premium,past
0,0.0,119.41,1,3,1,0.0,month-to-month,dsl,electronic_check,plus,never
0,6.3,87.8,1,3,0,3.52,month-to-month,fiber,electronic_check,basic,current
0,10.9,95.03,2,1,0,2.54,one-year,fiber,credit_card,basic,current
0,28.4,71.73,1,2,1,2.57,one-year,dsl,electronic_check,plus,never
0,19.6,132.4,1,0,0,1.43,month-to-month,fiber,electronic_check,premium,never
0,37.0,78.83,2,3,0,1.2,month-to-month,dsl,electronic_check,basic,past
0,29.0,85.24,2,2,0,0.6,month-to-month,fiber,electronic_check,basic,never
0,7.0,67.44,1,2,2,2.75,month-to-month,fiber,electronic_check,premium,past
1,35.7,98.6,3,0,0,3.16,month-to-month,fiber,credit_card,plus,past
0,1.1,113.61,2,2,0,2.65,one-year,dsl,bank_transfer,basic,current
1,5.4,41.22,3,2,0,3.4,month-to-month,fiber,credit_card,basic,past
1,17.3,71.07,3,2,0,2.89,one-year,dsl,bank_transfer,plus,never
0,12.0,89.0,3,4,0,1.6,one-year,dsl,bank_transfer,basic,past
1,42.7,73.92,1,0,0,3.74,month-to-month,fiber,credit_card,premium,never
0,11.4,81.46,2,5,2,2.69,two-year,fiber,credit_card,basic,never
1,8.9,87.19,3,2,0,3.36,month-to-month,dsl,credit_card,basic,never
0,1.1,76.95,2,3,1,3.76,month-to-month,fiber,bank_transfer,basic,never
0,35.6,73.1,1,1,0,3.49,two-year,fiber,electronic_check,basic,never
1,61.2,110.7,3,5,1,3.47,one-year,dsl,electronic_check,basic,never
0,17.6,76.24,3,2,1,2.89,month-to-month,fiber,credit_card,basic,never
0,13.3,98.74,1,1,1,1.37,month-to-month,none,electronic_check,plus,never
0,63.0,72.6,2,1,0,0.52,one-year,dsl,electronic_check,basic,past
0,72.0,48.13,3,1,1,2.94,one-year,dsl,credit_card,plus,past
0,72.0,49.72,2,1,2,3.41,month-to-month,dsl,electronic_check,basic,past
0,22.1,61.92,1,2,0,2.13,two-year,dsl,bank_transfer,basic,current
0,5.1,81.05,2,2,0,3.08,month-to-month,fiber,electronic_check,basic,past
0,1.3,139.26,3,2,0,2.04,one-year,fiber,bank_transfer,basic,never
0,17.0,75.03,2,4,0,1.7,month-to-month,dsl,electronic_check,basic,past
0,9.9,18.21,2,4,0,1.45,month-to-month,none,electronic_check,basic,current
0,0.3,104.26,3,3,0,2.74,month-to-month,fiber,electronic_check,plus,never
1,8.0,84.82,3,0,1,3.77,month-to-month,fiber,electronic_check,plus,past
0,11.9,78.97,3,2,1,0.65,month-to-month,dsl,electronic_check,premium,never
1,15.9,100.61,2,3,1,2.57,month-to-month,fiber,credit_card,basic,never
0,0.6,68.02,2,1,0,1.83,month-to-month,dsl,electronic_check,basic,past
0,24.0,62.25,2,1,1,0.6,two-year,fiber,electronic_check,plus,never
0,1.1,27.52,0,0,0,3.55,month-to-month,none,credit_card,plus,never
0,18.9,46.25,2,2,1,1.18,month-to-month,dsl,electronic_check,premium,never
0,3.2,73.61,3,4,2,1.18,month-to-month,fiber,electronic_check,plus,current
0,57.8,83.6,0,3,0,0.59,month-to-month,none,bank_transfer,plus,never
0,14.2,60.97,2,1,1,2.1,month-to-month,fiber,electronic_check,plus,past
0,5.7,62.48,2,4,1,0.72,month-to-month,none,electronic_check,basic,past
0,9.5,81.63,2,1,0,2.32,month-to-month,dsl,electronic_check,plus,current
0,35.9,55.8,2,2,1,1.39,month-to-month,fiber,credit_card,basic,past
0,2.4,35.62,2,1,1,1.0,month-to-month,none,electronic_check,basic,never
0,12.3,34.06,3,3,0,0.99,month-to-month,dsl,bank_transfer,plus,past
0,9.1,44.86,1,2,0,0.54,month-to-month,dsl,bank_transfer,plus,current
0,5.7,70.59,1,2,0,4.28,two-year,fiber,bank_transfer,basic,current
0,9.4,71.54,1,2,1,5.5,month-to-month,fiber,bank_transfer,plus,never
0,0.0,62.72,4,2,2,3.33,one-year,fiber,electronic_check,basic,past
0,27.6,23.41,2,2,1,3.59,one-year,fiber,credit_card,basic,current
1,0.7,84.69,0,2,0,2.19,month-to-month,none,electronic_check,basic,past
1,3.8,96.61,1,2,1,2.29,one-year,fiber,electronic_check,basic,never
1,2.5,124.56,1,5,2,3.4,month-to-month,fiber,electronic_check,basic,never
0,9.9,118.35,3,2,0,3.29,one-year,dsl,electronic_check,plus,past
0,1.4,42.31,1,3,0,1.43,one-year,none,bank_transfer,basic,past
0,22.1,54.7,3,1,1,1.71,month-to-month,none,electronic_check,basic,past
0,28.5,94.72,3,1,0,3.98,one-year,dsl,electronic_check,plus,never
0,4.4,60.8,3,3,1,2.36,month-to-month,fiber,bank_transfer,basic,past
0,17.7,48.73,3,3,0,3.8,month-to-month,fiber,bank_transfer,plus,never
0,42.5,53.44,0,3,0,1.42,month-to-month,none,electronic_check,basic,never
0,27.5,119.84,4,0,0,2.53,month-to-month,dsl,bank_transfer,premium,never
0,26.0,75.79,3,0,0,1.6,month-to-month,dsl,bank_transfer,plus,past
0,21.6,31.28,1,3,0,3.11,month-to-month,dsl,electronic_check,basic,never
0,1.6,77.37,0,2,2,2.08,month-to-month,none,electronic_check,basic,current
0,6.7,56.67,1,2,0,2.15,one-year,fiber,electronic_check,premium,past
0,3.1,92.73,3,4,1,4.05,month-to-month,fiber,bank_transfer,basic,current
0,15.7,79.04,1,3,1,2.84,one-year,fiber,credit_card,basic,past
0,33.9,42.39,2,4,1,3.52,one-year,dsl,bank_transfer,basic,past
1,32.7,83.54,2,3,1,2.03,month-to-month,dsl,electronic_check,basic,past
0,39.3,93.86,1,3,1,1.62,one-year,dsl,credit_card,plus,current
0,22.1,94.34,1,0,2,3.66,one-year,dsl,electronic_check,plus,never
0,12.3,118.54,2,1,1,3.15,one-year,dsl,electronic_check,basic,past
0,13.0,75.75,2,1,0,2.64,two-year,none,electronic_check,basic,past
0,47.9,95.94,1,3,0,1.76,two-year,fiber,bank_transfer,basic,past
0,35.2,70.47,3,1,0,2.42,month-to-month,fiber,electronic_check,basic,never
0,14.9,78.6,1,1,1,1.67,month-to-month,fiber,credit_card,plus,current
1,3.8,76.38,2,3,1,2.71,month-to-month,fiber,bank_transfer,basic,past
0,19.7,73.29,3,0,0,3.75,month-to-month,fiber,electronic_check,plus,current
0,11.9,53.92,0,3,0,3.09,one-year,none,electronic_check,basic,past
0,14.6,45.94,1,2,0,1.96,one-year,none,bank_transfer,premium,past
0,3.4,91.35,3,4,1,4.33,month-to-month,fiber,electronic_check,basic,past
0,15.5,31.77,2,5,2,2.49,month-to-month,dsl,electronic_check,basic,current
0,20.6,56.51,3,1,0,3.36,month-to-month,fiber,credit_card,premium,never
0,0.2,90.43,2,2,1,1.7,two-year,fiber,electronic_check,basic,never
0,46.5,30.87,1,2,2,4.08,two-year,fiber,bank_transfer,plus,current
0,7.9,89.95,1,1,1,0.29,month-to-month,none,electronic_check,plus,never
0,11.2,65.34,1,2,1,1.51,month-to-month,fiber,electronic_check,basic,never
0,30.1,54.99,2,1,0,2.6,one-year,fiber,bank_transfer,basic,never
0,56.5,44.62,4,2,0,3.6,month-to-month,fiber,electronic_check,plus,past
1,10.7,65.86,4,1,0,2.42,month-to-month,fiber,electronic_check,basic,never
0,10.3,95.63,1,3,0,0.92,two-year,none,electronic_check,basic,current
0,12.3,73.64,2,2,0,3.47,two-year,fiber,electronic_check,basic,past
0,63.4,96.56,1,5,0,1.2,month-to-month,fiber,bank_transfer,basic,past
0,1.6,29.69,2,4,1,2.42,month-to-month,dsl,bank_transfer,basic,current
0,17.7,16.27,2,1,1,2.73,two-year,fiber,bank_transfer,basic,past
0,19.0,20.97,2,6,0,2.1,two-year,dsl,electronic_check,premium,never
0,5.1,69.34,1,3,2,2.13,month-to-month,fiber,electronic_check,plus,never
0,0.9,55.86,3,2,0,2.92,month-to-month,fiber,bank_transfer,basic,past
0,40.4,70.43,2,2,1,2.39,one-year,fiber,electronic_check,plus,never
1,8.4,58.53,1,1,0,1.5,month-to-month,fiber,electronic_check,basic,past
1,11.6,102.31,2,3,2,2.59,month-to-month,fiber,electronic_check,basic,past
0,3.4,90.98,2,2,0,2.16,month-to-month,dsl,electronic_check,plus,current
0,27.0,51.3,2,3,1,2.78,month-to-month,fiber,credit_card,basic,current
0,0.7,32.68,2,3,0,1.52,month-to-month,dsl,electronic_check,basic,past
0,37.6,88.47,1,4,0,2.79,month-to-month,dsl,electronic_check,plus,past
0,19.9,68.86,3,2,1,1.68,one-year,fiber,electronic_check,plus,never
0,17.0,70.18,4,3,1,0.76,two-year,dsl,bank_transfer,basic,never
0,13.4,35.42,1,4,0,1.48,month-to-month,none,credit_card,basic,never
1,11.9,32.93,3,1,1,1.97,month-to-month,fiber,electronic_check,basic,current
0,0.0,62.62,1,3,0,1.0,month-to-month,fiber,bank_transfer,basic,past
0,8.3,96.35,1,2,0,1.7,one-year,none,credit_card,basic,past
1,30.9,95.09,3,2,1,3.98,one-year,fiber,credit_card,plus,past
0,69.7,94.89,1,4,0,3.62,month-to-month,dsl,bank_transfer,basic,past
0,1.8,12.92,1,1,0,2.52,two-year,fiber,bank_transfer,plus,past
0,49.7,61.81,2,3,2,2.26,month-to-month,dsl,credit_card,basic,past
1,72.0,52.89,3,1,1,0.6,month-to-month,fiber,credit_card,plus,past
0,3.9,73.52,2,3,1,0.0,month-to-month,dsl,bank_transfer,basic,never
0,1.0,66.25,2,1,1,2.75,two-year,dsl,electronic_check,basic,current
0,52.8,75.17,2,3,1,3.62,two-year,none,electronic_check,basic,current
0,36.3,42.26,2,2,1,2.32,one-year,fiber,electronic_check,basic,never
0,1.0,74.4,1,1,1,2.3,one-year,fiber,bank_transfer,basic,past
1,33.4,111.38,2,2,0,3.13,month-to-month,dsl,electronic_check,basic,past
0,7.4,73.27,3,3,0,3.02,two-year,fiber,electronic_check,basic,current
0,3.0,82.83,1,1,1,2.73,one-year,fiber,credit_card,basic,never
0,38.6,116.43,3,0,0,4.06,month-to-month,fiber,electronic_check,plus,past
0,7.0,60.47,1,0,1,2.14,month-to-month,fiber,electronic_check,premium,current
0,10.4,101.92,1,4,2,1.63,one-year,dsl,bank_transfer,basic,never
1,13.3,105.74,2,6,1,0.95,month-to-month,dsl,credit_card,basic,past
0,32.7,96.89,3,3,0,2.2,month-to-month,fiber,electronic_check,plus,never
0,3.8,50.07,3,2,0,1.98,month-to-month,fiber,electronic_check,basic,past
0,29.2,81.06,1,1,0,2.75,month-to-month,none,electronic_check,plus,past
0,8.8,43.94,0,2,0,2.65,two-year,none,electronic_check,plus,current
1,42.9,129.95,3,3,0,3.28,month-to-month,fiber,credit_card,basic,past
1,7.3,47.22,2,2,0,0.0,one-year,dsl,bank_transfer,basic,past
0,7.9,58.42,1,5,1,4.09,month-to-month,none,electronic_check,basic,past
0,8.9,74.71,3,1,2,1.18,month-to-month,dsl,credit_card,plus,past
0,43.1,22.47,2,1,1,1.96,month-to-month,fiber,electronic_check,basic,never
0,14.5,86.47,3,2,2,2.43,one-year,dsl,bank_transfer,basic,never
1,3.8,65.64,3,2,0,2.0,month-to-month,fiber,credit_card,basic,past
0,13.9,99.35,2,2,1,1.49,month-to-month,dsl,bank_transfer,plus,never
0,29.4,66.91,1,2,0,0.0,one-year,dsl,electronic_check,plus,current
1,37.3,79.04,2,2,0,2.2,month-to-month,fiber,electronic_check,basic,past
0,4.3,75.34,1,3,0,3.24,month-to-month,none,bank_transfer,basic,never
0,44.4,51.74,3,1,0,1.4,month-to-month,dsl,bank_transfer,plus,past
0,4.3,109.68,1,3,1,3.23,month-to-month,fiber,electronic_check,basic,current
0,15.4,32.04,0,1,0,0.04,month-to-month,none,electronic_check,plus,never
1,9.6,40.14,2,1,0,3.48,month-to-month,fiber,electronic_check,basic,past
0,17.2,88.2,1,4,2,2.25,two-year,fiber,electronic_check,basic,past
0,9.4,23.6,3,1,0,1.52,month-to-month,dsl,credit_card,premium,past
0,0.7,101.52,2,1,0,1.65,month-to-month,dsl,electronic_check,basic,current
0,0.5,79.42,1,2,0,1.87,one-year,dsl,bank_transfer,premium,never
0,5.4,78.6,1,2,0,3.53,one-year,fiber,electronic_check,basic,current
0,3.3,26.84,2,0,0,3.01,one-year,fiber,bank_transfer,premium,past
0,4.4,84.35,1,1,0,0.0,month-to-month,dsl,credit_card,basic,past
0,0.6,58.09,3,2,1,1.79,two-year,fiber,electronic_check,plus,past
0,8.1,30.58,3,2,1,2.08,month-to-month,fiber,electronic_check,basic,current
0,13.9,61.93,2,2,0,3.87,month-to-month,fiber,bank_transfer,basic,current
0,10.0,49.33,2,1,0,3.37,one-year,fiber,electronic_check,plus,never
0,52.7,69.63,3,4,2,2.06,one-year,dsl,credit_card,plus,never
1,10.9,46.69,1,2,1,2.31,month-to-month,fiber,bank_transfer,basic,past
0,62.0,54.65,2,0,1,0.56,one-year,dsl,bank_transfer,plus,past
0,15.6,73.6,2,1,1,2.27,month-to-month,fiber,credit_card,plus,past
0,28.6,91.65,4,2,0,0.0,two-year,dsl,bank_transfer,basic,past
0,11.3,15.47,3,3,1,4.79,month-to-month,fiber,bank_transfer,basic,past
0,11.8,62.46,2,2,1,4.3,one-year,fiber,credit_card,plus,never
0,12.9,56.31,3,4,1,1.01,two-year,dsl,bank_transfer,basic,never
0,54.6,79.71,2,3,0,2.28,month-to-month,fiber,electronic_check,premium,current
0,3.1,64.65,3,1,0,5.76,month-to-month,fiber,credit_card,plus,never
0,12.1,41.34,2,0,0,1.4,one-year,dsl,electronic_check,plus,never
0,65.7,71.93,1,2,0,2.14,two-year,dsl,electronic_check,basic,current
1,8.8,86.5,3,5,0,2.96,month-to-month,fiber,electronic_check,basic,never
0,29.6,94.27,2,2,0,1.9,two-year,dsl,bank_transfer,basic,current
0,0.1,58.29,3,2,1,0.6,month-to-month,fiber,electronic_check,basic,past
0,9.0,29.14,1,3,1,3.29,one-year,dsl,bank_transfer,premium,never
0,23.0,64.36,1,3,1,2.7,two-year,dsl,bank_transfer,basic,past
0,6.8,76.89,1,3,0,2.34,two-year,dsl,credit_card,basic,current
0,0.6,75.3,2,1,1,2.54,month-to-month,dsl,credit_card,basic,never
0,12.0,54.55,2,3,0,3.93,two-year,fiber,electronic_check,basic,current
0,6.4,76.31,2,2,1,3.06,one-year,dsl,credit_card,basic,current
0,2.5,47.89,1,1,0,3.39,two-year,none,electronic_check,plus,never
0,7.2,89.4,1,1,1,3.55,month-to-month,dsl,credit_card,basic,current
0,46.9,97.57,3,2,0,2.39,month-to-month,dsl,bank_transfer,basic,past
0,50.3,77.7,1,3,0,3.56,one-year,fiber,electronic_check,basic,past
0,2.5,47.16,1,3,0,2.34,one-year,none,electronic_check,plus,past
0,64.7,63.73,1,1,0,4.94,month-to-month,dsl,electronic_check,plus,past
0,37.1,67.36,2,1,1,2.97,month-to-month,dsl,credit_card,plus,never
0,13.6,107.77,1,1,1,2.26,one-year,none,electronic_check,basic,past
0,12.6,67.33,2,3,1,1.28,one-year,none,bank_transfer,basic,never
0,9.5,76.39,2,0,0,2.89,month-to-month,fiber,credit_card,plus,never
0,17.1,71.19,2,2,0,1.56,one-year,fiber,electronic_check,basic,never
0,42.6,88.7,1,3,2,3.21,two-year,fiber,credit_card,basic,current
0,6.2,38.69,1,3,1,2.9,two-year,fiber,electronic_check,plus,past
1,30.0,75.01,1,3,0,2.99,month-to-month,fiber,credit_card,plus,never
0,8.0,68.04,2,4,0,0.88,month-to-month,dsl,electronic_check,basic,current
1,60.5,96.9,2,1,0,1.9,month-to-month,fiber,credit_card,plus,past
0,25.3,86.47,3,2,2,2.52,month-to-month,fiber,electronic_check,plus,current
0,24.9,59.25,3,0,1,1.12,month-to-month,fiber,electronic_check,plus,past
0,9.2,100.3,2,2,0,0.77,month-to-month,dsl,bank_transfer,basic,past
0,3.7,57.59,3,1,0,2.22,one-year,dsl,credit_card,basic,past
0,2.6,65.42,2,3,0,3.75,month-to-month,fiber,credit_card,plus,never
0,34.3,89.79,2,5,1,0.0,month-to-month,dsl,electronic_check,basic,current
1,4.9,84.25,2,2,0,2.34,month-to-month,dsl,credit_card,basic,never
0,2.5,41.26,1,3,1,2.52,month-to-month,fiber,credit_card,basic,current
0,4.4,90.16,2,1,1,2.54,one-year,dsl,credit_card,premium,past
0,0.4,95.0,2,3,1,2.53,month-to-month,none,credit_card,basic,current
0,4.0,83.79,3,3,1,1.9,one-year,dsl,electronic_check,basic,never
0,8.8,74.04,2,3,2,2.53,one-year,fiber,bank_transfer,basic,past
0,10.5,33.36,2,1,1,2.93,two-year,fiber,electronic_check,premium,never
0,2.0,72.09,2,0,0,3.08,month-to-month,fiber,electronic_check,plus,past
1,17.0,76.35,2,1,0,1.6,one-year,fiber,electronic_check,basic,past
0,23.2,55.08,2,2,0,1.44,month-to-month,none,credit_card,basic,current
0,2.7,70.7,2,0,1,2.49,month-to-month,fiber,bank_transfer,plus,never
0,33.5,43.84,1,5,0,0.63,month-to-month,dsl,electronic_check,basic,never
0,26.4,85.35,2,3,1,2.17,one-year,fiber,credit_card,basic,past
0,5.2,68.58,2,1,0,2.28,month-to-month,fiber,electronic_check,basic,current
1,8.3,106.34,2,1,1,2.18,month-to-month,fiber,electronic_check,basic,past
0,18.7,95.21,1,5,0,4.06,month-to-month,fiber,electronic_check,basic,past
1,11.2,104.93,2,2,0,2.27,one-year,dsl,electronic_check,basic,past
0,58.1,48.1,3,2,0,3.2,month-to-month,fiber,bank_transfer,premium,past
1,4.8,67.82,2,3,2,4.1,month-to-month,fiber,electronic_check,basic,current
0,7.4,41.67,1,1,2,1.66,two-year,fiber,credit_card,basic,never
0,32.1,70.73,4,1,1,4.13,month-to-month,fiber,bank_transfer,plus,past
0,14.5,54.03,4,3,0,2.78,month-to-month,dsl,bank_transfer,basic,never
0,37.2,46.99,2,1,0,3.07,month-to-month,dsl,credit_card,plus,current
0,4.7,62.83,3,3,0,4.0,month-to-month,fiber,credit_card,premium,current
0,7.4,97.11,2,1,1,2.42,month-to-month,fiber,credit_card,premium,current
0,0.6,83.55,3,3,0,3.66,month-to-month,fiber,electronic_check,basic,never
0,19.9,105.85,2,2,0,2.09,month-to-month,fiber,electronic_check,basic,current
0,5.3,65.09,3,2,1,1.43,month-to-month,fiber,electronic_check,basic,past
1,17.7,80.71,3,3,1,2.01,month-to-month,dsl,electronic_check,basic,past
0,29.2,45.25,3,0,0,0.6,two-year,fiber,electronic_check,plus,past
0,3.4,61.27,3,1,0,2.05,two-year,dsl,credit_card,premium,never
0,70.4,52.61,1,4,2,0.0,month-to-month,dsl,bank_transfer,basic,never
1,26.2,43.42,1,4,0,2.28,month-to-month,none,bank_transfer,premium,never
0,19.2,58.75,2,1,0,3.0,month-to-month,fiber,electronic_check,plus,current
0,23.3,39.13,3,0,0,2.67,month-to-month,fiber,electronic_check,plus,never
1,6.3,119.89,2,2,0,0.6,one-year,fiber,credit_card,premium,never
0,57.3,64.82,1,2,0,2.15,month-to-month,fiber,bank_transfer,plus,never
0,47.5,47.8,1,3,0,0.22,month-to-month,dsl,bank_transfer,plus,current
0,16.5,80.79,1,2,1,2.41,month-to-month,fiber,electronic_check,premium,never
0,11.5,70.19,2,1,2,1.62,month-to-month,dsl,credit_card,basic,past
0,27.2,94.17,1,3,0,1.63,one-year,dsl,electronic_check,basic,past
0,16.2,39.63,2,1,0,2.02,month-to-month,fiber,bank_transfer,plus,current
0,23.6,83.29,2,1,1,1.68,two-year,dsl,credit_card,basic,past
0,13.3,86.19,3,2,1,0.6,month-to-month,fiber,electronic_check,basic,never
0,13.6,54.61,3,2,0,1.48,one-year,dsl,bank_transfer,plus,past
0,29.3,29.1,3,0,1,1.99,two-year,fiber,electronic_check,plus,current
0,45.5,33.61,3,5,1,3.76,month-to-month,fiber,bank_transfer,basic,never
0,4.9,102.0,2,2,0,3.21,one-year,fiber,electronic_check,plus,past
0,15.0,76.92,2,1,1,1.47,month-to-month,dsl,electronic_check,plus,past
0,2.0,96.66,1,3,0,1.82,month-to-month,dsl,electronic_check,premium,current
0,11.6,93.91,1,6,1,2.44,month-to-month,dsl,bank_transfer,basic,never
0,0.6,41.13,1,0,2,4.88,month-to-month,dsl,bank_transfer,plus,never
0,11.5,50.71,2,3,0,3.09,one-year,fiber,electronic_check,plus,never
0,2.8,59.25,3,1,0,2.54,month-to-month,dsl,bank_transfer,plus,past
0,44.7,75.96,1,1,1,3.08,month-to-month,fiber,electronic_check,premium,never
0,16.4,55.61,2,0,1,2.83,one-year,dsl,credit_card,premium,never
0,7.2,38.32,4,2,0,0.0,month-to-month,dsl,electronic_check,basic,current
1,12.3,88.7,2,1,1,3.91,month-to-month,fiber,credit_card,premium,never
0,29.9,70.1,3,2,0,0.0,two-year,dsl,credit_card,plus,current
0,48.8,79.09,4,3,1,7.18,month-to-month,fiber,credit_card,basic,past
0,6.0,72.19,2,3,0,3.04,one-year,dsl,bank_transfer,basic,past
0,14.2,58.79,2,3,0,0.69,month-to-month,dsl,bank_transfer,basic,past
0,3.7,39.2,2,2,0,3.68,one-year,none,bank_transfer,basic,never
0,0.8,84.73,2,0,0,3.28,two-year,fiber,credit_card,premium,past
0,72.0,77.95,2,1,1,3.72,two-year,fiber,credit_card,basic,never
0,31.8,109.3,1,0,0,1.15,month-to-month,fiber,electronic_check,plus,past
0,24.9,34.27,2,1,0,0.82,one-year,none,electronic_check,basic,never
0,11.2,46.83,2,2,1,1.93,one-year,dsl,electronic_check,basic,never
0,19.3,41.12,3,3,0,0.94,month-to-month,fiber,electronic_check,plus,past
0,19.3,48.43,2,2,0,0.83,one-year,fiber,electronic_check,basic,past
0,9.7,44.46,2,1,1,3.3,month-to-month,dsl,electronic_check,plus,past
0,10.2,81.31,3,2,0,3.63,month-to-month,dsl,credit_card,basic,current
0,20.4,54.24,2,4,1,3.41,month-to-month,fiber,electronic_check,basic,never
0,10.4,64.16,1,0,1,2.76,one-year,fiber,electronic_check,plus,past
0,37.5,61.03,1,0,1,1.03,month-to-month,none,electronic_check,plus,current
0,40.5,68.76,0,1,0,0.6,two-year,none,electronic_check,plus,past
0,30.2,29.27,1,2,0,0.8,one-year,dsl,electronic_check,plus,current
0,30.8,73.04,1,1,2,3.25,one-year,fiber,bank_transfer,basic,past
0,15.5,10.0,2,3,1,5.2,two-year,dsl,credit_card,basic,never
1,0.6,84.68,1,3,1,1.94,month-to-month,fiber,electronic_check,basic,past
0,13.0,85.39,1,4,1,1.94,month-to-month,fiber,electronic_check,plus,past
0,26.7,79.27,1,0,0,3.58,month-to-month,fiber,electronic_check,premium,past
0,1.4,34.19,2,0,0,3.49,month-to-month,fiber,bank_transfer,plus,past
0,54.4,13.3,3,1,2,1.43,one-year,dsl,electronic_check,premium,past
0,35.3,68.17,2,1,0,2.16,month-to-month,dsl,bank_transfer,plus,past
0,27.2,77.54,2,2,0,3.9,one-year,fiber,electronic_check,basic,past
0,5.5,63.23,1,1,1,2.54,month-to-month,none,bank_transfer,basic,past
0,11.0,34.18,2,0,1,3.48,month-to-month,dsl,bank_transfer,plus,past
0,15.0,72.35,3,3,1,0.6,month-to-month,fiber,electronic_check,basic,never
0,4.6,65.02,1,2,1,2.24,two-year,fiber,electronic_check,basic,never
0,28.9,97.33,2,0,0,3.93,one-year,fiber,electronic_check,premium,past
0,45.4,92.92,2,1,1,2.47,month-to-month,dsl,electronic_check,plus,past
0,3.4,99.08,0,4,0,2.47,month-to-month,none,credit_card,basic,past
1,14.1,87.15,2,4,0,4.53,month-to-month,fiber,electronic_check,basic,never
0,48.9,87.94,3,2,1,3.18,month-to-month,fiber,electronic_check,basic,past
0,0.5,71.09,2,4,2,4.2,month-to-month,none,bank_transfer,basic,current
0,6.3,68.02,3,2,0,2.85,month-to-month,none,credit_card,basic,past
0,14.6,72.54,1,1,0,1.92,one-year,none,electronic_check,basic,current
0,6.7,79.02,2,1,1,1.02,month-to-month,dsl,electronic_check,basic,past
0,12.6,10.0,2,1,2,2.57,month-to-month,fiber,electronic_check,basic,never
0,70.9,102.05,2,5,0,3.69,one-year,fiber,credit_card,premium,current
0,16.1,70.46,3,1,0,3.98,one-year,fiber,electronic_check,basic,past
0,21.8,28.6,2,6,0,4.04,one-year,fiber,electronic_check,basic,never
0,1.3,72.84,3,4,1,3.39,month-to-month,dsl,electronic_check,basic,never
0,28.4,68.48,3,2,0,1.63,month-to-month,fiber,electronic_check,basic,never
0,12.3,31.01,2,3,1,0.0,month-to-month,dsl,credit_card,basic,never
0,7.2,23.32,2,1,1,1.7,month-to-month,dsl,electronic_check,plus,never
0,9.6,85.85,2,1,1,4.11,month-to-month,fiber,electronic_check,premium,past
0,21.2,55.84,3,1,1,2.67,month-to-month,fiber,credit_card,basic,past
1,6.1,71.66,2,2,1,2.07,one-year,fiber,electronic_check,basic,past
0,12.7,76.98,2,1,0,1.72,two-year,dsl,bank_transfer,basic,past
0,31.6,87.1,2,3,3,4.56,month-to-month,fiber,electronic_check,basic,current
0,23.1,62.54,0,1,1,2.55,two-year,none,electronic_check,plus,never
0,15.0,58.19,2,5,2,3.06,month-to-month,dsl,electronic_check,basic,never
0,15.0,64.32,1,3,1,2.07,one-year,dsl,credit_card,basic,never
1,6.6,80.75,2,5,1,0.6,one-year,fiber,electronic_check,premium,past
1,4.3,66.12,3,5,0,0.0,month-to-month,dsl,electronic_check,basic,past
0,55.0,58.8,1,1,0,2.83,one-year,fiber,electronic_check,plus,never
0,8.6,113.4,0,4,0,2.02,two-year,none,credit_card,basic,never
1,18.1,81.31,2,4,0,4.32,month-to-month,none,electronic_check,basic,past
0,1.4,101.5,2,1,0,3.21,month-to-month,none,electronic_check,plus,past
0,15.8,80.93,2,3,0,4.97,two-year,fiber,credit_card,basic,past
1,28.2,48.32,2,4,1,3.44,month-to-month,none,electronic_check,basic,never
0,3.1,21.93,3,2,0,2.6,one-year,dsl,electronic_check,premium,past
0,16.7,96.57,3,4,0,5.4,one-year,none,electronic_check,basic,never
0,8.4,10.0,1,1,0,3.97,one-year,fiber,electronic_check,basic,past
0,49.7,46.44,3,4,0,2.55,one-year,fiber,electronic_check,basic,past
0,27.1,51.57,3,2,1,2.36,month-to-month,fiber,electronic_check,basic,past
0,7.3,71.48,3,3,1,2.14,two-year,fiber,electronic_check,basic,never
0,0.5,83.8,2,3,0,2.07,one-year,fiber,credit_card,basic,current
0,42.1,30.26,3,1,1,2.61,month-to-month,fiber,electronic_check,basic,never
0,54.3,66.34,2,4,0,2.02,month-to-month,dsl,electronic_check,basic,past
0,47.6,64.45,1,1,0,1.06,one-year,fiber,electronic_check,plus,never
0,17.2,80.4,1,0,1,0.51,month-to-month,none,electronic_check,plus,current
1,9.1,96.66,2,1,0,4.15,month-to-month,fiber,electronic_check,basic,past
0,17.0,36.43,0,2,1,2.33,month-to-month,none,electronic_check,basic,current
0,0.1,81.18,2,3,1,3.8,two-year,fiber,electronic_check,basic,never
0,3.4,65.86,1,2,0,4.09,one-year,dsl,credit_card,basic,never
0,40.5,49.19,3,2,1,0.89,month-to-month,fiber,electronic_check,basic,current
0,0.2,40.97,2,1,0,4.42,month-to-month,dsl,bank_transfer,basic,past
0,1.1,110.55,3,3,0,2.28,month-to-month,fiber,bank_transfer,basic,current
1,30.6,42.56,3,2,2,2.81,month-to-month,fiber,electronic_check,premium,past
0,8.2,112.76,3,1,1,2.38,month-to-month,none,electronic_check,basic,never
0,1.0,40.89,4,1,0,0.29,month-to-month,dsl,electronic_check,premium,current
0,34.8,104.29,3,3,0,1.66,month-to-month,fiber,electronic_check,basic,past
0,2.0,49.21,3,1,1,3.3,two-year,fiber,electronic_check,premium,past
1,0.6,68.16,3,1,1,3.08,month-to-month,dsl,credit_card,plus,past
0,6.8,64.09,1,0,0,2.66,month-to-month,dsl,bank_transfer,plus,past
0,2.9,48.88,1,1,1,1.04,month-to-month,dsl,credit_card,basic,past
0,11.5,129.84,2,4,1,1.0,two-year,dsl,bank_transfer,basic,past
0,2.5,54.05,1,3,0,2.29,two-year,dsl,electronic_check,plus,never
0,5.5,64.68,1,3,0,4.6,month-to-month,fiber,electronic_check,basic,current
0,72.0,85.21,1,4,0,2.89,month-to-month,none,bank_transfer,basic,current
0,7.8,41.86,3,1,0,2.23,month-to-month,dsl,credit_card,plus,never
0,10.4,91.33,2,2,0,3.65,one-year,dsl,electronic_check,basic,never
0,26.2,63.65,1,1,2,0.6,month-to-month,fiber,electronic_check,basic,never
0,7.6,83.98,3,1,1,2.07,two-year,fiber,electronic_check,basic,past
0,9.0,59.28,3,1,2,2.02,one-year,fiber,electronic_check,premium,never
0,25.2,64.87,1,3,1,1.15,month-to-month,none,credit_card,basic,never
0,14.0,66.9,2,2,1,1.47,month-to-month,none,electronic_check,basic,never
0,9.1,22.08,2,3,1,3.15,two-year,fiber,electronic_check,basic,past
0,8.1,55.69,0,3,1,5.18,two-year,none,electronic_check,plus,never
0,6.7,89.49,2,1,1,2.39,month-to-month,fiber,electronic_check,basic,past
1,2.3,56.37,2,3,0,1.74,month-to-month,dsl,electronic_check,basic,past
1,3.8,64.04,2,3,0,2.66,month-to-month,fiber,bank_transfer,basic,never
0,1.7,69.95,3,1,3,4.51,month-to-month,fiber,bank_transfer,plus,current
0,18.7,39.72,1,4,0,3.52,month-to-month,dsl,electronic_check,basic,past
0,67.5,95.92,3,3,1,4.31,two-year,fiber,electronic_check,basic,never
0,13.9,102.45,1,1,0,1.02,month-to-month,none,electronic_check,basic,current
0,7.6,60.93,2,1,1,2.92,one-year,fiber,bank_transfer,premium,past
0,2.7,57.19,3,1,0,3.15,one-year,fiber,bank_transfer,basic,never
0,1.0,10.0,1,3,2,4.43,month-to-month,dsl,electronic_check,premium,current
0,0.6,33.09,1,4,1,1.73,month-to-month,none,credit_card,plus,never
0,7.8,92.78,3,4,0,2.37,month-to-month,fiber,bank_transfer,basic,current
0,13.7,40.76,2,2,1,2.97,month-to-month,none,credit_card,basic,current
0,13.3,125.72,3,0,1,1.32,month-to-month,dsl,bank_transfer,plus,past
0,17.8,56.01,2,2,1,3.1,two-year,dsl,bank_transfer,basic,current
0,18.9,98.91,3,1,1,1.25,month-to-month,dsl,electronic_check,plus,never
0,13.4,117.51,2,1,0,2.64,month-to-month,fiber,electronic_check,plus,never
0,2.3,62.43,2,4,1,2.66,two-year,fiber,credit_card,basic,past
1,2.9,76.44,2,2,0,1.28,month-to-month,dsl,electronic_check,basic,current
0,6.0,63.05,3,1,2,4.16,month-to-month,dsl,bank_transfer,basic,past
0,6.6,52.39,2,1,1,3.25,month-to-month,fiber,electronic_check,premium,current
0,35.0,57.5,2,2,0,3.0,month-to-month,dsl,bank_transfer,basic,never
0,13.8,56.02,2,4,0,3.11,one-year,fiber,bank_transfer,basic,past
1,7.2,77.16,2,0,1,2.5,one-year,fiber,credit_card,plus,never
0,4.7,45.21,2,1,1,0.19,month-to-month,dsl,credit_card,basic,current
0,1.0,78.03,0,4,0,2.1,month-to-month,none,electronic_check,plus,current
0,10.4,63.22,4,2,0,1.0,two-year,fiber,credit_card,basic,never
1,10.1,97.74,1,4,0,1.59,month-to-month,dsl,bank_transfer,plus,current
1,41.8,53.72,3,3,0,3.01,month-to-month,fiber,electronic_check,basic,past
0,2.4,90.57,2,1,0,1.19,month-to-month,dsl,electronic_check,plus,current
1,17.2,67.17,2,2,2,3.81,two-year,dsl,electronic_check,basic,never
0,18.7,71.52,2,3,0,0.26,month-to-month,dsl,electronic_check,plus,current
0,21.8,40.65,3,2,1,1.66,month-to-month,dsl,credit_card,plus,past
1,7.0,89.48,0,2,1,1.65,month-to-month,none,electronic_check,basic,never
1,10.3,64.5,1,3,1,1.16,month-to-month,dsl,credit_card,basic,current
0,19.0,81.21,1,3,2,2.9,month-to-month,fiber,bank_transfer,basic,current
0,4.0,71.16,2,1,2,2.38,month-to-month,dsl,electronic_check,plus,past
0,57.3,50.52,1,3,0,1.01,one-year,fiber,credit_card,basic,past
0,26.3,90.92,2,3,0,1.51,month-to-month,fiber,electronic_check,basic,current
0,2.6,116.47,1,3,1,3.18,one-year,dsl,electronic_check,basic,past
0,31.9,114.47,3,1,1,3.58,two-year,fiber,electronic_check,premium,current
1,33.2,55.06,2,3,0,3.5,month-to-month,fiber,electronic_check,basic,current
0,5.2,31.33,1,4,1,0.05,one-year,none,bank_transfer,basic,past
0,0.8,76.92,2,0,2,4.58,month-to-month,fiber,bank_transfer,plus,past
0,1.1,109.9,1,3,2,3.47,month-to-month,dsl,credit_card,plus,current
1,11.9,55.42,1,1,1,2.7,month-to-month,dsl,bank_transfer,basic,past
1,72.0,74.04,3,4,1,2.81,month-to-month,fiber,electronic_check,basic,never
0,2.3,80.59,2,5,1,2.52,two-year,dsl,bank_transfer,basic,never
0,6.6,24.59,2,2,2,2.7,month-to-month,fiber,electronic_check,basic,never
0,11.0,65.85,3,2,2,1.17,one-year,dsl,electronic_check,basic,past
0,3.5,93.26,3,5,0,2.3,one-year,fiber,electronic_check,plus,current
0,41.3,58.22,1,3,0,3.69,month-to-month,dsl,bank_transfer,premium,never
0,11.6,61.86,2,0,0,1.83,month-to-month,dsl,electronic_check,plus,never
0,33.1,49.0,3,6,0,1.15,month-to-month,fiber,credit_card,basic,never
0,40.9,59.87,2,1,1,1.86,two-year,fiber,bank_transfer,plus,current
0,5.7,40.24,0,3,0,1.24,month-to-month,none,electronic_check,plus,never
0,5.2,64.01,1,0,0,0.64,one-year,dsl,credit_card,plus,never
0,4.5,78.86,2,2,0,1.44,month-to-month,none,bank_transfer,basic,current
0,11.8,108.07,2,4,1,0.0,one-year,dsl,credit_card,basic,never
0,11.9,78.98,2,2,0,0.57,month-to-month,dsl,bank_transfer,basic,never
0,41.2,108.53,2,2,1,1.52,one-year,none,credit_card,basic,current
0,16.8,79.13,1,4,1,0.6,two-year,fiber,bank_transfer,basic,never
0,22.8,72.29,3,7,0,2.34,one-year,fiber,electronic_check,basic,current
0,32.0,11.85,1,2,1,1.66,month-to-month,none,electronic_check,plus,never
0,1.0,82.45,2,0,0,3.1,month-to-month,fiber,credit_card,plus,never
0,8.4,65.1,2,1,1,1.85,month-to-month,dsl,credit_card,premium,never
0,34.4,38.94,1,3,1,4.68,one-year,none,electronic_check,basic,past
0,31.2,83.45,1,1,0,1.89,one-year,dsl,electronic_check,basic,current
0,11.6,76.75,4,1,0,0.65,month-to-month,dsl,electronic_check,basic,never
1,13.4,82.51,3,1,1,3.11,month-to-month,dsl,electronic_check,basic,past
0,15.6,93.82,2,3,0,0.84,month-to-month,dsl,electronic_check,basic,never
0,12.1,75.93,3,7,0,0.16,one-year,dsl,electronic_check,basic,never
0,7.6,87.49,2,2,1,1.08,two-year,dsl,electronic_check,basic,past
0,39.4,104.8,1,2,0,1.66,month-to-month,none,electronic_check,plus,never
0,23.8,80.41,0,3,0,0.77,two-year,none,bank_transfer,plus,past
0,8.3,86.99,2,1,0,2.7,month-to-month,fiber,electronic_check,basic,past
0,14.3,62.73,0,2,1,1.74,month-to-month,none,bank_transfer,basic,never
0,4.6,37.51,3,2,0,3.98,month-to-month,dsl,electronic_check,plus,never
0,34.7,78.33,1,1,0,2.43,month-to-month,dsl,credit_card,premium,past
0,2.1,91.62,1,1,0,2.84,two-year,none,credit_card,basic,past
0,11.2,48.35,2,4,0,2.56,one-year,none,electronic_check,basic,past
0,3.0,69.57,3,1,0,4.23,two-year,dsl,credit_card,premium,current
0,35.7,38.4,2,3,1,3.49,month-to-month,dsl,electronic_check,plus,past
0,8.6,74.9,2,5,0,3.12,one-year,fiber,credit_card,basic,past
0,71.2,44.58,3,1,0,2.54,month-to-month,fiber,electronic_check,premium,past
0,7.1,14.98,2,2,1,2.4,two-year,dsl,electronic_check,plus,past
0,5.9,43.94,1,2,1,2.39,one-year,fiber,electronic_check,basic,past
0,72.0,42.59,2,3,1,3.04,month-to-month,fiber,bank_transfer,basic,never
0,14.9,116.33,3,0,1,2.61,one-year,dsl,electronic_check,plus,current
0,5.5,87.96,2,2,0,3.57,two-year,dsl,electronic_check,plus,never
0,21.3,63.51,2,0,1,1.52,month-to-month,fiber,electronic_check,plus,never
0,18.9,78.0,1,4,0,3.85,month-to-month,dsl,credit_card,basic,past
0,16.3,83.85,3,0,0,2.67,month-to-month,dsl,electronic_check,premium,never
0,17.2,62.63,0,2,0,2.82,month-to-month,none,electronic_check,basic,past
0,24.7,42.8,3,4,1,2.07,month-to-month,dsl,electronic_check,basic,current
0,0.5,66.27,1,3,0,1.68,month-to-month,fiber,electronic_check,plus,current
0,32.1,79.13,3,1,0,0.85,one-year,fiber,electronic_check,basic,never
1,24.4,100.44,2,3,1,0.0,month-to-month,none,electronic_check,basic,past
0,45.0,10.0,4,2,1,3.51,two-year,dsl,electronic_check,basic,past
0,2.8,11.06,2,2,0,2.04,month-to-month,fiber,credit_card,plus,never
0,3.5,95.41,1,3,0,4.78,month-to-month,dsl,electronic_check,basic,never
0,58.5,26.94,1,3,2,4.18,one-year,fiber,electronic_check,premium,never
0,10.0,77.02,3,2,0,3.32,month-to-month,dsl,electronic_check,plus,past
0,8.8,66.97,1,6,0,0.6,month-to-month,fiber,electronic_check,basic,current
0,51.8,67.17,2,0,0,1.6,month-to-month,dsl,electronic_check,plus,current
1,9.3,49.74,2,2,0,4.18,month-to-month,fiber,credit_card,basic,never
0,21.2,124.35,2,1,1,2.7,one-year,fiber,credit_card,premium,never
0,51.5,56.48,2,5,0,3.37,month-to-month,fiber,electronic_check,basic,past
0,4.8,56.0,2,2,2,1.17,two-year,dsl,credit_card,plus,never
1,14.0,41.7,1,0,1,3.68,month-to-month,fiber,electronic_check,plus,past
0,31.2,100.74,1,0,1,1.66,one-year,fiber,bank_transfer,plus,never
0,9.4,56.53,3,3,0,3.68,two-year,fiber,electronic_check,basic,never
0,16.3,24.19,3,3,0,3.52,two-year,fiber,credit_card,premium,past
0,26.7,71.79,4,3,0,0.0,month-to-month,dsl,bank_transfer,basic,current
0,0.8,56.98,3,1,1,2.37,one-year,fiber,electronic_check,basic,current
0,38.0,68.53,1,2,2,0.11,month-to-month,none,bank_transfer,plus,current
0,4.9,103.64,3,0,0,4.25,month-to-month,dsl,electronic_check,premium,past
0,0.2,84.14,0,2,0,2.66,month-to-month,none,electronic_check,basic,past
1,18.4,88.18,2,4,2,4.54,month-to-month,fiber,credit_card,basic,past
0,11.5,71.15,1,1,1,2.63,month-to-month,none,electronic_check,plus,current
0,14.6,71.96,1,2,0,2.2,month-to-month,dsl,bank_transfer,premium,past
0,26.8,58.39,3,0,1,2.66,month-to-month,dsl,electronic_check,plus,never
0,14.3,89.37,1,0,0,3.11,month-to-month,none,credit_card,plus,never
0,18.7,37.71,3,1,0,5.1,month-to-month,fiber,credit_card,basic,current
0,72.0,66.82,1,3,0,0.52,one-year,none,bank_transfer,plus,never
0,45.3,68.82,1,3,0,1.8,month-to-month,dsl,bank_transfer,plus,past
0,12.1,65.49,2,1,2,2.71,month-to-month,fiber,bank_transfer,basic,never
0,8.5,75.23,2,1,1,2.25,month-to-month,fiber,bank_transfer,plus,never
0,2.2,79.13,2,2,0,2.31,month-to-month,dsl,credit_card,premium,current
0,16.1,57.45,1,1,2,1.85,month-to-month,dsl,credit_card,plus,current
0,6.9,42.78,1,3,1,3.56,one-year,fiber,electronic_check,basic,current
0,22.9,89.94,3,1,2,1.77,month-to-month,dsl,electronic_check,premium,never
0,4.4,63.22,2,3,0,3.59,month-to-month,fiber,electronic_check,premium,current
1,18.7,97.46,2,1,0,1.65,one-year,fiber,electronic_check,plus,past
0,15.2,78.42,3,3,1,2.41,one-year,fiber,electronic_check,basic,never
0,32.2,90.73,1,1,0,1.7,month-to-month,none,electronic_check,basic,never
0,4.1,44.54,3,2,0,1.85,one-year,dsl,electronic_check,plus,current
1,72.0,97.33,3,1,0,3.54,month-to-month,dsl,electronic_check,basic,past
0,6.8,86.1,2,0,0,0.0,two-year,dsl,credit_card,plus,past
0,2.3,58.49,1,1,1,2.54,month-to-month,fiber,electronic_check,plus,never
0,16.8,54.71,1,2,0,2.7,month-to-month,fiber,electronic_check,basic,past
0,15.9,54.88,1,2,0,3.45,month-to-month,fiber,electronic_check,plus,never
0,9.7,54.82,2,2,1,0.54,month-to-month,dsl,electronic_check,premium,past
0,17.7,62.89,0,2,0,2.88,one-year,none,credit_card,basic,never
0,48.8,54.3,2,1,0,3.35,two-year,fiber,bank_transfer,basic,never
0,3.5,44.41,2,4,0,2.41,month-to-month,dsl,credit_card,basic,past
1,5.8,129.75,3,2,0,2.79,month-to-month,dsl,credit_card,plus,past
0,40.6,94.25,2,2,2,1.88,month-to-month,dsl,electronic_check,basic,past
0,72.0,43.89,2,2,1,3.23,month-to-month,fiber,electronic_check,basic,never
0,10.9,89.38,1,3,2,2.27,month-to-month,fiber,credit_card,premium,never
0,3.4,59.43,1,3,0,1.73,month-to-month,none,bank_transfer,plus,past
0,13.5,87.72,3,2,1,5.09,month-to-month,fiber,electronic_check,basic,past
0,14.7,85.8,1,3,2,2.82,month-to-month,fiber,electronic_check,basic,never
1,23.3,84.92,3,2,0,2.06,month-to-month,dsl,electronic_check,basic,past
0,21.5,58.35,1,0,1,2.11,month-to-month,dsl,credit_card,premium,never
0,26.6,63.01,2,4,0,1.85,month-to-month,fiber,electronic_check,basic,current
0,10.9,65.79,2,2,0,3.68,month-to-month,fiber,electronic_check,basic,past
0,40.3,17.5,2,3,1,0.65,month-to-month,none,electronic_check,basic,past
0,1.0,90.36,2,0,1,3.89,month-to-month,fiber,bank_transfer,plus,current
0,27.2,66.07,1,1,1,1.05,one-year,dsl,credit_card,basic,never
0,21.4,95.31,2,2,0,1.46,two-year,dsl,electronic_check,premium,past
0,2.1,78.22,2,1,1,1.51,month-to-month,dsl,electronic_check,basic,current
0,23.5,83.35,1,4,1,2.24,two-year,fiber,credit_card,basic,past
0,9.9,42.48,2,1,0,1.92,month-to-month,fiber,electronic_check,basic,never
0,70.4,49.85,2,1,1,3.14,two-year,fiber,bank_transfer,premium,never
0,1.8,53.66,1,1,1,3.4,one-year,dsl,bank_transfer,basic,current
0,0.5,30.49,2,1,1,0.67,month-to-month,fiber,electronic_check,plus,current
0,7.7,58.51,2,3,1,4.48,month-to-month,dsl,electronic_check,basic,never
0,11.6,38.77,1,1,0,0.51,month-to-month,none,bank_transfer,plus,past
0,2.9,35.08,3,0,0,1.21,month-to-month,dsl,electronic_check,plus,never
0,14.7,35.13,3,2,0,3.36,month-to-month,fiber,electronic_check,plus,past
0,6.7,46.55,1,0,0,2.67,one-year,dsl,bank_transfer,plus,never
0,5.0,69.23,2,1,0,2.28,month-to-month,fiber,credit_card,premium,current
1,6.8,74.6,2,0,1,0.6,month-to-month,fiber,electronic_check,plus,past
1,39.1,19.31,1,1,0,2.08,one-year,fiber,electronic_check,plus,never
0,2.9,59.52,3,0,2,0.96,one-year,fiber,credit_card,plus,never
0,7.1,49.88,3,2,0,0.49,one-year,dsl,credit_card,plus,never
0,2.2,51.49,3,3,0,2.96,one-year,fiber,credit_card,premium,past
0,20.2,54.0,2,2,2,2.37,month-to-month,none,electronic_check,basic,never
1,8.5,68.94,2,2,0,2.38,month-to-month,fiber,electronic_check,basic,never
0,7.3,64.89,3,2,2,1.27,month-to-month,fiber,electronic_check,plus,never
0,11.3,57.55,0,1,1,3.57,month-to-month,none,electronic_check,basic,past
0,7.6,60.12,1,3,1,1.14,month-to-month,fiber,credit_card,plus,past
0,8.9,66.31,3,3,1,3.29,month-to-month,fiber,credit_card,basic,current
0,9.5,88.27,2,3,0,3.42,one-year,dsl,credit_card,basic,past
0,19.5,73.75,1,2,1,1.51,two-year,fiber,bank_transfer,basic,never
0,17.2,80.61,2,2,1,0.6,one-year,fiber,electronic_check,basic,never
0,6.6,69.34,2,3,1,2.44,one-year,fiber,credit_card,plus,past
0,0.6,86.88,3,2,0,0.96,month-to-month,dsl,bank_transfer,plus,never
0,60.9,80.11,3,2,0,0.0,month-to-month,dsl,bank_transfer,basic,never
0,52.7,62.13,2,4,1,0.6,one-year,fiber,electronic_check,basic,past
0,8.3,75.61,3,0,1,2.0,month-to-month,dsl,electronic_check,premium,past
0,9.8,73.99,1,2,0,1.83,month-to-month,fiber,bank_transfer,basic,never
0,6.9,105.11,1,2,2,4.77,two-year,dsl,credit_card,basic,past
0,4.0,65.63,1,1,0,1.91,month-to-month,none,electronic_check,basic,never
0,3.1,86.2,2,2,1,2.8,one-year,dsl,credit_card,basic,past
0,1.0,36.96,3,3,1,3.88,month-to-month,fiber,electronic_check,premium,never
0,5.9,47.44,2,1,0,2.22,two-year,fiber,electronic_check,basic,never
0,3.5,57.14,3,1,2,2.62,month-to-month,dsl,bank_transfer,basic,past
0,10.4,117.53,2,2,1,1.13,one-year,dsl,credit_card,plus,past
1,72.0,83.03,1,1,0,2.09,one-year,fiber,credit_card,basic,past
0,2.6,79.14,1,3,0,4.02,one-year,none,credit_card,basic,past
0,9.3,23.88,3,1,0,2.26,month-to-month,fiber,electronic_check,plus,never
0,12.7,36.92,2,2,1,2.32,month-to-month,dsl,electronic_check,basic,past
1,0.3,77.89,3,3,0,4.5,month-to-month,fiber,credit_card,basic,never
1,30.2,134.61,1,3,1,0.6,month-to-month,fiber,electronic_check,basic,past
0,4.9,89.44,1,3,0,2.4,month-to-month,fiber,electronic_check,plus,current
0,2.2,41.85,3,1,1,0.85,month-to-month,dsl,credit_card,basic,past
0,10.8,48.89,2,1,0,0.6,month-to-month,fiber,electronic_check,basic,never
0,7.4,64.71,0,1,2,0.0,two-year,none,electronic_check,basic,past
1,14.3,62.92,3,1,1,4.72,month-to-month,fiber,electronic_check,basic,current
0,1.4,99.23,2,0,0,3.59,month-to-month,dsl,credit_card,premium,current
0,3.9,64.96,2,1,0,2.23,month-to-month,fiber,electronic_check,basic,past
0,58.2,39.95,0,3,0,3.94,two-year,none,credit_card,plus,past
0,51.6,83.6,3,2,2,1.17,two-year,dsl,electronic_check,basic,current
0,8.0,97.18,2,4,0,0.6,month-to-month,fiber,electronic_check,plus,never
0,9.0,83.02,1,1,1,4.52,one-year,fiber,bank_transfer,plus,past
0,5.8,84.01,2,2,0,1.08,one-year,dsl,bank_transfer,plus,past
0,0.4,66.64,1,0,0,3.93,month-to-month,fiber,electronic_check,premium,past
0,1.1,82.1,1,2,0,2.77,month-to-month,fiber,electronic_check,premium,current
1,12.5,40.65,2,3,0,0.76,month-to-month,fiber,bank_transfer,basic,past
0,3.4,25.22,1,2,0,2.23,month-to-month,none,bank_transfer,basic,never
1,1.1,116.49,4,1,2,2.29,month-to-month,fiber,credit_card,plus,never
0,8.0,66.72,2,0,1,0.0,one-year,dsl,electronic_check,plus,past
0,4.4,83.0,2,3,1,0.79,month-to-month,dsl,credit_card,basic,never
0,71.3,53.54,2,2,0,3.17,month-to-month,dsl,bank_transfer,basic,never
0,5.4,120.92,3,2,1,3.5,two-year,dsl,credit_card,basic,never
0,17.1,57.95,2,0,0,0.6,month-to-month,fiber,electronic_check,plus,past
1,18.8,82.3,3,1,3,3.98,month-to-month,fiber,electronic_check,basic,past
0,11.7,45.75,1,1,1,2.33,one-year,fiber,credit_card,basic,never
0,6.8,59.49,3,0,0,2.59,month-to-month,fiber,bank_transfer,premium,past
1,15.8,110.05,2,1,0,4.93,one-year,fiber,electronic_check,basic,never
0,18.9,43.78,3,1,0,0.6,two-year,fiber,credit_card,premium,never
1,22.7,120.28,1,1,1,3.56,month-to-month,fiber,electronic_check,basic,never
0,1.3,97.56,3,3,0,1.52,one-year,dsl,credit_card,plus,never
0,4.2,43.13,3,1,0,3.04,month-to-month,fiber,electronic_check,plus,current
1,37.7,90.5,2,3,0,2.25,month-to-month,none,bank_transfer,basic,never
0,11.4,93.99,2,0,1,0.49,month-to-month,dsl,electronic_check,premium,never
0,11.1,74.27,2,2,1,0.97,month-to-month,dsl,electronic_check,basic,never
0,28.6,96.09,3,0,2,0.69,one-year,dsl,bank_transfer,plus,never
0,13.6,32.72,1,2,0,2.92,month-to-month,fiber,electronic_check,basic,never
0,7.2,63.85,3,5,0,1.99,month-to-month,fiber,bank_transfer,basic,current
1,1.2,46.55,3,4,0,4.36,month-to-month,dsl,electronic_check,basic,past
1,4.1,84.8,1,2,1,1.21,month-to-month,none,credit_card,basic,never
0,11.7,79.92,2,2,1,1.6,month-to-month,dsl,credit_card,plus,never
0,27.8,57.56,2,1,1,0.05,two-year,dsl,bank_transfer,plus,past
0,38.4,55.24,1,3,0,3.89,month-to-month,fiber,electronic_check,basic,past
0,1.1,64.87,1,4,0,2.01,month-to-month,none,electronic_check,basic,past
0,30.1,57.36,1,1,0,0.53,month-to-month,dsl,electronic_check,basic,past
0,12.7,26.27,3,1,0,1.77,month-to-month,fiber,credit_card,plus,never
0,8.0,43.08,1,4,0,3.74,month-to-month,dsl,credit_card,basic,never
0,0.1,79.93,1,1,0,3.53,month-to-month,dsl,bank_transfer,basic,never
0,24.1,64.84,2,0,0,2.68,month-to-month,dsl,bank_transfer,plus,past
0,12.0,87.37,1,3,0,3.66,month-to-month,dsl,bank_transfer,basic,past
0,15.6,61.58,2,4,2,3.5,month-to-month,dsl,electronic_check,premium,never
0,72.0,99.06,2,3,0,0.91,one-year,fiber,electronic_check,basic,past
0,67.9,60.66,2,2,1,3.53,month-to-month,none,bank_transfer,premium,past
0,3.6,65.67,0,2,1,2.43,month-to-month,none,credit_card,plus,never
0,18.4,104.25,3,3,0,2.63,two-year,dsl,bank_transfer,basic,past
0,21.6,44.42,1,2,0,3.29,one-year,dsl,bank_transfer,basic,past
0,25.9,86.85,0,2,0,2.97,month-to-month,none,electronic_check,basic,never
0,5.7,104.06,0,2,0,0.44,one-year,none,electronic_check,basic,current
0,4.1,62.75,2,2,0,3.19,month-to-month,fiber,electronic_check,plus,never
1,4.2,77.9,1,3,1,2.07,month-to-month,fiber,electronic_check,basic,never
0,5.5,80.26,3,1,1,1.82,month-to-month,dsl,credit_card,plus,past
0,25.2,79.86,2,1,1,2.6,month-to-month,fiber,bank_transfer,basic,past
0,27.2,115.53,3,4,1,0.93,one-year,dsl,electronic_check,basic,past
0,20.1,78.36,2,2,0,1.62,month-to-month,fiber,electronic_check,plus,current
0,36.6,93.0,3,3,0,1.55,month-to-month,fiber,bank_transfer,basic,never
0,33.3,55.94,2,4,0,1.59,two-year,dsl,bank_transfer,plus,past
0,4.7,38.75,2,1,0,1.17,month-to-month,none,electronic_check,plus,never
0,22.4,72.66,2,0,0,3.23,month-to-month,fiber,credit_card,premium,never
0,44.9,64.12,3,2,1,0.6,month-to-month,fiber,electronic_check,basic,current
1,7.4,105.24,2,3,1,2.04,two-year,fiber,credit_card,basic,past
0,10.2,85.37,2,2,0,0.36,month-to-month,dsl,bank_transfer,basic,past
0,8.7,72.84,3,4,0,4.73,one-year,fiber,electronic_check,plus,never
0,17.3,90.63,1,0,0,2.01,month-to-month,fiber,electronic_check,plus,current
1,21.7,89.43,3,1,1,1.46,month-to-month,fiber,credit_card,plus,current
1,4.9,99.92,0,2,1,3.63,month-to-month,none,electronic_check,basic,current
1,3.4,86.45,2,2,1,3.81,month-to-month,fiber,electronic_check,basic,current
1,15.9,87.26,2,3,0,3.21,month-to-month,fiber,credit_card,basic,past
0,26.3,120.84,2,2,1,3.96,two-year,fiber,electronic_check,basic,never
0,20.4,79.38,2,1,0,1.98,one-year,fiber,credit_card,basic,never
0,24.5,73.62,3,2,1,2.86,one-year,dsl,electronic_check,basic,never
0,2.3,60.61,2,2,1,2.26,two-year,dsl,bank_transfer,plus,never
0,24.8,10.0,1,1,1,4.28,month-to-month,fiber,credit_card,basic,never
0,31.1,49.97,2,3,0,2.93,month-to-month,fiber,electronic_check,plus,never
0,65.9,66.74,3,1,0,1.84,two-year,fiber,credit_card,premium,past
0,1.3,50.81,2,2,1,1.65,one-year,dsl,credit_card,basic,past
0,7.4,64.34,3,2,0,4.9,month-to-month,fiber,electronic_check,plus,never
0,12.0,69.61,3,2,0,1.33,month-to-month,dsl,electronic_check,premium,never
0,8.1,10.0,2,1,0,1.95,two-year,fiber,electronic_check,basic,never
0,4.3,68.23,1,2,0,3.63,month-to-month,fiber,electronic_check,plus,never
0,13.1,78.99,2,4,1,0.96,month-to-month,none,bank_transfer,plus,past
0,35.6,75.89,1,2,0,0.97,month-to-month,none,credit_card,basic,past
0,17.2,64.87,3,4,2,2.72,one-year,fiber,electronic_check,basic,never
0,26.9,32.44,1,2,0,1.31,one-year,fiber,electronic_check,basic,never
0,1.9,58.99,3,0,0,2.47,month-to-month,fiber,bank_transfer,plus,past
0,61.5,108.84,2,2,1,2.08,month-to-month,dsl,electronic_check,basic,never
0,10.8,94.02,2,0,0,2.67,month-to-month,fiber,electronic_check,plus,past
0,9.6,86.68,2,1,0,0.77,month-to-month,fiber,bank_transfer,plus,current
0,50.8,76.43,3,5,0,3.56,month-to-month,fiber,bank_transfer,basic,current
1,9.2,54.54,2,2,0,2.32,month-to-month,none,bank_transfer,basic,past
0,7.1,113.1,3,2,0,3.14,one-year,fiber,bank_transfer,basic,past
0,2.0,29.41,3,2,1,3.54,month-to-month,fiber,bank_transfer,basic,current
1,16.9,87.63,3,1,0,0.86,month-to-month,dsl,credit_card,basic,past
0,14.1,50.51,1,3,1,2.85,one-year,dsl,electronic_check,basic,past
0,3.9,23.33,2,1,1,0.0,month-to-month,dsl,electronic_check,basic,past
0,72.0,60.18,3,0,0,2.24,one-year,dsl,electronic_check,premium,never
0,2.4,37.71,2,2,1,2.13,one-year,none,electronic_check,plus,current
0,3.4,117.79,1,1,0,2.06,month-to-month,none,credit_card,plus,never
0,2.2,17.14,3,2,2,2.3,month-to-month,fiber,electronic_check,plus,past
0,11.7,44.54,3,3,0,3.28,month-to-month,fiber,electronic_check,premium,never
0,11.2,58.32,3,2,2,4.46,month-to-month,fiber,electronic_check,basic,past
0,13.4,56.6,2,1,0,1.62,month-to-month,fiber,credit_card,plus,past
0,43.5,59.2,3,1,0,2.06,two-year,fiber,electronic_check,basic,current
0,4.2,103.62,2,2,0,3.93,one-year,fiber,electronic_check,plus,never
0,2.2,61.35,2,0,0,2.7,month-to-month,fiber,bank_transfer,plus,current
1,12.8,97.03,2,4,1,2.92,month-to-month,fiber,electronic_check,basic,never
0,68.0,104.26,3,1,1,1.87,two-year,dsl,electronic_check,basic,past
0,32.0,71.22,1,2,0,4.28,one-year,fiber,bank_transfer,basic,past
1,34.7,62.16,3,3,1,1.82,month-to-month,fiber,credit_card,basic,never
0,14.3,80.62,2,3,1,1.36,month-to-month,dsl,credit_card,basic,current
0,11.8,65.44,3,2,2,1.74,one-year,fiber,electronic_check,plus,never
1,2.8,80.9,3,1,0,2.26,one-year,fiber,electronic_check,plus,never
0,3.9,40.99,1,3,1,3.25,one-year,fiber,electronic_check,premium,current
0,5.3,68.35,0,2,0,2.0,two-year,none,bank_transfer,plus,past
0,7.4,78.64,4,1,0,1.46,one-year,dsl,bank_transfer,basic,past
0,1.4,50.88,1,4,0,2.02,two-year,none,credit_card,basic,never
0,28.5,62.6,1,2,0,2.27,month-to-month,none,credit_card,premium,current
0,44.3,60.41,1,0,0,0.1,one-year,dsl,bank_transfer,plus,current
0,51.2,12.69,3,1,1,0.67,month-to-month,dsl,electronic_check,basic,never
0,16.6,83.8,2,1,1,0.0,one-year,dsl,electronic_check,basic,past
0,29.5,111.13,3,2,1,2.96,month-to-month,dsl,bank_transfer,plus,current
1,9.2,92.15,3,1,0,3.47,month-to-month,dsl,bank_transfer,basic,past
0,10.0,100.27,2,1,0,4.33,month-to-month,fiber,electronic_check,basic,never
0,4.7,114.5,2,3,1,1.02,month-to-month,none,electronic_check,basic,never
0,8.3,86.86,2,3,0,2.69,one-year,fiber,bank_transfer,basic,current
0,17.5,37.24,2,1,0,2.1,month-to-month,fiber,bank_transfer,basic,never
0,72.0,104.98,1,3,1,3.48,one-year,none,bank_transfer,basic,current
0,26.8,100.31,4,0,1,1.32,month-to-month,dsl,credit_card,plus,past
0,3.8,77.27,2,2,1,1.26,one-year,fiber,electronic_check,basic,never
0,51.5,58.25,3,3,0,1.77,two-year,fiber,credit_card,basic,past
1,12.1,85.96,1,4,1,2.41,month-to-month,fiber,bank_transfer,basic,never
0,12.2,89.42,2,2,0,1.51,month-to-month,dsl,electronic_check,premium,current
0,5.4,79.65,0,3,0,1.35,two-year,none,electronic_check,plus,never
0,12.2,68.02,2,0,0,2.43,month-to-month,fiber,bank_transfer,premium,never
0,2.3,41.92,1,3,2,4.8,month-to-month,fiber,electronic_check,basic,never
0,16.8,75.93,1,5,1,1.44,month-to-month,fiber,electronic_check,plus,past
0,2.0,44.53,3,3,0,0.87,month-to-month,dsl,electronic_check,basic,past
0,16.3,87.24,1,1,0,0.75,month-to-month,dsl,bank_transfer,basic,never
1,36.3,96.8,2,2,0,1.51,month-to-month,dsl,electronic_check,basic,never
0,18.7,58.52,2,0,0,0.79,one-year,none,bank_transfer,plus,past
0,3.5,72.31,2,1,1,1.84,month-to-month,fiber,bank_transfer,plus,past
0,9.5,61.64,1,2,0,1.47,month-to-month,fiber,credit_card,basic,past
0,1.5,51.27,1,2,1,0.86,two-year,dsl,electronic_check,basic,past
0,26.2,69.08,1,2,0,2.07,one-year,none,credit_card,basic,past
0,9.0,36.88,2,2,1,3.71,month-to-month,fiber,electronic_check,basic,past
0,1.7,49.6,3,4,1,1.46,month-to-month,dsl,bank_transfer,basic,never
1,3.4,92.2,2,1,1,3.17,two-year,fiber,credit_card,basic,past
1,30.4,82.22,1,1,1,2.38,month-to-month,fiber,credit_card,basic,past
1,3.8,64.8,2,4,2,3.41,month-to-month,fiber,credit_card,plus,current
0,21.4,87.44,1,2,0,2.73,month-to-month,fiber,electronic_check,plus,never
0,12.2,93.43,3,1,2,3.36,two-year,fiber,credit_card,basic,current
0,33.5,34.29,2,1,0,4.42,month-to-month,fiber,bank_transfer,basic,current
0,10.5,84.86,2,3,0,4.09,one-year,dsl,electronic_check,basic,current
0,2.5,86.11,0,5,1,2.8,month-to-month,none,bank_transfer,basic,never
0,6.5,121.02,1,1,0,2.13,one-year,fiber,credit_card,basic,past
0,11.2,76.44,2,2,1,0.09,month-to-month,dsl,electronic_check,basic,never
1,0.8,52.54,3,3,0,1.21,month-to-month,fiber,electronic_check,basic,past
0,0.2,76.34,3,2,0,0.0,month-to-month,dsl,credit_card,premium,past
0,17.2,49.24,2,1,1,5.06,month-to-month,fiber,credit_card,basic,current
1,1.5,71.87,1,1,1,3.17,month-to-month,dsl,electronic_check,basic,never
0,22.1,118.0,3,3,1,4.01,month-to-month,fiber,electronic_check,basic,current
0,9.5,65.88,3,2,1,2.27,month-to-month,fiber,electronic_check,basic,never
0,17.7,32.31,2,3,1,3.5,month-to-month,dsl,electronic_check,plus,past
0,49.8,84.3,4,3,1,0.6,one-year,fiber,electronic_check,basic,past
0,9.2,91.89,2,1,0,1.02,two-year,dsl,bank_transfer,plus,never
0,9.8,77.38,3,2,0,3.73,two-year,fiber,credit_card,basic,never
0,14.1,68.52,3,3,0,2.4,month-to-month,dsl,electronic_check,plus,never
0,3.7,103.09,2,1,0,3.36,two-year,fiber,electronic_check,plus,past
0,1.4,82.83,3,0,1,1.62,month-to-month,dsl,electronic_check,plus,past
0,35.0,20.28,2,1,0,3.38,month-to-month,fiber,electronic_check,plus,never
0,32.1,54.25,1,2,1,3.03,two-year,dsl,credit_card,basic,never
0,9.8,23.2,1,0,0,2.63,one-year,dsl,credit_card,plus,past
1,5.0,66.97,2,3,0,4.45,month-to-month,fiber,electronic_check,basic,current
0,12.5,101.73,1,1,1,1.44,one-year,dsl,electronic_check,basic,current
0,9.6,54.98,4,1,0,0.14,month-to-month,dsl,credit_card,basic,never
0,6.0,88.13,2,4,1,2.09,one-year,dsl,electronic_check,basic,past
0,30.8,24.44,0,2,1,0.49,month-to-month,none,credit_card,premium,past
1,25.4,88.0,3,4,1,3.88,two-year,dsl,electronic_check,basic,never
0,41.4,57.32,3,3,1,0.25,one-year,none,electronic_check,basic,past
0,41.5,81.96,1,2,2,4.31,one-year,fiber,credit_card,plus,current
0,30.3,68.42,3,2,2,0.0,month-to-month,dsl,electronic_check,basic,past
0,9.0,81.44,2,3,1,2.39,two-year,fiber,credit_card,basic,current
0,10.3,68.01,3,1,2,2.87,month-to-month,dsl,credit_card,basic,never
0,6.2,67.89,2,5,1,1.83,one-year,fiber,bank_transfer,basic,past
0,7.0,81.23,3,2,1,1.72,two-year,dsl,electronic_check,basic,current
1,8.9,109.89,2,3,0,2.15,month-to-month,dsl,credit_card,basic,current
0,40.5,50.1,2,2,0,1.0,month-to-month,dsl,bank_transfer,plus,never
0,3.0,53.13,1,2,0,2.29,month-to-month,fiber,bank_transfer,basic,past
0,31.0,58.48,1,1,1,4.04,month-to-month,dsl,bank_transfer,basic,past
1,14.4,74.03,2,3,0,1.49,month-to-month,fiber,electronic_check,basic,past
0,0.9,85.02,2,3,0,0.6,month-to-month,fiber,bank_transfer,basic,never
0,51.2,61.25,4,0,1,2.62,two-year,dsl,electronic_check,plus,never
0,72.0,68.0,1,2,1,1.6,month-to-month,none,electronic_check,basic,never
0,27.8,59.3,1,2,0,2.67,month-to-month,fiber,credit_card,basic,past
1,7.8,67.58,1,5,2,2.62,month-to-month,fiber,bank_transfer,basic,past
0,7.2,57.84,1,2,1,0.51,one-year,none,bank_transfer,plus,current
0,16.2,37.65,1,1,0,2.15,month-to-month,none,electronic_check,basic,never
0,18.1,72.92,1,2,1,3.17,month-to-month,dsl,electronic_check,plus,current
0,14.2,122.75,3,1,0,4.5,month-to-month,fiber,bank_transfer,basic,current
0,5.2,124.18,1,1,0,1.76,month-to-month,fiber,electronic_check,premium,current
0,0.9,73.64,1,1,1,1.35,month-to-month,fiber,electronic_check,plus,past
0,7.7,39.44,2,1,0,2.8,one-year,dsl,electronic_check,basic,past
0,7.6,91.12,2,2,0,2.77,one-year,fiber,electronic_check,basic,never
0,43.9,34.84,3,4,0,0.07,two-year,dsl,electronic_check,basic,never
0,61.1,108.78,2,1,0,1.14,month-to-month,dsl,bank_transfer,plus,never
0,2.3,50.9,2,1,1,2.55,month-to-month,dsl,electronic_check,plus,current
0,4.0,52.69,1,4,0,1.76,month-to-month,fiber,bank_transfer,plus,past
0,19.2,12.69,2,3,1,2.22,two-year,dsl,electronic_check,basic,never
0,16.4,44.85,3,5,0,3.23,one-year,dsl,bank_transfer,basic,past
1,12.7,81.97,1,4,1,2.73,month-to-month,none,electronic_check,basic,past
0,14.6,88.5,0,2,0,1.83,month-to-month,none,electronic_check,basic,past
0,18.4,46.59,1,0,0,4.46,month-to-month,fiber,electronic_check,premium,never
0,4.4,58.48,2,2,0,3.18,month-to-month,fiber,credit_card,plus,current
0,3.9,67.03,1,1,0,0.51,one-year,none,electronic_check,premium,past
0,34.6,21.46,1,2,0,5.0,month-to-month,fiber,electronic_check,plus,past
0,13.9,93.14,1,2,0,1.66,one-year,fiber,credit_card,basic,never
0,3.4,77.73,2,1,1,0.57,month-to-month,dsl,bank_transfer,premium,past
0,9.8,105.52,3,1,0,2.96,one-year,fiber,electronic_check,basic,past
0,24.7,33.41,1,2,0,3.23,two-year,dsl,bank_transfer,basic,past
0,2.5,68.51,3,2,0,1.7,two-year,dsl,electronic_check,basic,past
0,34.1,66.63,1,1,0,3.56,month-to-month,fiber,electronic_check,plus,current
0,2.0,100.54,3,3,1,2.67,two-year,fiber,electronic_check,basic,current
1,6.1,62.54,1,1,0,2.65,month-to-month,fiber,electronic_check,basic,current
0,1.0,39.1,1,2,1,2.64,one-year,fiber,bank_transfer,plus,past
1,49.7,85.59,1,2,2,2.88,month-to-month,fiber,credit_card,basic,never
0,29.7,72.84,1,1,1,2.91,two-year,fiber,credit_card,basic,current
0,34.1,97.95,1,2,0,2.39,one-year,dsl,bank_transfer,plus,never
0,25.7,69.29,2,3,2,1.56,one-year,dsl,credit_card,basic,past
0,1.6,42.62,1,1,1,0.99,month-to-month,fiber,electronic_check,plus,past
0,45.6,64.69,2,3,0,1.26,month-to-month,fiber,bank_transfer,basic,never
0,18.4,68.3,1,1,0,4.17,month-to-month,none,electronic_check,basic,current
0,1.6,74.59,2,3,0,2.91,one-year,dsl,credit_card,basic,never
0,3.8,47.53,1,1,0,1.98,two-year,fiber,electronic_check,basic,never
0,41.8,42.87,1,4,1,2.09,one-year,none,electronic_check,plus,current
0,4.3,42.1,0,0,1,2.41,one-year,none,credit_card,plus,never
0,7.8,25.8,4,0,0,1.95,one-year,fiber,electronic_check,plus,past
0,20.0,77.23,1,1,0,2.1,two-year,fiber,electronic_check,plus,past
1,63.5,66.31,1,2,2,1.22,month-to-month,fiber,bank_transfer,basic,never
0,4.2,37.51,2,3,2,3.36,month-to-month,fiber,electronic_check,premium,never
0,24.9,61.79,2,3,1,1.01,month-to-month,dsl,credit_card,basic,past
0,8.0,82.43,2,3,1,2.71,month-to-month,fiber,electronic_check,basic,never
0,51.4,80.66,2,2,0,2.29,month-to-month,dsl,electronic_check,plus,never
0,2.4,66.42,4,1,0,3.33,month-to-month,fiber,electronic_check,basic,past
0,2.2,43.15,1,1,0,2.79,month-to-month,dsl,credit_card,plus,never
0,28.7,47.99,3,5,1,4.36,month-to-month,fiber,bank_transfer,basic,never
1,8.5,83.06,1,1,1,2.22,month-to-month,dsl,electronic_check,basic,current
0,39.7,84.55,1,1,0,3.44,one-year,fiber,bank_transfer,basic,past
0,36.5,65.44,1,2,1,2.36,month-to-month,none,credit_card,basic,past
0,19.9,79.03,1,2,2,3.32,one-year,fiber,bank_transfer,basic,current
0,6.8,51.63,1,2,2,1.02,one-year,dsl,electronic_check,plus,past
1,6.9,88.74,3,4,0,2.87,one-year,fiber,electronic_check,basic,current
0,29.9,82.97,4,2,0,4.22,one-year,fiber,credit_card,plus,past
0,18.2,62.93,2,3,0,3.06,month-to-month,fiber,bank_transfer,basic,current
0,40.3,65.21,2,3,1,2.21,two-year,none,credit_card,basic,current
0,6.0,63.77,4,0,0,4.25,month-to-month,fiber,electronic_check,plus,never
0,45.5,84.75,1,1,1,4.66,month-to-month,fiber,bank_transfer,basic,past
0,51.4,60.7,2,2,1,2.33,one-year,fiber,electronic_check,basic,never
0,9.5,31.47,2,3,1,0.6,two-year,fiber,bank_transfer,basic,current
0,16.9,77.05,1,2,1,0.94,month-to-month,fiber,bank_transfer,basic,past
0,18.6,41.05,1,2,1,4.61,one-year,fiber,credit_card,basic,current
0,24.0,37.58,2,2,0,2.42,two-year,dsl,electronic_check,basic,past
0,11.3,36.98,1,3,0,2.58,month-to-month,dsl,electronic_check,premium,never
0,34.4,74.54,1,2,1,3.02,month-to-month,fiber,credit_card,basic,never
0,41.1,64.28,2,1,1,3.23,two-year,fiber,electronic_check,basic,never
0,16.6,93.74,2,3,1,1.12,two-year,fiber,electronic_check,basic,never
0,26.9,89.28,2,2,1,2.22,month-to-month,fiber,electronic_check,plus,past
0,14.7,91.78,3,3,0,0.69,month-to-month,dsl,electronic_check,basic,never
1,41.4,77.87,2,3,1,0.94,month-to-month,fiber,electronic_check,plus,current
0,5.3,44.24,1,3,0,0.8,month-to-month,fiber,credit_card,basic,past
0,1.2,51.99,2,1,0,2.5,one-year,fiber,electronic_check,plus,never
0,9.7,60.82,3,1,1,2.32,month-to-month,fiber,electronic_check,basic,never
0,2.0,80.14,3,1,0,3.47,month-to-month,dsl,bank_transfer,basic,current
0,34.8,34.41,2,2,1,3.11,one-year,fiber,electronic_check,basic,past
0,22.9,106.61,2,2,1,2.48,two-year,fiber,credit_card,basic,current
0,5.5,49.75,2,1,1,0.62,month-to-month,dsl,bank_transfer,plus,past
1,14.2,51.05,1,3,1,3.33,month-to-month,dsl,credit_card,basic,never
1,1.2,101.57,2,0,0,2.37,month-to-month,none,electronic_check,plus,never
0,13.1,60.17,2,3,1,0.73,month-to-month,fiber,electronic_check,premium,past
0,32.7,97.21,2,1,0,2.2,one-year,fiber,electronic_check,basic,past
1,19.5,75.82,4,3,0,2.45,month-to-month,dsl,bank_transfer,plus,past
0,18.1,79.4,2,1,2,2.9,two-year,dsl,electronic_check,premium,past
0,3.4,70.72,1,1,1,0.29,two-year,none,credit_card,basic,never
0,71.0,40.81,4,4,0,3.04,month-to-month,fiber,bank_transfer,basic,never
0,22.3,21.18,2,2,0,0.15,month-to-month,dsl,credit_card,basic,past
0,8.1,59.77,1,2,0,2.82,month-to-month,fiber,credit_card,basic,current
0,2.0,92.97,3,1,1,3.94,two-year,dsl,electronic_check,premium,never
0,9.7,82.14,2,1,0,2.99,month-to-month,dsl,credit_card,plus,never
0,17.6,60.94,1,1,1,1.94,month-to-month,fiber,credit_card,basic,never
0,31.1,83.58,2,3,0,3.86,one-year,dsl,electronic_check,basic,past
0,5.7,49.77,0,2,0,3.82,two-year,none,electronic_check,premium,past
0,9.3,92.95,2,1,1,0.15,month-to-month,dsl,electronic_check,basic,past
0,18.7,104.43,2,2,1,1.28,month-to-month,dsl,electronic_check,basic,never
0,12.4,106.97,2,1,0,3.52,one-year,dsl,electronic_check,basic,past
0,8.7,78.32,2,0,1,2.18,one-year,fiber,credit_card,plus,never
0,15.6,85.21,3,2,4,0.6,month-to-month,fiber,electronic_check,plus,current
1,5.1,34.78,1,4,1,1.69,month-to-month,fiber,electronic_check,basic,past
0,10.7,125.63,2,5,0,4.4,two-year,dsl,credit_card,basic,never
0,1.5,142.48,2,3,1,0.48,two-year,dsl,electronic_check,basic,past
0,11.5,51.95,4,6,0,2.76,month-to-month,dsl,credit_card,basic,past
0,8.7,67.1,3,1,0,3.45,one-year,fiber,bank_transfer,plus,past
0,10.5,88.15,2,3,0,3.39,one-year,fiber,credit_card,basic,never
0,16.4,59.8,3,2,1,1.91,month-to-month,dsl,bank_transfer,premium,never
0,13.5,47.54,3,4,1,2.57,month-to-month,dsl,bank_transfer,basic,past
0,30.3,93.73,2,4,1,2.6,one-year,dsl,credit_card,basic,current
0,58.6,55.46,2,2,0,3.83,one-year,fiber,electronic_check,basic,never
0,3.7,85.72,0,0,1,0.0,one-year,none,bank_transfer,plus,past
1,1.5,25.02,1,3,0,0.85,one-year,fiber,credit_card,basic,past
0,4.3,80.71,2,2,1,0.6,month-to-month,fiber,electronic_check,plus,past
0,13.3,90.47,2,4,0,2.77,month-to-month,fiber,bank_transfer,plus,current
0,10.6,10.0,2,2,0,2.54,month-to-month,fiber,bank_transfer,basic,current
0,6.2,75.19,0,3,0,3.05,month-to-month,none,electronic_check,plus,never
0,72.0,54.43,2,1,1,4.38,one-year,fiber,credit_card,plus,never
0,5.3,71.59,3,1,0,0.63,one-year,fiber,bank_transfer,premium,past
0,8.5,89.04,2,2,0,4.23,month-to-month,fiber,credit_card,basic,current
0,11.8,44.87,1,2,0,3.19,one-year,dsl,credit_card,basic,past
0,0.3,56.67,1,3,1,3.36,month-to-month,fiber,bank_transfer,plus,never
0,19.7,32.35,1,3,1,3.19,one-year,none,electronic_check,basic,past
0,30.2,30.58,2,3,0,1.85,month-to-month,none,electronic_check,basic,never
0,2.4,32.52,2,4,1,2.76,month-to-month,fiber,bank_transfer,basic,current
0,15.0,103.2,1,1,1,2.25,one-year,dsl,bank_transfer,plus,current
1,19.3,86.37,2,4,1,4.03,month-to-month,dsl,electronic_check,basic,past
0,3.5,47.83,1,3,0,3.46,month-to-month,none,bank_transfer,basic,never
0,37.1,82.3,3,1,0,3.85,month-to-month,fiber,electronic_check,plus,never
0,20.5,61.28,4,5,1,1.99,two-year,fiber,bank_transfer,basic,current
0,3.6,81.98,2,1,0,1.21,month-to-month,fiber,electronic_check,basic,never
0,2.0,79.77,3,4,1,4.46,month-to-month,fiber,bank_transfer,basic,past
0,7.0,76.54,4,1,1,1.09,month-to-month,dsl,electronic_check,premium,never
0,20.5,46.49,2,4,0,4.69,month-to-month,fiber,bank_transfer,plus,past
0,13.3,51.5,2,3,1,1.22,month-to-month,dsl,bank_transfer,basic,past
0,40.5,93.2,2,5,0,2.0,two-year,dsl,electronic_check,basic,never
1,8.6,101.06,3,1,0,1.83,month-to-month,dsl,electronic_check,plus,never
0,20.5,64.03,3,2,0,3.13,two-year,dsl,electronic_check,basic,never
0,27.7,31.25,2,1,2,2.31,month-to-month,fiber,credit_card,premium,past
1,35.9,88.43,2,4,0,5.29,month-to-month,fiber,electronic_check,basic,past
0,0.0,74.03,1,3,1,1.78,month-to-month,dsl,bank_transfer,basic,current
0,17.8,120.34,2,2,3,2.75,month-to-month,dsl,credit_card,basic,past
1,31.0,92.49,1,1,1,3.15,month-to-month,none,credit_card,basic,never
0,0.4,22.75,2,1,1,4.03,one-year,fiber,electronic_check,basic,current
0,6.1,79.94,3,0,2,2.64,month-to-month,none,bank_transfer,premium,never
0,21.1,10.0,3,3,0,3.08,two-year,fiber,bank_transfer,basic,never
0,11.1,63.98,1,3,1,1.75,month-to-month,fiber,bank_transfer,basic,past
1,2.8,58.49,1,0,3,4.18,month-to-month,fiber,bank_transfer,plus,past
0,7.8,57.89,2,2,1,2.7,month-to-month,fiber,bank_transfer,basic,never
0,9.7,112.96,1,2,1,1.11,one-year,none,bank_transfer,plus,current
0,30.6,89.5,1,1,0,2.61,month-to-month,fiber,electronic_check,plus,never
1,8.0,74.48,1,0,2,3.74,month-to-month,dsl,electronic_check,premium,never
1,11.7,10.0,2,0,1,4.48,two-year,fiber,electronic_check,plus,never
0,18.0,91.21,2,1,0,3.04,one-year,fiber,electronic_check,basic,past
0,12.5,30.24,2,2,1,2.29,two-year,fiber,credit_card,plus,never
0,22.5,44.64,1,2,0,2.98,month-to-month,fiber,electronic_check,basic,never
1,0.6,127.96,2,6,0,3.12,month-to-month,fiber,electronic_check,basic,past
0,11.2,68.42,2,1,1,0.98,month-to-month,none,electronic_check,plus,never
0,27.9,92.59,3,2,0,1.04,month-to-month,dsl,electronic_check,premium,past
0,2.5,66.46,1,1,1,2.91,two-year,fiber,bank_transfer,plus,never
0,14.1,65.17,1,1,1,2.98,one-year,none,electronic_check,plus,never
0,12.8,90.79,3,3,0,0.51,one-year,dsl,bank_transfer,basic,never
0,17.0,50.19,2,4,2,0.05,month-to-month,dsl,electronic_check,basic,past
1,10.1,74.0,2,0,0,1.85,month-to-month,fiber,electronic_check,plus,never
0,12.6,75.69,2,1,0,2.78,month-to-month,fiber,credit_card,premium,never
0,16.4,47.29,2,1,0,2.66,month-to-month,fiber,electronic_check,plus,never
0,28.0,67.77,1,2,0,3.39,month-to-month,fiber,bank_transfer,basic,past
1,40.1,95.67,3,3,0,2.76,month-to-month,dsl,electronic_check,basic,past
0,19.0,31.59,1,2,2,0.35,month-to-month,none,bank_transfer,premium,never
0,16.6,66.36,0,5,0,1.95,two-year,none,electronic_check,basic,never
0,24.3,85.25,1,1,1,2.43,two-year,fiber,credit_card,plus,past
0,43.8,64.95,2,4,1,2.36,one-year,dsl,electronic_check,basic,never
0,72.0,80.18,2,4,0,0.14,month-to-month,dsl,electronic_check,plus,past
0,2.0,54.03,2,2,1,4.05,one-year,fiber,electronic_check,basic,past
1,40.0,78.9,3,5,0,0.91,month-to-month,fiber,electronic_check,plus,current
0,6.4,66.83,3,2,2,1.8,month-to-month,dsl,bank_transfer,basic,past
0,14.8,65.4,2,1,0,4.41,two-year,fiber,bank_transfer,basic,past
1,51.2,93.02,1,2,0,2.6,month-to-month,fiber,electronic_check,basic,current
0,4.7,68.28,3,1,0,2.82,one-year,fiber,credit_card,basic,never
1,18.3,122.4,1,3,0,2.06,one-year,fiber,electronic_check,basic,past
1,13.2,83.5,3,2,0,1.54,month-to-month,fiber,electronic_check,plus,never
0,19.8,24.71,2,4,0,3.22,month-to-month,dsl,credit_card,basic,past
0,5.1,50.49,2,1,0,4.94,one-year,fiber,electronic_check,basic,past
1,53.8,56.36,1,1,0,1.01,month-to-month,none,electronic_check,basic,never
0,1.5,60.47,2,3,3,0.7,month-to-month,dsl,bank_transfer,plus,past
0,4.8,72.28,2,2,0,2.74,one-year,fiber,bank_transfer,basic,past
1,50.4,81.32,4,1,0,4.53,one-year,fiber,bank_transfer,basic,never
0,8.9,87.04,3,3,1,2.02,one-year,fiber,electronic_check,basic,past
0,1.1,42.79,1,2,1,2.73,month-to-month,none,bank_transfer,basic,never
0,29.4,94.83,3,2,0,3.51,month-to-month,fiber,electronic_check,basic,past
1,14.6,109.63,1,1,0,0.98,month-to-month,dsl,bank_transfer,plus,past
0,40.9,67.26,3,2,2,1.85,two-year,fiber,bank_transfer,plus,past
1,70.4,129.16,1,2,1,1.31,month-to-month,dsl,electronic_check,basic,never
0,33.5,88.15,2,4,1,0.52,one-year,dsl,electronic_check,basic,past
0,50.6,34.48,3,2,0,4.5,month-to-month,fiber,credit_card,basic,never
0,11.0,106.12,3,1,1,5.12,one-year,fiber,electronic_check,plus,current
0,5.5,65.5,4,2,1,2.06,two-year,dsl,electronic_check,basic,never
0,16.6,21.67,1,0,0,0.0,two-year,none,credit_card,premium,past
0,7.0,59.56,2,1,1,1.0,month-to-month,fiber,electronic_check,basic,never
0,2.5,74.87,1,3,0,3.23,month-to-month,none,bank_transfer,basic,never
1,2.4,69.53,1,2,0,2.69,month-to-month,none,bank_transfer,basic,never
0,3.1,90.22,3,4,1,3.34,month-to-month,fiber,electronic_check,basic,past
0,6.6,68.85,4,2,2,1.01,month-to-month,fiber,electronic_check,basic,never
0,24.1,18.67,3,3,0,2.52,month-to-month,fiber,credit_card,basic,never
0,14.6,31.1,0,1,0,3.07,two-year,none,credit_card,plus,never
0,1.3,108.59,1,1,0,2.32,one-year,fiber,bank_transfer,basic,current
0,13.7,69.93,2,0,1,3.69,month-to-month,dsl,credit_card,premium,current
1,33.5,60.19,1,3,1,1.47,month-to-month,none,credit_card,basic,past
1,17.0,127.54,1,2,1,1.07,month-to-month,dsl,bank_transfer,basic,never
0,7.1,74.01,2,1,1,3.3,month-to-month,fiber,bank_transfer,plus,never
0,15.9,113.8,2,1,0,1.89,one-year,dsl,credit_card,plus,current
0,1.0,70.06,2,0,1,3.47,month-to-month,fiber,electronic_check,plus,current
0,16.6,36.62,4,3,3,3.2,month-to-month,fiber,credit_card,basic,past
0,35.9,79.18,1,2,1,3.77,one-year,dsl,electronic_check,basic,never
0,14.8,93.14,1,3,2,2.72,one-year,dsl,credit_card,basic,past
0,0.7,92.17,2,1,0,0.19,month-to-month,dsl,bank_transfer,premium,past
0,43.0,45.2,0,5,1,4.18,month-to-month,none,bank_transfer,basic,never
0,4.9,110.88,2,2,0,0.51,one-year,dsl,electronic_check,plus,never
0,1.1,76.18,1,3,0,1.9,month-to-month,fiber,bank_transfer,basic,never
1,11.1,81.16,1,5,1,1.4,month-to-month,dsl,electronic_check,basic,current
0,9.3,52.41,2,2,1,2.6,month-to-month,dsl,credit_card,plus,never
0,42.3,82.66,3,3,0,1.88,one-year,dsl,electronic_check,basic,never
1,7.1,75.46,2,0,0,0.77,month-to-month,fiber,electronic_check,plus,never
0,11.7,34.2,3,3,0,3.11,two-year,fiber,credit_card,basic,current
0,4.3,71.46,1,0,0,1.75,one-year,none,credit_card,premium,past
0,11.4,119.6,3,1,2,4.11,month-to-month,fiber,electronic_check,premium,never
0,33.8,59.68,2,1,1,2.14,month-to-month,fiber,electronic_check,plus,never
0,7.6,30.73,3,2,2,1.81,one-year,dsl,electronic_check,basic,never
1,50.4,60.22,1,2,1,2.66,month-to-month,dsl,credit_card,basic,never
0,47.2,78.44,1,1,0,2.64,month-to-month,none,electronic_check,basic,never
0,72.0,84.08,1,0,0,2.1,one-year,none,bank_transfer,plus,past
0,18.6,76.71,2,3,0,1.38,month-to-month,fiber,electronic_check,basic,past
0,13.9,40.25,1,2,0,3.66,one-year,fiber,bank_transfer,plus,past
0,4.9,104.05,1,1,0,1.9,month-to-month,none,bank_transfer,plus,past
0,2.0,60.11,2,2,2,1.05,two-year,fiber,electronic_check,plus,past
0,33.9,79.2,1,2,2,1.41,month-to-month,dsl,credit_card,basic,never
0,6.0,74.53,2,1,0,2.85,month-to-month,dsl,electronic_check,premium,past
0,51.5,66.05,2,3,2,3.87,two-year,fiber,credit_card,basic,never
0,11.2,83.43,1,2,0,3.6,two-year,fiber,electronic_check,basic,past
0,19.8,91.68,1,3,0,1.53,month-to-month,fiber,electronic_check,basic,never
0,2.9,84.33,2,6,0,3.02,month-to-month,fiber,electronic_check,basic,never
0,3.3,60.58,1,0,0,0.52,two-year,dsl,credit_card,plus,past
1,32.1,83.98,3,1,0,3.78,month-to-month,fiber,electronic_check,basic,current
0,48.9,68.24,4,0,1,3.1,month-to-month,fiber,bank_transfer,premium,never
1,7.8,40.96,1,2,2,1.99,one-year,fiber,credit_card,basic,past
0,21.3,79.82,1,2,3,2.26,one-year,dsl,electronic_check,basic,past
0,8.3,68.53,3,3,0,2.21,month-to-month,fiber,credit_card,basic,current
0,49.1,72.33,1,4,1,2.47,two-year,dsl,bank_transfer,basic,current
1,31.6,63.41,3,7,0,2.66,two-year,fiber,credit_card,basic,current
1,4.4,54.14,3,2,0,4.16,month-to-month,fiber,electronic_check,plus,past
0,4.2,67.83,2,1,1,3.59,two-year,fiber,credit_card,basic,past
0,9.3,72.91,3,1,0,3.31,month-to-month,fiber,electronic_check,basic,past
0,14.6,72.75,0,1,0,2.04,month-to-month,none,electronic_check,basic,past
1,12.6,91.71,2,3,0,2.4,month-to-month,dsl,electronic_check,basic,current
1,5.0,76.04,2,2,1,1.34,month-to-month,fiber,bank_transfer,plus,never
0,17.1,64.88,1,0,1,0.0,two-year,dsl,electronic_check,plus,never
0,7.4,74.27,3,2,2,2.98,two-year,fiber,electronic_check,plus,past
1,8.2,76.52,1,5,3,1.15,month-to-month,fiber,credit_card,basic,current
0,9.3,17.2,2,3,0,2.32,month-to-month,fiber,electronic_check,plus,past
0,1.3,43.8,2,4,1,2.49,month-to-month,none,electronic_check,plus,past
0,11.8,83.35,2,6,0,2.62,month-to-month,dsl,electronic_check,plus,current
1,4.4,82.72,2,2,1,3.77,month-to-month,fiber,bank_transfer,basic,never
0,3.1,40.23,2,0,1,2.81,month-to-month,dsl,bank_transfer,plus,current
0,32.8,61.26,2,2,1,2.38,two-year,fiber,electronic_check,basic,current
0,72.0,80.26,0,2,2,4.25,two-year,none,credit_card,basic,never
0,22.6,48.58,0,3,0,1.62,month-to-month,none,electronic_check,plus,past
0,13.6,87.06,1,5,0,2.55,month-to-month,none,electronic_check,basic,never
0,35.2,59.72,2,3,2,2.29,month-to-month,dsl,bank_transfer,premium,never
0,10.2,67.11,3,2,0,0.88,one-year,fiber,electronic_check,plus,never
1,72.0,95.6,2,2,1,1.37,month-to-month,fiber,credit_card,basic,never
0,31.9,87.76,1,3,1,1.58,one-year,dsl,credit_card,basic,past
0,1.0,62.08,1,3,0,3.54,month-to-month,fiber,credit_card,basic,never
0,9.7,92.63,3,1,1,1.59,month-to-month,dsl,bank_transfer,plus,never
1,5.8,65.74,2,3,0,3.19,month-to-month,fiber,electronic_check,basic,past
0,16.0,56.13,2,4,0,1.88,two-year,dsl,electronic_check,basic,past
0,72.0,103.53,2,0,0,4.2,month-to-month,fiber,electronic_check,plus,past
0,3.4,37.01,3,3,1,4.33,month-to-month,dsl,electronic_check,basic,past
0,3.9,59.22,1,1,0,2.85,one-year,fiber,credit_card,premium,never
0,11.4,56.3,1,1,0,1.48,one-year,none,credit_card,plus,never
0,45.5,70.93,2,4,0,0.85,month-to-month,dsl,electronic_check,plus,current
0,21.7,74.07,2,1,0,3.81,two-year,fiber,credit_card,basic,current
0,33.6,80.56,2,5,0,2.01,month-to-month,fiber,electronic_check,basic,past
0,7.8,60.91,3,2,0,2.01,two-year,fiber,electronic_check,plus,current
0,41.2,44.89,1,6,0,1.85,month-to-month,dsl,electronic_check,basic,past
0,37.9,104.69,3,2,0,2.57,month-to-month,fiber,electronic_check,plus,current
0,10.7,67.5,3,0,0,3.12,month-to-month,fiber,electronic_check,plus,never
0,4.9,35.25,1,3,1,3.37,one-year,fiber,credit_card,plus,never
0,33.8,84.98,3,2,0,3.2,two-year,fiber,bank_transfer,basic,past
0,37.2,82.01,1,1,1,3.78,month-to-month,dsl,electronic_check,basic,never
0,0.5,71.34,1,2,1,2.72,two-year,dsl,electronic_check,basic,past
1,4.3,129.92,2,2,2,2.76,one-year,fiber,electronic_check,basic,never
0,2.5,62.88,2,1,2,1.85,month-to-month,dsl,electronic_check,plus,past
0,59.2,84.23,2,3,2,2.58,month-to-month,dsl,credit_card,basic,past
0,17.8,60.96,2,3,1,3.21,month-to-month,fiber,credit_card,basic,past
0,7.9,80.96,3,3,0,3.03,month-to-month,fiber,electronic_check,basic,current
1,72.0,28.81,1,4,1,1.65,month-to-month,fiber,credit_card,basic,never
0,24.0,62.91,3,0,1,1.73,month-to-month,fiber,bank_transfer,plus,never
1,25.6,75.38,1,1,1,1.38,month-to-month,none,bank_transfer,plus,never
0,1.2,51.94,2,3,0,1.11,two-year,fiber,electronic_check,plus,current
0,4.2,57.72,2,1,1,0.0,one-year,dsl,electronic_check,plus,never
0,5.5,51.63,1,2,0,2.91,month-to-month,fiber,electronic_check,basic,past
0,20.9,85.45,3,2,1,2.06,month-to-month,dsl,credit_card,basic,past
0,0.6,46.6,3,4,1,2.46,one-year,dsl,electronic_check,basic,past
0,50.4,74.55,2,5,1,4.54,two-year,dsl,electronic_check,basic,current
0,38.8,32.28,1,3,1,1.62,month-to-month,none,electronic_check,basic,current
0,2.0,62.57,3,4,0,0.0,month-to-month,dsl,bank_transfer,basic,never
0,14.7,131.48,1,2,1,2.58,one-year,dsl,electronic_check,basic,never
1,4.3,73.42,1,3,1,2.31,month-to-month,fiber,electronic_check,plus,past
1,17.7,55.49,2,2,1,1.27,month-to-month,dsl,electronic_check,basic,never
0,61.6,62.74,1,0,1,2.04,one-year,none,electronic_check,plus,current
0,2.3,88.02,2,1,0,1.59,month-to-month,dsl,credit_card,plus,never
0,23.7,84.23,2,1,0,1.93,month-to-month,fiber,electronic_check,basic,never
0,26.2,63.87,2,3,2,2.71,month-to-month,fiber,credit_card,basic,current
0,0.2,56.14,3,1,0,2.69,month-to-month,fiber,credit_card,plus,never
0,68.4,112.53,2,1,1,1.72,two-year,dsl,credit_card,plus,past
0,13.1,69.15,1,2,1,3.89,month-to-month,fiber,electronic_check,basic,never
0,14.7,34.17,3,0,2,3.02,one-year,fiber,bank_transfer,plus,current
0,14.3,64.22,2,3,0,2.25,two-year,fiber,electronic_check,basic,past
1,66.2,70.83,2,1,1,2.77,month-to-month,fiber,credit_card,plus,past
0,4.6,68.09,2,1,1,1.85,one-year,fiber,bank_transfer,plus,past
0,5.8,79.94,2,3,1,2.89,month-to-month,fiber,credit_card,basic,past
0,18.5,69.81,1,1,1,2.34,month-to-month,fiber,credit_card,basic,never
1,5.2,30.44,2,2,0,1.61,month-to-month,fiber,electronic_check,basic,past
0,15.3,42.09,2,3,1,4.78,month-to-month,fiber,credit_card,basic,past
0,28.6,54.7,3,1,2,1.02,one-year,dsl,bank_transfer,basic,current
0,12.3,54.72,3,3,0,5.84,two-year,fiber,electronic_check,basic,past
0,0.2,68.82,3,1,0,2.36,month-to-month,fiber,bank_transfer,basic,never
0,20.4,63.22,4,3,1,3.81,month-to-month,fiber,electronic_check,basic,past
0,2.8,73.45,2,3,1,2.41,month-to-month,fiber,electronic_check,basic,past
0,3.4,53.07,3,5,1,3.05,month-to-month,dsl,electronic_check,plus,never
0,10.9,47.96,2,4,0,2.17,month-to-month,fiber,bank_transfer,basic,never
0,43.7,34.2,2,0,0,0.0,month-to-month,dsl,credit_card,plus,never
1,0.2,116.31,3,1,0,4.52,month-to-month,fiber,electronic_check,basic,never
1,6.2,99.69,2,1,0,3.91,month-to-month,fiber,credit_card,premium,past
1,10.5,102.41,2,4,0,4.2,month-to-month,fiber,bank_transfer,basic,never
0,43.0,44.83,1,1,1,1.38,month-to-month,none,electronic_check,basic,never
0,12.5,79.2,2,0,1,1.91,month-to-month,dsl,bank_transfer,plus,never
0,0.2,98.63,2,0,0,1.23,month-to-month,fiber,electronic_check,plus,never
0,13.1,37.97,2,2,1,1.7,one-year,dsl,credit_card,plus,past
0,5.5,80.54,1,3,1,2.51,two-year,none,bank_transfer,basic,never
1,5.6,91.5,1,2,0,2.83,month-to-month,fiber,electronic_check,basic,past
0,0.6,50.4,3,1,0,2.1,month-to-month,dsl,electronic_check,basic,past
0,2.4,39.88,2,1,0,2.57,month-to-month,fiber,electronic_check,plus,past
0,13.0,77.15,2,2,0,3.09,one-year,fiber,credit_card,basic,current
0,23.3,75.83,2,1,0,2.36,month-to-month,fiber,electronic_check,basic,never
0,15.0,91.7,1,3,0,0.0,month-to-month,none,electronic_check,basic,past
0,35.1,82.13,2,7,0,2.25,month-to-month,fiber,electronic_check,basic,past
0,31.5,51.97,2,2,2,3.28,month-to-month,fiber,electronic_check,plus,never
0,13.3,125.28,2,1,0,2.97,two-year,fiber,electronic_check,basic,current
0,23.4,60.86,2,3,1,2.67,two-year,fiber,bank_transfer,plus,current
0,42.2,84.84,1,2,0,0.3,month-to-month,none,electronic_check,basic,never
0,15.3,47.37,2,2,0,0.66,month-to-month,dsl,electronic_check,premium,never
1,8.5,70.62,0,4,0,0.94,month-to-month,none,electronic_check,basic,past
0,0.1,50.51,3,1,1,3.07,two-year,fiber,credit_card,basic,never
0,13.3,61.88,3,0,0,1.46,month-to-month,fiber,bank_transfer,plus,never
0,7.6,92.56,2,5,1,2.36,two-year,fiber,credit_card,basic,never
0,23.3,14.49,4,2,1,1.02,month-to-month,dsl,credit_card,basic,never
0,2.0,79.09,1,3,0,2.09,one-year,fiber,bank_transfer,premium,past
0,30.1,79.72,2,1,0,0.75,month-to-month,dsl,credit_card,premium,past
0,4.7,95.56,2,4,0,3.17,two-year,fiber,bank_transfer,premium,past
0,36.7,55.85,1,3,1,3.44,two-year,none,credit_card,basic,current
0,69.0,64.53,2,2,0,1.8,one-year,fiber,electronic_check,plus,never
0,2.5,37.53,1,4,0,0.75,month-to-month,fiber,electronic_check,basic,never
0,4.7,63.46,2,2,2,1.29,two-year,dsl,electronic_check,basic,current
0,8.1,33.94,1,1,0,3.63,month-to-month,fiber,credit_card,plus,never
0,1.7,27.07,2,4,1,2.71,two-year,fiber,electronic_check,basic,current
1,5.9,66.49,3,2,0,0.76,month-to-month,fiber,electronic_check,premium,past
0,3.2,52.62,2,1,0,2.48,month-to-month,fiber,bank_transfer,plus,never
0,12.9,55.25,2,2,0,3.44,one-year,dsl,credit_card,basic,current
0,35.2,57.62,3,2,0,2.54,one-year,dsl,credit_card,basic,current
1,35.8,38.75,2,1,1,2.32,month-to-month,fiber,electronic_check,basic,past
0,58.8,29.47,2,1,1,1.07,one-year,none,bank_transfer,basic,past
0,54.8,66.98,3,2,1,4.15,month-to-month,fiber,bank_transfer,basic,current
0,13.3,47.59,3,2,1,2.69,month-to-month,fiber,credit_card,basic,past
0,5.9,82.01,2,4,1,1.91,month-to-month,none,bank_transfer,basic,never
0,7.6,33.89,2,3,0,2.42,one-year,dsl,credit_card,basic,past
0,18.4,34.65,1,4,3,4.02,two-year,none,electronic_check,basic,never
0,16.4,71.03,1,3,0,2.38,one-year,none,credit_card,premium,current
1,2.6,64.69,3,2,0,3.27,month-to-month,fiber,bank_transfer,basic,past
0,10.8,10.0,3,7,2,0.12,month-to-month,dsl,bank_transfer,basic,never
0,0.4,47.95,1,3,1,2.27,two-year,fiber,credit_card,plus,never
0,5.5,56.03,2,3,1,0.6,month-to-month,fiber,electronic_check,basic,never
0,7.1,109.7,2,1,0,4.5,two-year,fiber,bank_transfer,basic,current
0,2.9,107.76,0,6,0,1.34,month-to-month,none,electronic_check,plus,past
0,9.2,70.18,1,0,0,0.18,month-to-month,none,bank_transfer,plus,never
0,11.7,53.75,1,1,1,3.08,two-year,fiber,electronic_check,basic,current
0,13.0,61.86,2,1,1,0.68,one-year,fiber,bank_transfer,plus,past
0,37.3,61.7,2,2,0,3.0,two-year,dsl,credit_card,basic,never
0,9.1,41.26,3,5,1,1.76,two-year,dsl,electronic_check,basic,current
0,18.5,68.16,2,2,1,3.16,month-to-month,fiber,credit_card,basic,past
0,9.8,99.28,2,2,0,1.33,month-to-month,dsl,electronic_check,plus,past
0,18.3,58.18,2,2,1,4.69,month-to-month,fiber,bank_transfer,plus,never
0,7.7,87.57,2,4,1,2.07,month-to-month,dsl,electronic_check,basic,never
0,2.7,56.26,1,2,1,3.48,month-to-month,none,electronic_check,basic,current
0,4.5,45.24,2,2,2,2.72,month-to-month,fiber,bank_transfer,basic,never
1,25.4,133.65,2,2,0,1.62,month-to-month,fiber,credit_card,basic,past
0,8.8,110.24,2,3,0,3.17,month-to-month,fiber,electronic_check,basic,current
0,24.2,85.65,1,0,1,2.66,month-to-month,none,bank_transfer,plus,past
0,36.5,62.21,3,3,1,2.1,one-year,dsl,electronic_check,basic,never
0,9.4,97.59,4,0,1,1.41,one-year,fiber,electronic_check,premium,past
0,42.7,102.87,2,1,0,1.73,month-to-month,none,electronic_check,basic,current
1,8.2,98.39,3,2,0,1.97,month-to-month,dsl,bank_transfer,basic,current
1,8.3,75.22,4,1,0,1.75,month-to-month,dsl,electronic_check,basic,never
0,10.5,111.06,3,3,0,3.3,two-year,fiber,bank_transfer,premium,never
0,35.1,97.96,1,1,0,2.59,month-to-month,none,bank_transfer,basic,never
1,4.9,107.21,1,3,0,1.68,month-to-month,dsl,electronic_check,plus,past
0,4.7,64.14,1,0,0,2.29,month-to-month,none,electronic_check,premium,past
0,2.4,82.76,1,5,0,0.0,month-to-month,dsl,electronic_check,basic,current
0,19.1,84.39,2,1,0,2.57,month-to-month,fiber,bank_transfer,plus,past
1,1.7,70.26,1,3,1,1.56,month-to-month,fiber,electronic_check,basic,past
0,40.4,57.71,1,1,0,2.82,two-year,dsl,electronic_check,plus,past
0,52.6,54.49,1,1,0,4.4,one-year,none,credit_card,premium,past
0,50.6,43.17,1,1,1,3.46,month-to-month,dsl,credit_card,basic,past
1,0.0,107.07,3,2,0,5.78,month-to-month,fiber,electronic_check,premium,never
0,0.1,54.28,2,2,1,4.48,two-year,fiber,credit_card,basic,never
0,22.2,63.32,3,3,0,3.34,month-to-month,fiber,electronic_check,basic,current
0,17.0,49.79,3,2,1,0.6,month-to-month,fiber,electronic_check,basic,past
1,11.5,67.63,3,3,0,2.01,month-to-month,fiber,electronic_check,basic,current
1,72.0,102.89,1,4,1,3.86,month-to-month,fiber,credit_card,premium,never
0,8.6,87.11,0,1,0,0.96,month-to-month,none,electronic_check,basic,never
0,0.8,69.73,2,3,0,2.72,two-year,fiber,bank_transfer,basic,current
1,13.1,90.58,3,0,0,1.13,month-to-month,fiber,credit_card,plus,past
0,7.7,45.05,2,1,0,1.59,two-year,fiber,electronic_check,basic,current
0,1.6,59.43,3,2,0,0.84,month-to-month,dsl,credit_card,basic,never
0,5.6,68.24,3,4,1,2.53,two-year,fiber,electronic_check,plus,past
0,7.7,23.5,2,4,1,3.87,one-year,dsl,electronic_check,premium,never
0,17.6,79.78,2,2,1,1.38,one-year,dsl,electronic_check,basic,never
0,15.3,96.03,3,3,0,1.6,month-to-month,dsl,bank_transfer,plus,past
0,24.1,91.91,3,4,2,3.68,two-year,fiber,bank_transfer,plus,current
0,3.9,87.27,2,3,0,2.19,month-to-month,dsl,bank_transfer,basic,past
0,3.3,17.85,1,1,0,2.35,month-to-month,dsl,bank_transfer,basic,never
0,0.9,10.0,3,3,1,1.94,month-to-month,fiber,electronic_check,plus,past
0,40.8,63.4,3,1,0,3.79,month-to-month,fiber,bank_transfer,plus,past
0,10.8,61.13,3,1,2,0.0,one-year,dsl,bank_transfer,basic,never
0,8.1,51.78,2,2,0,6.42,two-year,fiber,electronic_check,basic,never
0,51.9,65.59,2,1,0,3.94,one-year,fiber,electronic_check,plus,never
0,22.8,115.43,2,2,2,0.41,month-to-month,dsl,electronic_check,basic,past
0,4.3,63.33,2,5,1,2.87,month-to-month,dsl,bank_transfer,plus,never
0,6.5,63.34,2,0,0,0.6,one-year,fiber,credit_card,plus,past
0,1.4,70.25,3,4,0,0.7,two-year,dsl,electronic_check,basic,current
0,11.1,69.09,2,4,1,2.91,month-to-month,fiber,electronic_check,basic,never
0,37.3,106.81,1,3,0,2.67,month-to-month,none,electronic_check,basic,current
0,14.9,60.5,2,0,0,0.93,month-to-month,fiber,credit_card,plus,never
0,2.9,31.03,1,2,1,4.73,one-year,none,electronic_check,basic,never
0,8.2,63.11,1,2,1,0.0,two-year,dsl,credit_card,basic,never
0,1.4,55.13,4,1,1,3.32,two-year,dsl,bank_transfer,basic,current
0,49.7,99.03,2,3,0,0.31,two-year,none,electronic_check,basic,past
0,33.5,73.19,2,0,2,1.84,month-to-month,dsl,credit_card,plus,past
0,42.1,47.66,4,1,0,3.21,one-year,fiber,bank_transfer,plus,current
0,7.2,98.68,2,1,1,3.21,month-to-month,fiber,bank_transfer,basic,current
0,57.2,75.84,3,1,0,3.56,two-year,fiber,electronic_check,basic,never
0,12.9,94.2,2,1,2,3.42,month-to-month,fiber,bank_transfer,plus,current
1,41.8,70.72,3,1,1,3.45,month-to-month,fiber,electronic_check,basic,never
0,15.6,63.36,2,2,0,2.46,month-to-month,dsl,electronic_check,basic,current
0,27.3,47.97,2,2,1,3.28,month-to-month,dsl,electronic_check,basic,never
0,65.0,32.51,3,1,0,1.78,month-to-month,dsl,bank_transfer,plus,never
0,10.1,55.64,3,2,0,1.4,two-year,dsl,electronic_check,basic,never
0,11.6,56.76,3,0,0,3.1,two-year,dsl,electronic_check,plus,past
0,13.0,89.57,2,1,0,3.43,one-year,dsl,electronic_check,basic,current
0,14.2,59.76,3,1,1,3.7,month-to-month,fiber,electronic_check,premium,never
0,21.9,81.29,1,3,2,4.68,month-to-month,none,electronic_check,plus,current
1,41.7,88.65,4,1,1,3.81,month-to-month,dsl,credit_card,basic,past
0,23.7,41.63,2,1,0,4.63,month-to-month,fiber,electronic_check,plus,past
0,6.3,65.51,2,5,0,1.42,month-to-month,fiber,credit_card,basic,current
0,10.4,77.73,3,1,0,0.6,month-to-month,fiber,bank_transfer,plus,never
0,0.8,30.28,2,1,2,3.02,one-year,fiber,credit_card,plus,current
0,32.8,100.77,2,2,1,1.29,one-year,dsl,credit_card,basic,past
1,13.1,68.32,1,1,2,3.27,month-to-month,fiber,electronic_check,basic,never
1,36.0,64.68,1,2,0,4.54,one-year,dsl,electronic_check,plus,current
0,19.6,39.02,2,2,1,4.62,month-to-month,fiber,electronic_check,basic,past
0,31.0,51.58,0,1,2,3.15,month-to-month,none,bank_transfer,basic,past
0,3.9,38.11,3,1,0,2.51,month-to-month,dsl,bank_transfer,plus,current
1,7.4,41.27,2,2,1,2.73,one-year,fiber,electronic_check,basic,past
0,3.4,85.92,1,0,1,1.17,month-to-month,none,bank_transfer,plus,never
0,20.8,17.85,2,0,1,1.47,one-year,dsl,electronic_check,premium,never
0,24.0,56.44,4,2,1,3.01,one-year,fiber,electronic_check,basic,current
0,9.6,86.33,2,1,1,2.68,one-year,fiber,electronic_check,basic,never
0,16.3,93.04,2,2,0,2.02,month-to-month,fiber,credit_card,basic,never
0,30.9,48.93,1,4,0,1.17,month-to-month,dsl,bank_transfer,basic,past
0,11.0,72.72,2,4,0,3.51,month-to-month,fiber,bank_transfer,premium,past
0,26.2,68.35,2,3,1,1.01,one-year,fiber,electronic_check,basic,past
0,26.4,59.4,2,5,0,2.55,two-year,fiber,electronic_check,premium,past
1,4.6,124.32,3,2,1,0.98,month-to-month,fiber,electronic_check,basic,past
0,25.8,83.43,2,0,1,1.07,one-year,fiber,electronic_check,premium,current
0,40.4,77.26,3,2,0,0.22,month-to-month,dsl,credit_card,basic,never
0,2.0,46.27,3,6,1,2.67,one-year,fiber,bank_transfer,basic,current
0,41.6,70.02,1,1,0,0.68,one-year,dsl,bank_transfer,basic,past
0,13.5,56.1,2,1,0,2.09,two-year,dsl,credit_card,plus,past
0,11.5,67.04,2,1,0,0.62,month-to-month,dsl,credit_card,plus,current
0,6.7,55.39,1,1,1,1.22,two-year,fiber,bank_transfer,basic,past
0,25.2,54.08,2,2,1,3.06,two-year,dsl,credit_card,plus,never
0,8.8,95.88,4,3,0,2.0,month-to-month,fiber,bank_transfer,basic,current
0,6.5,84.48,3,3,0,2.02,month-to-month,fiber,electronic_check,plus,never
0,15.3,52.84,3,1,4,1.98,one-year,fiber,electronic_check,basic,past
0,24.1,69.75,4,3,1,3.76,month-to-month,dsl,electronic_check,plus,never
0,32.4,27.22,1,1,0,3.03,two-year,none,electronic_check,plus,past
0,39.1,52.41,3,1,1,0.62,month-to-month,fiber,electronic_check,basic,never
0,1.2,47.31,2,1,1,2.35,month-to-month,dsl,credit_card,basic,past
0,1.5,57.35,2,1,2,2.28,month-to-month,dsl,bank_transfer,basic,past
0,10.0,82.95,1,2,0,3.52,month-to-month,fiber,electronic_check,basic,never
0,0.8,67.04,2,1,1,0.69,month-to-month,none,bank_transfer,plus,never
0,10.2,24.62,2,2,0,1.87,month-to-month,dsl,bank_transfer,basic,past
0,8.1,101.24,2,2,1,4.7,month-to-month,fiber,bank_transfer,plus,never
0,7.5,62.1,1,2,1,2.52,month-to-month,fiber,bank_transfer,basic,current
1,6.4,86.65,1,2,1,3.72,month-to-month,dsl,credit_card,basic,never
0,5.7,58.34,3,1,0,2.55,month-to-month,fiber,credit_card,basic,never
0,2.9,50.29,3,1,1,2.01,month-to-month,dsl,credit_card,plus,never
0,44.3,96.36,1,3,2,2.26,month-to-month,fiber,electronic_check,basic,past
0,7.5,83.17,0,1,1,3.35,month-to-month,none,electronic_check,plus,never
0,4.9,76.26,2,5,0,2.37,two-year,dsl,electronic_check,plus,past
0,10.0,42.98,1,1,1,3.85,month-to-month,fiber,credit_card,basic,past
0,1.3,46.08,0,1,2,3.57,one-year,none,credit_card,basic,past
1,18.7,10.0,1,7,1,1.93,month-to-month,fiber,electronic_check,basic,current
0,21.2,78.22,1,2,0,2.66,two-year,none,electronic_check,plus,past
0,3.7,56.97,2,1,0,1.29,month-to-month,none,bank_transfer,premium,past
1,16.9,74.58,3,1,1,2.11,month-to-month,dsl,electronic_check,premium,never
1,2.3,32.22,4,3,0,2.35,month-to-month,fiber,electronic_check,basic,never
1,19.3,41.13,4,2,1,1.55,month-to-month,fiber,electronic_check,basic,never
0,11.4,85.59,2,2,0,3.07,two-year,dsl,bank_transfer,basic,current
0,7.6,70.99,2,1,0,3.13,two-year,dsl,electronic_check,basic,past
0,0.7,35.68,2,1,1,2.24,month-to-month,fiber,credit_card,basic,never
0,13.2,93.47,2,3,0,0.84,month-to-month,dsl,electronic_check,basic,never
1,1.7,97.59,2,2,1,0.6,one-year,fiber,electronic_check,plus,past
0,26.7,89.82,3,2,0,1.61,two-year,none,bank_transfer,basic,past
0,2.8,68.86,2,2,0,3.12,two-year,fiber,bank_transfer,basic,current
0,5.9,103.03,1,1,0,3.59,two-year,fiber,electronic_check,premium,past
0,8.3,67.03,3,4,1,3.83,month-to-month,fiber,electronic_check,basic,current
0,1.4,65.33,4,0,1,1.32,month-to-month,dsl,electronic_check,plus,never
0,20.7,84.19,2,1,0,3.13,month-to-month,fiber,bank_transfer,premium,past
0,63.8,64.14,2,0,0,2.91,month-to-month,dsl,electronic_check,plus,past
0,6.8,71.98,3,3,1,3.44,one-year,dsl,bank_transfer,basic,past
0,8.3,72.7,2,2,0,3.7,one-year,dsl,credit_card,basic,past
1,37.2,63.76,2,2,1,2.64,month-to-month,dsl,electronic_check,basic,never
1,17.2,70.25,2,4,1,1.02,one-year,fiber,bank_transfer,basic,past
0,0.9,48.33,2,3,1,1.49,one-year,fiber,bank_transfer,basic,current
1,21.5,83.18,2,3,1,2.28,month-to-month,fiber,bank_transfer,basic,current
1,44.8,104.14,3,7,0,0.6,month-to-month,fiber,electronic_check,basic,past
1,35.9,92.48,1,3,1,1.09,one-year,fiber,credit_card,basic,past
0,32.5,83.97,3,2,1,1.12,month-to-month,dsl,bank_transfer,plus,past
1,5.4,52.75,3,0,0,2.0,one-year,fiber,credit_card,plus,never
0,0.8,43.23,0,3,0,2.2,two-year,none,credit_card,basic,current
0,5.2,86.68,3,2,0,3.57,two-year,fiber,bank_transfer,basic,never
0,36.1,94.59,2,2,0,0.34,month-to-month,dsl,electronic_check,basic,past
0,11.4,26.06,3,2,0,1.97,month-to-month,dsl,electronic_check,basic,never
0,17.6,71.7,1,5,1,2.44,month-to-month,fiber,electronic_check,plus,never
0,47.1,99.81,1,3,1,3.84,one-year,dsl,credit_card,basic,past
0,10.4,98.47,1,1,0,4.37,two-year,dsl,credit_card,plus,never
1,2.3,69.33,1,4,1,0.0,one-year,none,bank_transfer,basic,past
0,18.0,55.04,2,3,0,2.81,one-year,fiber,electronic_check,basic,past
0,2.4,85.77,2,1,1,1.77,two-year,fiber,electronic_check,premium,past
1,37.2,76.41,2,3,2,1.65,one-year,dsl,electronic_check,premium,past
0,1.6,46.8,2,1,3,2.58,one-year,fiber,bank_transfer,plus,current
0,3.8,35.25,2,2,2,4.84,month-to-month,fiber,bank_transfer,basic,never
0,9.1,85.19,2,3,0,2.37,month-to-month,fiber,bank_transfer,premium,never
0,14.0,57.37,3,3,0,1.11,month-to-month,dsl,bank_transfer,basic,past
0,7.2,69.15,3,2,1,0.6,month-to-month,fiber,bank_transfer,basic,past
0,44.7,25.16,3,2,1,3.22,month-to-month,fiber,electronic_check,basic,current
0,36.4,72.83,1,0,0,2.78,two-year,fiber,electronic_check,premium,never
0,35.3,86.63,3,1,0,1.71,month-to-month,dsl,credit_card,basic,past
0,13.4,83.41,1,0,0,1.89,month-to-month,dsl,electronic_check,plus,current
0,21.1,51.78,2,2,0,3.89,one-year,fiber,bank_transfer,basic,past
0,9.3,74.58,3,3,1,1.63,month-to-month,fiber,credit_card,basic,never
0,3.6,73.07,2,1,0,3.21,month-to-month,dsl,bank_transfer,basic,past
0,9.1,65.35,2,3,0,2.57,month-to-month,fiber,bank_transfer,plus,past
0,10.4,76.12,2,1,0,1.61,month-to-month,fiber,credit_card,basic,past
0,39.8,83.19,3,1,1,4.24,month-to-month,fiber,electronic_check,basic,never
1,2.4,74.39,2,3,1,2.53,month-to-month,dsl,electronic_check,basic,past
0,9.9,54.46,2,0,1,1.42,month-to-month,fiber,credit_card,plus,past
0,15.7,55.35,2,1,1,1.62,month-to-month,dsl,electronic_check,basic,current
0,9.6,97.51,3,2,0,1.82,month-to-month,dsl,bank_transfer,basic,current
0,7.2,86.59,4,1,0,3.77,one-year,fiber,credit_card,basic,never
0,17.1,50.24,2,1,1,1.73,two-year,fiber,bank_transfer,plus,never
0,4.7,42.8,2,4,1,0.6,month-to-month,fiber,credit_card,plus,past
1,5.6,113.43,2,2,2,1.03,month-to-month,dsl,credit_card,basic,past
0,0.8,15.08,2,3,1,2.73,two-year,dsl,electronic_check,basic,past
0,10.6,54.49,2,2,1,1.0,month-to-month,dsl,electronic_check,basic,never
0,2.8,47.83,4,0,2,1.11,one-year,dsl,credit_card,plus,current
0,4.1,21.68,4,2,0,2.06,month-to-month,fiber,credit_card,plus,never
1,2.0,98.55,2,2,2,1.51,month-to-month,dsl,credit_card,plus,never
0,26.4,62.09,3,3,0,1.8,two-year,dsl,electronic_check,plus,never
0,18.0,88.06,3,2,0,2.46,month-to-month,fiber,credit_card,basic,past
0,7.5,45.9,3,3,0,3.3,two-year,fiber,bank_transfer,plus,never
0,19.0,55.85,1,1,1,4.04,month-to-month,none,credit_card,basic,past
1,12.8,83.03,1,1,0,2.46,one-year,fiber,electronic_check,basic,past
1,47.5,102.47,3,3,0,1.78,month-to-month,fiber,electronic_check,plus,past
1,12.5,50.2,2,3,0,2.81,month-to-month,fiber,electronic_check,basic,current
0,5.7,70.62,2,2,0,3.73,month-to-month,fiber,electronic_check,basic,never
0,2.6,87.34,1,2,1,1.94,two-year,dsl,electronic_check,basic,never
0,23.1,56.4,2,2,1,2.43,month-to-month,fiber,credit_card,basic,never
1,12.3,87.3,3,1,0,3.57,month-to-month,fiber,bank_transfer,basic,past
0,22.1,70.4,1,3,1,2.8,month-to-month,none,electronic_check,basic,never
0,8.3,78.6,4,2,1,3.06,month-to-month,fiber,bank_transfer,basic,never
1,10.8,47.99,3,3,0,0.0,month-to-month,none,bank_transfer,basic,never
0,13.8,77.6,2,1,1,1.45,month-to-month,fiber,bank_transfer,basic,never
0,14.7,101.68,3,2,0,1.17,one-year,fiber,bank_transfer,basic,never
0,0.8,43.54,1,0,1,3.82,month-to-month,fiber,credit_card,plus,past
1,2.4,63.13,2,3,1,3.54,month-to-month,fiber,credit_card,basic,never
0,6.9,58.83,2,4,0,0.0,one-year,none,credit_card,basic,past
0,6.2,72.62,3,1,0,1.59,two-year,fiber,credit_card,basic,past
0,13.6,66.24,2,1,0,1.67,month-to-month,dsl,electronic_check,plus,current
0,9.3,86.54,2,3,0,2.56,two-year,dsl,bank_transfer,basic,current
0,6.5,59.46,2,3,0,2.0,one-year,fiber,electronic_check,basic,past
0,3.8,71.19,1,3,1,3.1,month-to-month,fiber,electronic_check,basic,current
0,10.0,69.29,2,2,0,2.22,month-to-month,dsl,credit_card,premium,past
0,8.8,87.82,0,4,0,1.15,two-year,none,credit_card,basic,never
0,1.4,84.21,2,0,1,0.57,month-to-month,dsl,electronic_check,plus,past
0,40.1,50.77,2,0,0,4.16,month-to-month,none,credit_card,plus,past
0,37.5,84.59,3,5,0,3.57,month-to-month,fiber,electronic_check,basic,never
0,72.0,89.47,1,1,1,2.62,month-to-month,dsl,credit_card,basic,past
0,4.5,24.93,3,4,1,3.14,month-to-month,fiber,credit_card,basic,current
0,24.9,103.74,1,3,0,2.09,month-to-month,none,electronic_check,plus,never
1,1.2,73.71,2,0,2,1.51,month-to-month,dsl,electronic_check,plus,past
0,10.6,68.37,2,1,1,2.74,one-year,dsl,electronic_check,plus,never
1,10.5,88.54,2,0,0,1.17,two-year,fiber,electronic_check,plus,past
0,23.8,88.48,2,3,0,2.26,two-year,none,electronic_check,basic,never
0,4.8,80.7,1,2,0,3.63,two-year,dsl,bank_transfer,basic,past
0,41.9,56.2,2,2,1,1.6,month-to-month,dsl,electronic_check,plus,past
0,8.5,110.26,1,2,1,2.61,one-year,dsl,electronic_check,plus,never
0,4.1,89.57,2,1,0,1.29,one-year,dsl,bank_transfer,plus,past
0,6.2,90.73,1,2,0,0.79,month-to-month,dsl,bank_transfer,plus,never
0,24.3,61.19,2,2,1,1.11,month-to-month,fiber,bank_transfer,plus,past
1,12.1,83.79,2,1,0,1.68,month-to-month,fiber,electronic_check,plus,never
0,19.5,96.14,3,1,3,1.55,month-to-month,fiber,bank_transfer,premium,never
0,5.2,68.78,3,2,1,2.39,month-to-month,fiber,electronic_check,basic,past
0,0.7,75.93,3,1,0,3.5,month-to-month,fiber,electronic_check,basic,past
0,72.0,55.83,2,4,1,1.1,month-to-month,fiber,electronic_check,basic,never
1,13.6,113.48,1,1,0,4.37,month-to-month,dsl,electronic_check,basic,never
0,2.1,53.64,3,0,0,2.92,month-to-month,none,credit_card,plus,never
0,12.5,43.95,2,2,1,4.58,one-year,fiber,electronic_check,basic,never
0,1.8,58.11,2,3,0,4.05,month-to-month,fiber,credit_card,basic,past
0,6.2,93.2,0,3,0,0.71,month-to-month,none,electronic_check,plus,never
0,7.2,92.52,2,1,1,5.1,two-year,fiber,bank_transfer,premium,past
0,15.2,59.19,1,2,0,2.46,month-to-month,fiber,credit_card,basic,past
0,46.7,88.31,3,1,3,0.6,two-year,fiber,electronic_check,plus,current
1,48.6,61.32,2,2,0,1.68,one-year,fiber,electronic_check,basic,past
0,36.9,50.94,1,2,1,3.46,month-to-month,none,electronic_check,plus,past
0,7.9,48.77,1,1,2,1.39,month-to-month,fiber,electronic_check,basic,never
0,1.7,44.64,3,1,1,0.6,two-year,fiber,electronic_check,plus,never
1,2.8,70.73,1,3,1,1.47,month-to-month,none,bank_transfer,basic,past
0,10.0,55.69,3,2,0,3.85,month-to-month,fiber,electronic_check,basic,past
0,0.5,55.09,2,1,1,0.69,one-year,none,electronic_check,premium,past
0,24.6,67.97,4,0,0,1.46,month-to-month,dsl,credit_card,plus,never
0,5.1,79.64,3,3,0,1.83,month-to-month,dsl,credit_card,basic,never
0,4.2,59.83,2,3,1,1.87,one-year,fiber,credit_card,basic,never
1,33.9,46.54,2,2,1,2.46,month-to-month,fiber,bank_transfer,plus,never
0,10.3,19.12,2,2,1,2.16,one-year,dsl,bank_transfer,basic,past
0,32.0,47.25,3,3,2,2.96,month-to-month,fiber,bank_transfer,premium,never
0,6.8,88.0,2,2,0,2.74,month-to-month,dsl,electronic_check,basic,past
0,4.2,72.37,2,3,0,2.12,two-year,none,electronic_check,basic,never
0,15.3,96.07,2,2,1,2.19,month-to-month,dsl,electronic_check,basic,past
1,5.1,86.53,1,4,0,0.6,one-year,fiber,electronic_check,basic,current
0,9.6,47.5,3,4,0,3.77,one-year,fiber,credit_card,plus,never
1,22.2,90.39,2,3,0,3.24,month-to-month,fiber,electronic_check,premium,never
0,10.0,57.85,2,3,0,0.8,two-year,fiber,bank_transfer,basic,past
0,19.7,72.5,3,1,2,2.16,month-to-month,dsl,electronic_check,plus,past
0,12.1,54.03,4,1,0,2.49,month-to-month,dsl,electronic_check,plus,never
0,8.5,31.2,4,1,0,3.93,two-year,dsl,electronic_check,plus,never
1,46.2,90.15,1,2,0,0.39,month-to-month,none,electronic_check,basic,current
0,13.6,57.73,1,3,0,2.54,month-to-month,fiber,electronic_check,basic,past
0,72.0,73.35,4,1,1,1.27,one-year,dsl,credit_card,premium,never
0,19.1,80.52,1,0,0,2.15,month-to-month,fiber,credit_card,premium,past
0,0.2,58.94,1,1,0,3.46,month-to-month,fiber,credit_card,basic,past
0,50.4,115.12,1,3,0,1.08,month-to-month,dsl,credit_card,basic,past
0,14.4,42.26,3,1,1,1.06,one-year,dsl,credit_card,plus,past
0,13.7,44.4,3,2,0,0.58,month-to-month,dsl,bank_transfer,premium,current
0,14.3,110.62,1,5,0,2.09,month-to-month,dsl,electronic_check,basic,never
0,16.6,59.85,3,1,2,1.46,two-year,dsl,credit_card,plus,past
0,13.2,102.48,1,3,1,2.46,one-year,fiber,credit_card,basic,current
0,1.8,56.62,3,3,1,0.6,month-to-month,fiber,electronic_check,basic,never
0,3.7,53.8,1,1,0,3.28,two-year,dsl,electronic_check,basic,current
0,11.0,112.84,1,1,0,0.75,one-year,dsl,bank_transfer,plus,past
0,0.5,71.89,4,1,0,2.52,one-year,fiber,bank_transfer,plus,past
0,0.6,72.39,2,1,0,3.63,month-to-month,dsl,electronic_check,plus,past
0,14.8,50.55,3,2,0,1.14,two-year,dsl,credit_card,basic,past
0,1.5,93.6,1,3,1,0.73,month-to-month,none,electronic_check,basic,past
0,17.3,67.33,2,0,1,3.27,month-to-month,fiber,credit_card,premium,never
0,12.5,11.6,1,2,0,2.2,month-to-month,none,electronic_check,basic,never
0,29.0,72.55,1,3,0,0.74,month-to-month,fiber,electronic_check,basic,never
1,8.7,81.04,2,4,0,5.99,month-to-month,fiber,bank_transfer,plus,never
0,12.7,66.16,2,3,1,1.41,two-year,dsl,electronic_check,premium,never
0,12.3,126.1,2,3,1,2.67,one-year,dsl,bank_transfer,plus,never
0,2.2,71.76,3,2,1,2.05,month-to-month,fiber,credit_card,plus,past
0,7.2,76.9,1,0,1,1.91,one-year,none,credit_card,plus,past
0,1.7,58.33,1,1,1,2.78,month-to-month,dsl,bank_transfer,plus,never
0,4.4,99.67,2,3,0,1.72,month-to-month,dsl,bank_transfer,basic,never
0,23.7,75.3,2,2,1,1.91,month-to-month,fiber,credit_card,basic,never
0,47.7,29.22,2,0,0,2.01,one-year,dsl,electronic_check,premium,never
0,18.0,81.85,1,1,0,3.41,month-to-month,fiber,electronic_check,basic,past
0,15.7,89.33,1,1,0,3.34,month-to-month,fiber,bank_transfer,plus,never
0,28.2,60.5,0,1,1,0.7,month-to-month,none,electronic_check,plus,past
0,24.9,99.69,4,1,1,2.79,two-year,fiber,credit_card,plus,never
0,19.5,77.21,2,2,0,3.65,month-to-month,fiber,electronic_check,basic,never
0,2.7,64.13,1,1,0,1.2,two-year,dsl,credit_card,plus,current
0,48.8,64.97,2,1,2,1.34,month-to-month,fiber,credit_card,plus,past
0,5.6,62.61,2,4,1,4.39,two-year,fiber,bank_transfer,basic,never
0,16.4,71.5,2,2,2,0.0,one-year,dsl,bank_transfer,basic,past
0,9.1,58.76,2,1,1,2.59,one-year,dsl,credit_card,basic,current
0,16.0,61.23,3,1,1,1.43,month-to-month,dsl,electronic_check,plus,never
0,4.1,74.38,3,0,0,1.29,month-to-month,dsl,credit_card,plus,never
0,4.3,102.17,3,2,0,1.88,month-to-month,fiber,electronic_check,basic,never
0,16.7,50.67,3,5,0,0.15,month-to-month,none,credit_card,basic,current
0,17.9,57.6,1,1,0,0.89,month-to-month,fiber,credit_card,basic,current
0,49.9,38.71,3,0,0,1.54,month-to-month,dsl,credit_card,plus,past
1,1.0,93.13,1,2,0,4.21,month-to-month,fiber,credit_card,basic,past
0,13.6,45.47,1,3,2,2.09,two-year,fiber,bank_transfer,premium,never
0,69.9,56.71,1,3,0,2.07,two-year,none,credit_card,basic,past
1,50.3,52.71,2,3,2,3.48,month-to-month,dsl,bank_transfer,basic,never
0,5.8,44.39,2,1,1,2.09,month-to-month,fiber,electronic_check,basic,never
0,4.4,48.43,1,2,0,1.12,two-year,dsl,credit_card,plus,past
0,1.1,117.32,1,4,0,1.13,two-year,fiber,credit_card,basic,past
0,38.1,54.5,3,2,1,0.89,month-to-month,dsl,electronic_check,basic,past
0,10.2,63.21,2,1,0,1.02,month-to-month,dsl,electronic_check,basic,never
0,2.6,68.64,2,3,0,3.92,month-to-month,dsl,electronic_check,basic,current
0,10.0,34.95,2,2,2,1.15,month-to-month,none,electronic_check,basic,never
0,4.7,109.29,2,4,0,2.06,month-to-month,dsl,bank_transfer,basic,never
0,11.6,90.14,2,1,0,2.76,one-year,fiber,credit_card,basic,past
0,41.2,49.56,2,4,0,1.71,month-to-month,fiber,electronic_check,basic,current
0,52.2,70.53,2,3,1,1.1,month-to-month,fiber,electronic_check,plus,never
0,7.9,68.26,1,3,0,2.86,month-to-month,fiber,bank_transfer,basic,past
0,48.9,72.75,1,3,0,2.22,one-year,fiber,credit_card,basic,never
1,13.4,103.67,2,3,1,0.82,month-to-month,fiber,credit_card,basic,never
0,1.2,44.67,2,5,1,1.5,one-year,fiber,credit_card,basic,current
0,8.1,87.86,1,2,0,3.33,month-to-month,fiber,electronic_check,plus,past
0,5.3,128.37,1,1,0,0.0,month-to-month,dsl,electronic_check,plus,past
0,5.0,63.68,2,0,1,2.7,two-year,none,electronic_check,plus,current
0,12.0,11.61,1,1,0,1.49,month-to-month,fiber,bank_transfer,basic,past
0,23.8,102.31,1,0,1,0.25,month-to-month,none,credit_card,plus,never
0,8.7,41.01,1,1,0,1.59,month-to-month,dsl,electronic_check,plus,never
1,7.6,68.79,2,3,1,2.2,month-to-month,fiber,electronic_check,plus,never
0,2.2,70.73,2,4,0,4.64,two-year,dsl,bank_transfer,basic,current
0,9.0,64.25,2,5,2,2.32,month-to-month,fiber,electronic_check,basic,never
0,46.0,82.32,4,2,1,2.08,month-to-month,fiber,electronic_check,basic,current
0,15.3,50.29,2,1,1,3.27,one-year,fiber,bank_transfer,premium,never
1,26.3,85.65,3,2,2,2.53,one-year,fiber,electronic_check,basic,never
0,5.6,85.9,3,3,1,1.26,month-to-month,dsl,credit_card,plus,current
0,11.7,53.88,0,2,0,2.14,month-to-month,none,credit_card,basic,never
0,13.7,52.39,3,2,1,1.42,month-to-month,dsl,credit_card,basic,past
0,70.6,89.07,2,1,2,0.75,one-year,fiber,credit_card,basic,past
0,13.5,45.53,2,1,1,0.93,month-to-month,fiber,credit_card,basic,past
0,53.5,84.67,1,2,1,2.25,one-year,fiber,electronic_check,plus,never
0,18.1,97.94,2,2,1,1.32,month-to-month,dsl,bank_transfer,basic,never
1,8.4,62.23,2,2,3,3.8,month-to-month,fiber,electronic_check,plus,past
0,25.4,93.94,1,7,0,0.74,month-to-month,none,credit_card,basic,current
0,20.1,53.94,2,0,0,3.1,two-year,fiber,electronic_check,plus,never
0,34.8,51.1,4,2,0,2.73,month-to-month,fiber,electronic_check,basic,never
0,72.0,76.48,2,0,2,1.45,two-year,dsl,bank_transfer,plus,past
0,0.7,47.97,2,2,0,1.4,month-to-month,fiber,credit_card,basic,past
1,59.3,50.43,3,1,0,3.04,month-to-month,fiber,electronic_check,basic,past
0,15.5,81.74,2,2,0,3.46,month-to-month,fiber,electronic_check,basic,never
0,3.6,57.44,2,3,3,3.27,month-to-month,fiber,bank_transfer,basic,past
1,1.5,27.54,4,3,0,1.0,month-to-month,fiber,credit_card,basic,past
0,4.8,54.66,0,1,0,1.2,month-to-month,none,electronic_check,plus,current
0,6.9,56.81,0,2,0,0.52,one-year,none,electronic_check,basic,past
0,23.8,24.02,2,2,0,2.76,one-year,fiber,credit_card,basic,never
0,5.8,72.67,2,1,1,3.46,one-year,dsl,bank_transfer,plus,never
0,0.3,43.23,2,3,1,2.68,two-year,dsl,electronic_check,basic,past
0,5.3,114.71,2,3,0,1.17,month-to-month,dsl,electronic_check,basic,current
1,7.5,92.7,1,3,1,2.4,month-to-month,fiber,electronic_check,basic,past
0,5.4,58.63,1,2,2,2.39,month-to-month,none,electronic_check,basic,past
0,10.4,10.0,1,7,0,2.34,one-year,fiber,electronic_check,basic,never
1,25.8,64.41,2,2,2,2.47,month-to-month,fiber,bank_transfer,basic,past
1,5.6,76.84,2,4,3,2.38,two-year,fiber,electronic_check,basic,never
0,10.5,75.24,2,3,0,1.3,two-year,fiber,electronic_check,plus,never
0,0.2,66.52,1,1,0,2.35,month-to-month,none,electronic_check,basic,never
0,4.8,89.62,1,1,0,2.21,month-to-month,dsl,electronic_check,plus,never
1,9.0,64.97,2,2,0,1.74,month-to-month,fiber,electronic_check,basic,never
0,3.1,79.47,1,2,1,2.11,one-year,dsl,electronic_check,basic,never
0,23.1,147.38,0,2,0,2.18,two-year,none,electronic_check,plus,never
0,9.3,72.55,1,2,0,2.05,month-to-month,dsl,electronic_check,premium,past
0,8.7,66.37,2,3,1,1.91,one-year,dsl,electronic_check,basic,current
0,3.7,76.69,2,2,3,0.65,one-year,fiber,bank_transfer,basic,past
0,15.9,75.31,4,2,0,2.89,month-to-month,dsl,bank_transfer,basic,never
0,51.0,69.12,2,2,0,3.72,month-to-month,fiber,bank_transfer,premium,never
0,32.7,57.49,3,2,1,4.55,month-to-month,fiber,electronic_check,basic,past
0,72.0,77.18,2,2,1,0.6,month-to-month,fiber,electronic_check,basic,never
0,8.1,23.64,3,3,0,5.82,month-to-month,fiber,credit_card,basic,past
0,30.4,65.18,2,1,0,2.0,month-to-month,fiber,electronic_check,basic,current
0,24.4,46.93,2,4,0,1.14,one-year,fiber,bank_transfer,basic,never
0,5.8,46.71,1,0,0,1.95,one-year,dsl,credit_card,plus,past
0,25.1,50.08,2,4,0,0.0,month-to-month,dsl,electronic_check,basic,past
1,3.9,91.26,2,2,1,1.83,month-to-month,fiber,credit_card,basic,current
0,10.4,38.41,1,2,1,0.75,month-to-month,none,bank_transfer,plus,never
0,25.9,64.76,1,0,1,2.73,month-to-month,fiber,electronic_check,plus,never
0,7.5,68.79,1,2,1,1.08,month-to-month,none,credit_card,plus,never
0,7.8,52.31,1,2,0,1.35,one-year,dsl,bank_transfer,basic,never
0,8.1,64.26,3,1,0,4.49,month-to-month,fiber,credit_card,premium,past
0,14.9,63.94,1,1,1,3.44,one-year,none,credit_card,basic,current
0,8.6,56.43,2,1,1,1.12,month-to-month,dsl,bank_transfer,plus,never
0,39.3,84.22,3,1,2,1.47,one-year,fiber,bank_transfer,basic,never
0,4.8,74.44,0,2,0,1.45,one-year,none,credit_card,basic,never
1,21.2,122.73,3,3,1,0.61,month-to-month,dsl,electronic_check,premium,never
0,10.2,55.43,2,3,0,3.27,two-year,dsl,electronic_check,basic,past
0,0.9,32.9,1,3,0,4.21,month-to-month,dsl,credit_card,basic,never
0,56.0,67.81,3,2,0,2.1,month-to-month,dsl,credit_card,basic,current
1,23.1,122.17,4,5,0,2.03,month-to-month,fiber,electronic_check,basic,current
0,11.2,101.19,2,2,0,2.12,month-to-month,none,electronic_check,basic,current
0,8.0,74.43,1,4,0,0.98,month-to-month,fiber,electronic_check,plus,never
0,8.8,96.92,1,1,1,0.0,two-year,none,electronic_check,plus,past
0,21.1,79.39,3,1,0,2.82,month-to-month,fiber,credit_card,basic,never
0,20.6,85.9,0,2,1,0.8,month-to-month,none,electronic_check,basic,never
1,12.9,72.49,2,3,0,4.16,month-to-month,fiber,electronic_check,basic,past
0,28.6,58.32,1,2,1,2.39,one-year,none,bank_transfer,plus,never
0,4.6,99.87,2,2,1,2.39,one-year,none,electronic_check,premium,never
0,6.5,77.63,2,3,0,0.78,month-to-month,dsl,bank_transfer,basic,past
0,25.3,105.16,2,1,0,1.22,two-year,dsl,electronic_check,plus,past
0,28.1,56.14,2,1,1,3.98,two-year,dsl,bank_transfer,basic,past
0,18.3,45.87,2,1,0,1.38,one-year,dsl,electronic_check,basic,never
0,16.3,76.2,1,2,1,2.89,one-year,dsl,electronic_check,plus,never
0,3.3,122.71,1,1,0,4.3,month-to-month,fiber,electronic_check,plus,past
0,15.8,59.92,1,2,0,1.54,month-to-month,none,electronic_check,basic,past
0,0.8,64.79,2,1,1,3.16,month-to-month,fiber,electronic_check,basic,current
0,1.4,69.86,3,2,0,2.04,one-year,dsl,electronic_check,plus,past
0,0.4,89.27,3,4,0,2.58,two-year,fiber,bank_transfer,basic,never
0,15.6,96.13,1,2,1,2.87,month-to-month,dsl,electronic_check,premium,never
1,11.9,109.61,1,1,2,2.6,month-to-month,fiber,electronic_check,basic,current
0,8.2,48.87,2,3,0,2.35,month-to-month,fiber,electronic_check,basic,past
1,72.0,73.14,2,2,1,0.6,month-to-month,fiber,bank_transfer,basic,never
0,20.6,65.25,3,1,1,2.51,two-year,dsl,credit_card,basic,current
1,8.8,92.48,4,1,1,2.9,month-to-month,fiber,credit_card,basic,never
0,32.1,89.6,1,2,0,0.69,one-year,none,electronic_check,plus,past
0,24.0,55.35,1,2,0,3.86,two-year,fiber,electronic_check,basic,never
0,17.0,114.78,3,3,1,3.43,month-to-month,fiber,bank_transfer,basic,past
1,19.0,72.53,3,1,0,1.1,month-to-month,dsl,electronic_check,basic,current
0,1.4,112.57,3,2,1,2.34,one-year,fiber,electronic_check,basic,never
0,15.6,97.52,3,1,0,2.12,month-to-month,dsl,electronic_check,premium,past
0,8.4,55.79,2,1,1,1.78,month-to-month,dsl,credit_card,basic,past
0,3.0,56.64,1,2,0,2.68,one-year,dsl,bank_transfer,premium,past
0,10.8,50.2,1,2,0,3.62,one-year,dsl,credit_card,basic,current
0,7.3,82.46,4,1,0,1.85,month-to-month,dsl,bank_transfer,premium,current
0,1.4,66.6,1,3,1,3.01,month-to-month,fiber,credit_card,basic,never
0,0.2,39.96,1,4,0,3.26,two-year,fiber,credit_card,basic,past
0,38.3,52.25,1,2,0,4.23,month-to-month,fiber,bank_transfer,plus,never
1,9.2,20.37,2,4,0,3.53,month-to-month,dsl,electronic_check,basic,past
0,22.1,83.87,2,2,0,1.98,one-year,dsl,electronic_check,basic,past
0,1.9,72.65,0,0,0,0.0,one-year,none,credit_card,plus,never
1,34.2,65.32,3,3,1,1.4,month-to-month,dsl,electronic_check,plus,past
1,56.9,82.94,4,3,1,2.24,month-to-month,fiber,bank_transfer,basic,past
0,18.6,86.57,2,2,1,0.3,one-year,dsl,electronic_check,premium,never
0,27.7,84.71,3,3,0,0.05,month-to-month,dsl,electronic_check,basic,current
0,13.6,49.95,2,2,1,2.18,month-to-month,dsl,electronic_check,plus,past
0,55.2,71.69,1,1,0,0.0,month-to-month,dsl,electronic_check,plus,past
0,33.0,96.84,1,2,0,1.84,two-year,none,electronic_check,basic,current
0,12.3,29.14,1,2,0,2.76,month-to-month,fiber,credit_card,basic,current
0,13.0,97.31,4,1,0,1.98,one-year,fiber,electronic_check,premium,never
1,1.3,66.18,2,3,0,1.41,month-to-month,fiber,electronic_check,basic,never
0,27.6,106.66,1,1,1,2.66,one-year,dsl,electronic_check,plus,current
0,3.4,27.17,0,4,1,4.42,month-to-month,none,credit_card,basic,never
0,0.4,87.3,3,2,0,2.43,two-year,dsl,electronic_check,plus,never
0,8.7,48.23,2,2,0,0.92,month-to-month,fiber,electronic_check,plus,past
0,58.1,111.22,1,2,1,3.98,one-year,fiber,credit_card,basic,past
1,1.5,52.22,2,1,0,2.1,month-to-month,fiber,electronic_check,basic,never
1,1.8,56.07,1,2,4,1.52,month-to-month,fiber,electronic_check,basic,past
0,13.8,51.02,1,1,0,2.23,two-year,none,bank_transfer,basic,never
1,3.3,110.44,2,2,0,2.91,month-to-month,dsl,electronic_check,basic,never
1,35.1,27.23,1,4,0,0.77,month-to-month,fiber,electronic_check,basic,past
0,6.5,105.21,1,3,0,1.21,month-to-month,dsl,credit_card,basic,never
0,66.3,46.36,1,0,1,2.44,month-to-month,fiber,bank_transfer,plus,current
0,21.0,83.96,1,1,1,6.08,one-year,fiber,bank_transfer,basic,past
0,2.4,97.47,2,3,0,2.45,two-year,none,electronic_check,premium,past
0,10.7,106.95,0,1,1,2.91,month-to-month,none,bank_transfer,basic,past
0,19.0,59.8,2,1,1,1.26,two-year,dsl,bank_transfer,basic,never
0,3.7,76.54,1,2,2,0.2,one-year,dsl,electronic_check,basic,never
0,2.5,49.83,2,2,1,1.51,two-year,fiber,electronic_check,basic,past
0,25.2,93.2,2,3,2,2.22,month-to-month,fiber,credit_card,basic,current
0,0.7,59.34,3,1,3,1.12,two-year,dsl,electronic_check,plus,past
0,34.2,48.12,1,3,0,2.62,one-year,none,bank_transfer,basic,past
0,11.4,60.15,2,1,0,3.72,two-year,fiber,credit_card,plus,never
1,11.8,126.77,2,1,2,5.51,month-to-month,fiber,bank_transfer,plus,never
1,24.9,73.66,3,3,1,3.84,month-to-month,fiber,credit_card,basic,current
1,2.0,118.13,3,0,1,4.54,month-to-month,fiber,electronic_check,plus,never
1,12.4,37.87,1,2,1,2.17,month-to-month,none,electronic_check,basic,never
0,19.5,87.18,3,0,0,1.44,month-to-month,fiber,credit_card,plus,past
0,5.7,57.09,1,3,0,3.08,month-to-month,fiber,bank_transfer,basic,never
0,12.0,64.63,3,1,3,2.46,month-to-month,dsl,bank_transfer,basic,past
1,65.0,56.65,1,1,1,1.32,month-to-month,none,bank_transfer,plus,never
0,72.0,77.2,2,1,1,1.84,one-year,dsl,electronic_check,basic,past
0,4.1,83.78,2,2,0,1.66,month-to-month,dsl,credit_card,plus,past
0,22.3,87.06,3,2,1,3.14,two-year,fiber,electronic_check,basic,never
0,0.0,35.83,0,4,1,2.15,month-to-month,none,credit_card,basic,current
0,20.5,71.34,2,1,0,1.6,month-to-month,dsl,credit_card,plus,current
1,11.3,72.41,1,6,0,3.43,month-to-month,dsl,electronic_check,basic,never
0,31.6,10.0,2,3,1,3.05,month-to-month,fiber,credit_card,plus,never
0,1.1,66.89,3,6,0,2.72,month-to-month,fiber,credit_card,plus,past
0,3.6,95.62,0,2,0,3.07,one-year,none,electronic_check,basic,never
0,19.4,95.72,1,0,2,1.54,month-to-month,fiber,credit_card,plus,never
0,5.9,59.55,1,2,0,1.28,month-to-month,dsl,electronic_check,basic,past
0,23.1,58.82,3,2,0,3.2,month-to-month,fiber,electronic_check,basic,never
0,2.5,75.41,2,2,1,3.42,month-to-month,dsl,bank_transfer,basic,current
0,3.9,68.54,1,3,0,2.43,month-to-month,none,bank_transfer,basic,never
0,9.0,54.84,2,1,0,2.24,one-year,fiber,credit_card,plus,current
1,15.9,127.05,2,2,1,0.96,month-to-month,dsl,electronic_check,premium,current
0,13.4,85.12,1,2,0,1.99,month-to-month,dsl,electronic_check,basic,past
0,48.3,77.53,1,1,0,0.42,month-to-month,none,credit_card,basic,never
0,0.3,34.99,0,2,0,4.07,month-to-month,none,bank_transfer,basic,never
0,0.2,43.77,1,0,1,2.62,one-year,fiber,electronic_check,plus,past
0,4.8,50.4,3,3,0,2.87,month-to-month,fiber,bank_transfer,basic,current
0,11.0,73.84,1,2,0,2.31,month-to-month,none,electronic_check,plus,current
0,38.7,49.34,2,0,0,0.0,month-to-month,dsl,credit_card,plus,never
0,10.9,99.52,2,3,1,1.21,two-year,none,bank_transfer,plus,never
0,20.0,49.2,2,4,0,2.52,one-year,none,bank_transfer,basic,never
0,7.8,90.73,1,3,0,1.79,month-to-month,fiber,electronic_check,basic,past
0,24.4,45.19,1,2,1,2.83,month-to-month,none,bank_transfer,basic,never
0,2.7,30.78,1,2,1,2.02,month-to-month,none,electronic_check,basic,current
0,26.4,105.42,1,2,0,3.16,month-to-month,dsl,electronic_check,basic,current
0,16.1,61.79,3,1,0,2.68,one-year,dsl,electronic_check,plus,never
0,1.1,88.69,3,3,0,2.91,two-year,fiber,electronic_check,basic,past
1,72.0,59.78,2,4,0,3.59,month-to-month,fiber,bank_transfer,basic,past
0,7.1,88.57,2,5,0,2.92,one-year,fiber,bank_transfer,basic,past
0,27.4,47.28,2,3,1,1.12,one-year,dsl,electronic_check,basic,never
0,8.6,20.74,2,3,0,0.0,month-to-month,dsl,electronic_check,basic,past
0,13.8,78.23,3,2,1,2.73,two-year,fiber,electronic_check,basic,never
0,2.5,68.26,3,2,0,2.29,month-to-month,dsl,bank_transfer,basic,past
1,0.1,55.66,1,3,1,1.77,month-to-month,fiber,electronic_check,basic,never
0,12.8,66.28,1,3,0,1.6,one-year,dsl,credit_card,basic,past
0,11.2,59.15,4,1,0,0.35,month-to-month,dsl,electronic_check,premium,never
0,5.4,15.51,4,3,0,1.86,two-year,dsl,electronic_check,plus,past
0,35.0,90.09,2,1,0,3.53,one-year,fiber,electronic_check,basic,past
0,13.6,63.01,1,2,2,0.34,month-to-month,dsl,bank_transfer,basic,never
0,11.2,52.39,1,5,0,3.44,one-year,fiber,bank_transfer,basic,past
0,19.1,10.0,1,1,0,1.86,two-year,none,credit_card,basic,never
0,13.9,71.66,1,2,0,0.91,month-to-month,none,credit_card,basic,past
0,24.5,23.58,1,1,1,2.5,month-to-month,fiber,bank_transfer,plus,past
0,16.2,78.14,3,3,0,2.31,one-year,fiber,bank_transfer,basic,current
0,4.1,73.25,2,0,2,3.38,month-to-month,fiber,bank_transfer,plus,current
0,37.8,76.72,2,3,1,3.35,month-to-month,fiber,electronic_check,basic,current
0,24.3,48.6,1,1,0,1.87,month-to-month,none,electronic_check,plus,never
0,6.0,73.73,2,3,0,2.37,one-year,fiber,bank_transfer,basic,never
0,11.9,72.45,1,2,1,0.96,two-year,none,electronic_check,basic,current
0,36.3,81.26,3,2,0,2.08,two-year,dsl,bank_transfer,plus,past
0,8.0,76.3,1,1,1,2.74,month-to-month,fiber,electronic_check,basic,never
0,21.7,68.34,2,2,0,1.41,two-year,fiber,credit_card,basic,never
1,2.5,109.76,2,4,3,2.21,one-year,fiber,bank_transfer,basic,never
0,13.2,20.16,1,3,2,2.72,month-to-month,none,electronic_check,basic,never
0,23.9,73.23,3,3,0,3.44,month-to-month,dsl,credit_card,basic,never
1,7.8,77.52,1,2,1,1.28,month-to-month,fiber,credit_card,plus,past
0,2.4,75.65,1,1,1,1.21,month-to-month,dsl,credit_card,plus,past
0,50.5,73.54,1,1,0,4.36,two-year,fiber,credit_card,basic,past
0,3.0,43.87,1,0,0,0.6,two-year,fiber,electronic_check,premium,current
0,12.6,60.24,1,3,1,2.78,month-to-month,none,credit_card,basic,current
0,19.1,90.67,2,2,0,1.9,month-to-month,dsl,electronic_check,plus,never
0,45.5,43.0,3,4,0,3.6,month-to-month,dsl,credit_card,basic,past
0,5.9,105.54,2,2,1,1.68,month-to-month,fiber,credit_card,plus,never
0,11.9,30.87,0,4,1,1.52,one-year,none,electronic_check,basic,past
0,11.8,114.57,2,1,1,0.01,month-to-month,dsl,credit_card,basic,past
1,4.1,69.16,2,2,0,2.95,month-to-month,fiber,credit_card,basic,never
0,44.9,79.22,2,1,1,1.5,month-to-month,dsl,electronic_check,basic,never
0,18.9,71.18,2,2,1,3.16,month-to-month,dsl,bank_transfer,basic,past
1,35.5,109.35,1,0,0,3.19,month-to-month,fiber,electronic_check,plus,past
0,8.9,89.29,3,0,1,2.27,month-to-month,dsl,bank_transfer,plus,past
0,72.0,128.11,3,1,0,2.66,month-to-month,fiber,bank_transfer,basic,past
1,26.2,73.63,3,5,1,0.85,two-year,dsl,electronic_check,basic,past
0,30.7,73.48,0,2,0,3.49,two-year,none,electronic_check,basic,past
0,72.0,56.88,3,1,0,0.6,month-to-month,fiber,bank_transfer,premium,past
0,20.3,53.61,4,1,0,2.22,month-to-month,fiber,electronic_check,plus,current
0,1.7,128.71,3,1,1,0.35,two-year,dsl,bank_transfer,plus,never
1,16.4,70.18,3,2,1,2.02,one-year,dsl,electronic_check,basic,never
0,6.8,81.54,2,1,1,0.62,month-to-month,fiber,electronic_check,plus,never
0,47.4,42.22,3,1,0,3.04,two-year,fiber,electronic_check,basic,current
0,72.0,69.69,2,0,1,1.7,month-to-month,dsl,credit_card,plus,past
0,13.5,47.58,2,0,1,2.23,month-to-month,fiber,electronic_check,plus,past
0,17.3,59.82,2,1,1,2.04,one-year,dsl,bank_transfer,basic,never
0,9.3,58.76,1,1,1,1.01,month-to-month,fiber,bank_transfer,plus,past
0,3.2,63.43,2,5,2,2.33,one-year,dsl,electronic_check,basic,never
0,40.8,33.97,0,1,0,0.19,month-to-month,none,electronic_check,basic,past
0,23.8,83.36,2,1,0,1.77,month-to-month,dsl,electronic_check,plus,current
0,5.3,73.91,2,3,0,1.79,month-to-month,dsl,credit_card,basic,past
0,3.6,97.94,3,2,0,1.66,month-to-month,fiber,bank_transfer,basic,never
0,72.0,69.08,1,2,0,2.74,month-to-month,dsl,electronic_check,basic,never
0,21.7,67.11,3,0,0,1.47,month-to-month,fiber,credit_card,premium,past
0,45.9,60.67,4,1,1,1.3,month-to-month,fiber,electronic_check,premium,never
0,23.8,68.07,1,1,0,2.56,month-to-month,dsl,credit_card,premium,never
1,1.4,90.58,3,2,2,1.58,month-to-month,fiber,electronic_check,premium,past
0,36.6,99.89,1,4,0,1.37,month-to-month,fiber,electronic_check,basic,never
0,2.1,82.5,2,3,1,1.71,one-year,dsl,electronic_check,basic,past
0,23.9,93.68,4,2,1,1.93,month-to-month,fiber,electronic_check,basic,never
0,1.7,108.01,1,0,0,0.6,month-to-month,fiber,electronic_check,plus,never
0,13.8,40.5,1,3,0,2.92,month-to-month,fiber,electronic_check,plus,never
0,13.1,37.12,1,1,1,2.63,month-to-month,none,electronic_check,basic,past
0,2.5,108.41,3,4,2,2.04,one-year,fiber,bank_transfer,plus,past
0,35.8,112.11,1,4,0,1.65,month-to-month,fiber,electronic_check,basic,never
0,1.0,86.01,1,1,0,3.5,two-year,dsl,credit_card,plus,never
0,38.5,69.35,3,5,0,0.55,month-to-month,dsl,electronic_check,basic,current
0,28.5,129.41,2,1,0,1.82,month-to-month,dsl,bank_transfer,plus,current
0,32.4,44.56,3,1,1,1.45,one-year,fiber,credit_card,basic,never
0,24.5,47.04,2,1,1,4.37,month-to-month,fiber,bank_transfer,plus,past
0,13.5,65.08,1,3,0,4.37,month-to-month,fiber,bank_transfer,basic,past
0,17.7,46.29,1,3,0,1.85,month-to-month,fiber,electronic_check,premium,never
0,7.6,119.0,1,3,1,2.37,two-year,dsl,electronic_check,basic,never
0,8.1,68.95,4,2,1,1.48,month-to-month,fiber,bank_transfer,plus,past
0,9.3,18.32,1,1,1,0.09,month-to-month,dsl,electronic_check,basic,never
0,1.2,52.8,3,3,1,2.79,month-to-month,fiber,credit_card,basic,past
0,23.9,46.71,1,0,1,1.11,one-year,none,electronic_check,premium,current
0,11.0,57.72,2,3,3,0.91,two-year,dsl,bank_transfer,basic,current
0,30.0,25.6,2,5,0,0.4,month-to-month,dsl,electronic_check,basic,current
0,14.3,54.27,1,2,1,1.16,month-to-month,none,electronic_check,plus,current
0,14.9,127.98,1,0,0,3.5,month-to-month,fiber,electronic_check,premium,past
0,40.7,66.57,2,0,0,2.3,one-year,fiber,credit_card,premium,current
0,28.1,62.95,2,1,0,2.25,two-year,fiber,electronic_check,plus,current
0,21.2,76.88,3,3,3,2.84,two-year,fiber,credit_card,premium,never
0,4.9,34.07,0,2,0,1.18,month-to-month,none,electronic_check,premium,past
0,36.0,91.62,1,1,1,1.33,month-to-month,none,bank_transfer,basic,current
1,24.9,55.86,3,3,1,3.87,one-year,fiber,electronic_check,basic,never
0,3.9,39.17,1,4,0,3.34,month-to-month,none,electronic_check,basic,never
0,72.0,52.33,1,3,2,2.34,two-year,dsl,electronic_check,basic,never
1,9.1,113.49,1,2,0,0.6,month-to-month,fiber,electronic_check,basic,past
0,1.1,63.42,3,1,0,3.1,month-to-month,fiber,bank_transfer,basic,past
0,7.2,92.14,3,1,0,2.03,month-to-month,dsl,bank_transfer,plus,current
0,1.8,74.6,2,3,3,3.44,two-year,fiber,bank_transfer,basic,past
0,15.4,49.75,2,3,1,1.97,month-to-month,fiber,credit_card,basic,current
0,26.9,114.92,2,3,1,1.5,two-year,dsl,electronic_check,basic,never
0,31.7,77.81,2,1,0,1.89,month-to-month,none,electronic_check,basic,never
0,27.0,76.74,2,2,2,1.71,one-year,dsl,credit_card,basic,never
1,5.1,105.98,3,3,1,1.61,month-to-month,fiber,electronic_check,basic,past
0,72.0,51.44,2,1,0,2.3,two-year,dsl,electronic_check,plus,current
0,6.7,26.05,3,3,1,0.98,two-year,dsl,electronic_check,basic,current
0,0.2,86.53,3,0,1,3.28,two-year,fiber,electronic_check,plus,never
0,17.8,128.9,2,3,2,1.52,month-to-month,dsl,credit_card,basic,current
0,18.6,90.41,0,0,0,1.36,month-to-month,none,bank_transfer,premium,never
0,5.5,111.17,2,0,0,0.99,two-year,dsl,electronic_check,plus,past
0,28.6,32.03,2,3,1,4.08,month-to-month,dsl,bank_transfer,basic,never
0,18.1,57.11,1,2,2,2.94,month-to-month,fiber,credit_card,basic,current
1,10.4,111.3,3,5,0,2.51,month-to-month,fiber,electronic_check,basic,past
1,33.7,66.91,3,3,1,4.69,two-year,dsl,bank_transfer,basic,never
0,1.0,52.33,3,2,0,2.48,month-to-month,fiber,electronic_check,basic,past
0,28.2,46.41,3,3,1,4.53,month-to-month,dsl,electronic_check,basic,current
1,10.5,71.04,1,2,0,4.26,month-to-month,fiber,electronic_check,plus,past
1,35.6,101.34,3,2,0,3.08,month-to-month,fiber,credit_card,basic,current
0,0.4,31.31,0,1,1,1.51,one-year,none,credit_card,premium,current
0,20.9,34.9,3,2,1,1.43,month-to-month,dsl,electronic_check,basic,never
0,0.1,51.42,2,2,0,1.01,one-year,fiber,electronic_check,basic,past
0,11.0,65.24,2,2,1,2.4,month-to-month,dsl,credit_card,premium,never
0,3.1,55.34,1,2,0,1.66,month-to-month,none,electronic_check,basic,current
0,11.7,98.15,2,0,0,0.6,month-to-month,fiber,electronic_check,plus,past
1,5.6,70.5,2,5,1,2.81,month-to-month,fiber,credit_card,basic,past
0,36.7,100.5,0,3,0,2.15,month-to-month,none,credit_card,basic,never
1,12.7,131.17,2,0,1,0.0,month-to-month,dsl,credit_card,premium,past
0,18.7,68.1,2,2,0,3.25,month-to-month,fiber,credit_card,basic,never
0,10.9,53.76,2,1,2,3.13,one-year,fiber,electronic_check,basic,past
0,15.4,72.57,2,3,1,2.64,month-to-month,fiber,electronic_check,basic,current
0,0.9,78.2,3,2,2,2.14,month-to-month,dsl,electronic_check,plus,never
0,12.3,22.09,1,1,1,3.25,two-year,fiber,credit_card,plus,past
0,25.5,75.4,1,2,1,1.66,month-to-month,none,electronic_check,plus,never
0,11.2,54.8,2,4,1,1.7,month-to-month,fiber,bank_transfer,basic,never
0,72.0,66.93,1,5,0,1.73,month-to-month,fiber,credit_card,basic,past
0,26.6,94.13,2,0,0,2.56,month-to-month,dsl,electronic_check,plus,past
0,36.2,60.16,3,3,1,2.03,one-year,dsl,credit_card,basic,past
0,1.6,94.12,3,0,1,4.16,month-to-month,dsl,bank_transfer,premium,never
1,17.6,89.8,3,1,2,1.99,month-to-month,fiber,electronic_check,basic,never
0,72.0,36.88,3,3,0,3.15,one-year,fiber,electronic_check,basic,current
0,3.9,52.59,2,4,1,2.5,month-to-month,dsl,credit_card,premium,never
1,46.7,97.05,4,0,1,2.61,one-year,fiber,electronic_check,plus,never
0,5.5,82.87,1,3,0,2.38,month-to-month,none,bank_transfer,basic,never
0,17.3,85.06,2,1,1,1.66,one-year,dsl,electronic_check,premium,never
0,7.2,34.84,3,0,1,4.01,month-to-month,dsl,electronic_check,premium,past
1,13.5,101.95,2,1,0,3.82,month-to-month,dsl,electronic_check,premium,past
0,18.5,52.89,3,2,1,4.13,month-to-month,dsl,bank_transfer,plus,past
0,24.5,57.21,2,1,0,1.48,month-to-month,dsl,electronic_check,plus,current
1,21.5,107.76,1,1,1,3.48,month-to-month,fiber,electronic_check,plus,past
0,23.5,92.98,2,1,0,2.98,month-to-month,fiber,credit_card,basic,past
0,4.6,71.61,1,2,1,1.9,month-to-month,fiber,credit_card,basic,past
1,27.8,56.53,1,1,0,1.14,month-to-month,none,electronic_check,basic,never
0,44.4,90.91,3,4,0,3.99,two-year,fiber,bank_transfer,basic,past
0,28.2,78.48,2,2,1,1.61,two-year,dsl,electronic_check,plus,current
0,9.5,85.06,2,5,0,3.02,one-year,dsl,credit_card,plus,past
0,37.0,69.94,2,2,1,3.68,month-to-month,none,electronic_check,basic,never
1,30.1,114.19,1,1,2,2.52,month-to-month,dsl,electronic_check,basic,past
0,8.7,39.96,2,0,2,1.16,month-to-month,fiber,electronic_check,plus,past
0,3.5,122.38,2,2,1,4.05,month-to-month,fiber,electronic_check,basic,never
0,25.6,74.19,2,2,0,2.79,two-year,fiber,credit_card,plus,past
0,5.1,71.31,2,3,1,3.32,month-to-month,dsl,credit_card,basic,never
1,20.3,110.05,2,4,0,0.75,month-to-month,dsl,credit_card,basic,never
0,3.2,43.81,3,2,1,1.1,one-year,dsl,bank_transfer,premium,never
0,37.4,58.06,1,4,2,2.88,month-to-month,dsl,electronic_check,basic,current
0,1.1,107.04,3,2,0,2.32,one-year,fiber,electronic_check,basic,never
1,3.4,67.8,2,2,0,4.47,month-to-month,none,electronic_check,basic,never
0,9.5,71.84,1,1,0,1.09,month-to-month,fiber,electronic_check,basic,past
0,1.3,79.84,2,1,1,5.0,month-to-month,fiber,credit_card,plus,current
0,16.1,105.98,2,0,1,2.66,two-year,fiber,electronic_check,plus,never
0,7.6,45.37,3,0,1,1.66,month-to-month,fiber,electronic_check,plus,current
0,12.2,40.47,3,2,0,3.19,two-year,fiber,bank_transfer,basic,past
0,24.1,58.17,4,2,0,2.2,month-to-month,fiber,electronic_check,basic,never
1,25.6,57.27,2,4,1,4.78,month-to-month,dsl,credit_card,basic,past
0,5.8,72.07,1,3,1,0.65,two-year,fiber,electronic_check,plus,current
0,0.8,97.12,1,2,1,1.58,month-to-month,none,electronic_check,basic,never
0,2.5,66.91,1,1,0,3.52,month-to-month,fiber,bank_transfer,plus,current
0,9.5,46.34,3,2,0,1.18,month-to-month,dsl,electronic_check,premium,current
0,7.9,101.5,2,2,1,1.85,two-year,fiber,electronic_check,basic,past
0,51.1,68.17,2,3,0,2.0,month-to-month,dsl,credit_card,basic,past
1,6.9,71.75,2,4,1,1.49,one-year,fiber,electronic_check,basic,never
0,2.6,72.89,2,2,1,2.91,one-year,fiber,credit_card,basic,never
0,45.8,58.07,4,0,0,3.45,month-to-month,dsl,credit_card,plus,current
0,18.4,45.83,3,1,0,1.53,one-year,none,credit_card,plus,current
0,44.5,89.44,2,1,0,2.52,month-to-month,dsl,electronic_check,plus,past
0,4.0,68.65,2,2,1,3.28,one-year,fiber,bank_transfer,basic,past
0,14.1,98.63,3,0,0,2.43,month-to-month,fiber,credit_card,plus,past
0,30.7,64.27,4,3,1,3.36,month-to-month,fiber,electronic_check,plus,past
0,8.4,80.25,2,2,0,0.0,month-to-month,dsl,credit_card,plus,current
0,9.6,76.16,2,3,0,3.02,month-to-month,dsl,electronic_check,plus,past
0,70.7,74.72,2,2,0,2.17,month-to-month,dsl,credit_card,basic,past
0,10.8,85.82,3,7,0,2.75,one-year,dsl,electronic_check,basic,past
0,32.6,29.53,2,1,1,2.23,month-to-month,fiber,electronic_check,plus,never
0,9.3,56.29,3,2,2,4.22,month-to-month,fiber,credit_card,basic,never
1,11.1,99.78,1,2,1,1.83,one-year,dsl,electronic_check,premium,past
1,1.9,42.43,2,2,1,1.05,month-to-month,none,electronic_check,basic,never
0,14.8,74.59,1,3,0,4.11,month-to-month,fiber,bank_transfer,premium,past
1,11.7,102.28,3,1,1,4.49,month-to-month,fiber,electronic_check,basic,past
0,32.8,64.59,3,5,1,1.71,one-year,dsl,credit_card,basic,past
0,33.9,40.0,3,1,1,2.28,two-year,fiber,credit_card,basic,never
0,34.5,69.64,0,4,0,1.26,month-to-month,none,bank_transfer,basic,past
0,2.8,49.27,4,5,1,2.83,month-to-month,fiber,credit_card,basic,never
0,14.6,73.83,3,3,1,4.83,two-year,dsl,electronic_check,plus,never
0,3.6,53.22,1,1,1,5.44,one-year,fiber,electronic_check,plus,past
1,27.3,33.63,3,3,2,3.8,month-to-month,fiber,bank_transfer,basic,past
0,3.9,77.5,3,2,2,1.76,one-year,dsl,electronic_check,basic,never
0,9.0,36.88,3,2,2,2.1,month-to-month,fiber,electronic_check,basic,never
1,8.9,80.7,1,2,0,1.71,month-to-month,none,electronic_check,basic,past
0,35.0,73.49,2,2,0,1.34,month-to-month,dsl,bank_transfer,basic,never
0,5.7,52.81,2,3,2,2.29,month-to-month,fiber,credit_card,basic,past
0,4.1,67.75,2,3,0,1.4,month-to-month,fiber,bank_transfer,basic,current
1,25.2,80.68,2,1,0,3.03,month-to-month,fiber,electronic_check,plus,past
1,7.8,85.13,2,0,1,3.74,one-year,fiber,electronic_check,plus,past
0,19.4,70.05,2,3,0,2.79,month-to-month,dsl,electronic_check,plus,current
0,16.6,43.83,4,4,2,3.87,two-year,fiber,bank_transfer,plus,current
0,3.4,56.99,1,2,1,3.37,two-year,fiber,bank_transfer,basic,current
0,24.1,58.48,2,2,0,1.34,one-year,fiber,credit_card,plus,never
0,3.4,83.83,2,2,1,0.18,two-year,none,electronic_check,plus,never
1,14.5,35.3,1,1,1,3.9,month-to-month,fiber,electronic_check,plus,current
0,5.2,76.56,1,3,1,2.48,month-to-month,fiber,electronic_check,basic,current
0,18.1,19.43,3,1,0,2.84,month-to-month,dsl,credit_card,basic,past
1,13.4,114.55,4,4,1,2.79,month-to-month,fiber,electronic_check,basic,never
0,0.4,48.46,1,2,2,3.59,month-to-month,fiber,bank_transfer,basic,past
0,1.5,78.85,4,4,0,0.78,one-year,fiber,electronic_check,basic,never
0,10.9,67.83,1,4,0,2.62,month-to-month,fiber,credit_card,premium,never
0,7.4,71.02,2,0,1,2.27,month-to-month,fiber,credit_card,plus,current
0,11.3,106.08,3,3,1,2.13,month-to-month,fiber,credit_card,premium,current
0,23.2,65.16,1,1,0,1.07,month-to-month,none,electronic_check,plus,past
0,15.3,77.74,2,3,0,2.91,two-year,dsl,bank_transfer,plus,past
1,50.6,95.01,4,3,0,2.35,month-to-month,fiber,bank_transfer,basic,past
0,2.0,26.73,2,1,0,1.69,one-year,dsl,bank_transfer,basic,never
0,7.1,55.2,1,4,1,2.93,month-to-month,dsl,credit_card,basic,current
0,1.5,87.67,2,1,1,0.0,two-year,dsl,credit_card,plus,past
0,8.0,100.28,2,4,0,1.23,one-year,fiber,bank_transfer,premium,never
0,16.4,54.49,2,2,1,2.96,month-to-month,fiber,electronic_check,basic,past
0,21.4,91.42,2,1,1,1.3,two-year,dsl,electronic_check,basic,current
0,16.4,49.83,3,4,0,3.82,month-to-month,fiber,electronic_check,basic,never
0,25.5,24.16,1,1,0,0.6,two-year,fiber,electronic_check,basic,never
0,3.1,54.7,2,1,1,1.38,month-to-month,dsl,bank_transfer,basic,current
0,8.0,65.56,1,2,1,5.24,month-to-month,fiber,credit_card,basic,past
0,51.2,81.02,3,2,1,4.08,two-year,fiber,credit_card,basic,current
0,23.4,56.03,1,3,0,0.65,month-to-month,fiber,bank_transfer,basic,current
0,2.5,35.29,2,2,2,1.99,month-to-month,fiber,bank_transfer,basic,past
0,4.3,33.57,3,4,0,3.41,two-year,fiber,bank_transfer,basic,never
0,4.3,52.08,1,2,3,1.62,two-year,dsl,credit_card,plus,never
0,6.5,55.15,3,2,0,1.91,one-year,dsl,electronic_check,basic,past
0,0.1,97.66,2,3,0,1.62,one-year,fiber,electronic_check,basic,never
0,32.0,77.53,3,1,0,4.97,one-year,fiber,bank_transfer,plus,current
0,11.9,37.66,1,4,0,2.42,month-to-month,none,credit_card,basic,never
0,34.7,76.63,3,2,0,5.08,month-to-month,fiber,electronic_check,plus,never
0,3.2,98.06,1,3,1,3.24,month-to-month,dsl,bank_transfer,premium,past
1,16.1,55.69,3,5,1,1.62,two-year,fiber,credit_card,basic,past
0,32.3,32.86,2,2,0,3.13,one-year,fiber,credit_card,plus,never
0,18.2,96.92,2,4,0,1.6,month-to-month,dsl,credit_card,premium,never
0,23.9,66.73,1,2,0,3.02,month-to-month,none,credit_card,basic,past
1,2.3,102.95,2,0,0,1.69,month-to-month,fiber,credit_card,plus,never
0,0.9,52.17,2,2,0,2.56,month-to-month,fiber,electronic_check,basic,never
0,29.8,20.95,2,5,0,2.69,month-to-month,fiber,bank_transfer,basic,current
0,3.6,54.02,1,2,0,3.26,month-to-month,fiber,credit_card,basic,current
0,1.3,59.64,1,4,1,1.88,month-to-month,none,electronic_check,plus,never
0,4.8,81.37,2,1,0,2.79,two-year,fiber,electronic_check,plus,past
0,15.4,33.15,1,2,0,2.19,two-year,fiber,bank_transfer,plus,never
0,40.2,98.17,2,3,0,3.56,month-to-month,dsl,electronic_check,basic,past
0,49.2,62.27,0,1,0,1.29,month-to-month,none,credit_card,premium,past
1,21.3,100.02,2,2,0,1.87,month-to-month,fiber,bank_transfer,basic,past
1,8.5,38.29,2,3,1,2.09,month-to-month,fiber,electronic_check,basic,never
0,18.5,60.32,2,2,0,2.56,one-year,fiber,electronic_check,basic,never
1,8.0,111.13,2,1,1,1.59,month-to-month,fiber,credit_card,basic,never
0,3.4,60.88,4,4,1,2.31,two-year,dsl,electronic_check,basic,never
0,33.5,72.02,3,2,0,1.62,month-to-month,fiber,electronic_check,basic,never
1,9.0,38.78,3,3,1,2.03,month-to-month,fiber,electronic_check,basic,past
0,17.4,82.28,2,3,0,2.5,month-to-month,dsl,credit_card,basic,current
0,1.7,74.07,2,2,1,2.73,one-year,dsl,bank_transfer,basic,past
1,33.6,22.82,2,4,1,2.81,month-to-month,dsl,electronic_check,basic,past
1,12.8,51.18,3,1,1,3.77,month-to-month,fiber,bank_transfer,basic,past
0,7.5,97.07,1,1,0,1.05,two-year,none,electronic_check,basic,current
0,5.7,102.75,2,2,0,2.41,month-to-month,dsl,electronic_check,basic,never
0,18.0,92.84,4,0,0,2.67,month-to-month,fiber,credit_card,plus,current
0,14.9,87.94,2,3,1,3.42,one-year,fiber,bank_transfer,premium,past
0,2.4,50.38,3,2,0,2.26,month-to-month,fiber,bank_transfer,basic,current
0,3.4,67.35,1,2,1,4.05,month-to-month,fiber,electronic_check,basic,past
0,30.4,83.91,2,1,0,0.0,month-to-month,none,electronic_check,plus,past
0,11.1,99.69,2,1,0,1.32,month-to-month,fiber,electronic_check,basic,past
0,48.2,62.1,1,3,1,0.14,month-to-month,none,bank_transfer,basic,past
0,11.7,72.79,1,2,0,4.73,two-year,fiber,bank_transfer,basic,past
0,3.0,70.95,2,2,0,1.58,month-to-month,fiber,bank_transfer,premium,never
0,6.0,80.26,2,2,0,3.4,month-to-month,fiber,credit_card,basic,past
0,16.1,117.15,2,2,1,2.82,month-to-month,fiber,electronic_check,basic,current
0,18.6,70.98,0,2,1,0.87,one-year,none,credit_card,plus,never
1,3.4,93.46,2,4,0,3.7,month-to-month,fiber,credit_card,basic,past
0,3.9,57.04,1,2,2,3.43,month-to-month,fiber,electronic_check,basic,never
0,21.0,73.76,2,3,1,1.92,two-year,dsl,electronic_check,basic,past
1,0.1,87.48,2,4,0,3.92,month-to-month,dsl,electronic_check,plus,past
0,18.1,91.04,2,3,0,1.1,one-year,dsl,credit_card,basic,never
0,6.9,118.94,1,3,2,2.75,one-year,dsl,electronic_check,basic,never
0,6.0,60.05,2,1,0,3.37,month-to-month,dsl,bank_transfer,basic,never
0,26.7,56.6,3,2,2,2.47,month-to-month,dsl,credit_card,plus,never
0,13.7,95.75,0,0,0,0.59,one-year,none,electronic_check,plus,past
0,7.0,74.43,1,3,1,0.6,month-to-month,fiber,bank_transfer,basic,past
0,34.8,58.26,3,1,1,0.05,month-to-month,dsl,credit_card,basic,never
0,13.3,104.95,2,3,0,1.23,month-to-month,dsl,credit_card,basic,never
0,8.6,55.14,1,1,0,1.35,month-to-month,fiber,credit_card,basic,current
0,0.6,37.66,3,2,0,1.87,month-to-month,fiber,electronic_check,basic,past
0,16.4,67.42,4,4,0,0.85,month-to-month,fiber,electronic_check,plus,never
0,11.7,108.16,0,5,3,2.26,one-year,none,bank_transfer,basic,current
0,29.4,50.46,2,3,0,2.98,month-to-month,fiber,credit_card,premium,past
1,18.5,84.95,4,5,0,1.84,one-year,dsl,bank_transfer,basic,past
0,32.5,47.72,2,1,0,1.4,month-to-month,dsl,bank_transfer,premium,past
0,8.0,65.71,2,1,1,5.05,one-year,fiber,bank_transfer,plus,never
0,2.7,75.95,1,1,0,3.3,one-year,fiber,credit_card,plus,never
0,38.1,67.31,3,1,0,3.25,month-to-month,dsl,credit_card,plus,past
0,10.4,134.44,1,3,0,2.95,month-to-month,dsl,credit_card,basic,past
0,35.6,86.2,1,2,0,1.45,month-to-month,fiber,electronic_check,basic,current
0,20.3,68.24,1,1,0,0.0,month-to-month,dsl,credit_card,basic,past
0,13.5,93.81,1,3,0,1.02,one-year,fiber,electronic_check,basic,current
0,2.1,102.93,3,2,0,3.72,month-to-month,dsl,bank_transfer,plus,never
0,22.0,88.54,2,1,2,2.86,month-to-month,fiber,electronic_check,basic,current
0,4.4,56.76,3,0,2,3.9,month-to-month,fiber,bank_transfer,plus,never
0,21.7,45.39,2,2,1,1.92,one-year,fiber,credit_card,basic,past
0,4.0,90.24,2,3,1,3.48,two-year,none,electronic_check,basic,past
0,22.5,48.25,3,3,0,1.33,one-year,fiber,credit_card,basic,current
0,15.8,57.19,2,1,0,1.76,one-year,none,credit_card,plus,current
0,0.2,97.07,3,3,1,3.09,month-to-month,dsl,bank_transfer,plus,current
0,8.3,43.68,2,1,0,2.03,month-to-month,none,bank_transfer,basic,never
0,5.3,94.23,1,1,1,3.31,one-year,dsl,electronic_check,premium,never
0,54.1,68.25,2,2,1,0.03,month-to-month,dsl,credit_card,basic,current
0,1.4,79.6,2,1,0,4.5,month-to-month,fiber,electronic_check,plus,current
0,12.1,53.64,2,1,0,0.6,month-to-month,fiber,electronic_check,plus,past
0,24.5,57.14,1,3,0,0.56,two-year,dsl,credit_card,basic,never
0,4.6,22.31,3,5,0,2.17,month-to-month,dsl,credit_card,basic,past
0,7.6,37.84,2,1,0,3.9,month-to-month,fiber,credit_card,basic,past
0,19.1,93.35,2,2,2,0.6,two-year,fiber,electronic_check,basic,past
0,13.0,40.85,2,2,1,1.87,month-to-month,dsl,electronic_check,basic,never
0,16.4,81.31,2,2,0,3.6,two-year,fiber,electronic_check,plus,never
1,6.1,75.79,3,1,0,1.02,month-to-month,fiber,credit_card,basic,past
0,43.5,77.85,3,0,1,1.73,month-to-month,fiber,electronic_check,plus,past
0,5.4,46.03,2,4,1,1.18,month-to-month,fiber,bank_transfer,basic,past
1,8.6,89.55,2,4,0,3.08,month-to-month,dsl,credit_card,basic,never
0,28.7,41.35,3,3,0,2.96,month-to-month,fiber,electronic_check,plus,never
0,21.7,80.87,4,2,1,2.79,month-to-month,dsl,credit_card,plus,past
0,2.1,63.24,3,0,1,3.05,two-year,fiber,electronic_check,plus,never
0,15.9,77.69,3,3,1,1.56,month-to-month,dsl,electronic_check,plus,never
0,11.6,94.41,2,0,0,1.44,month-to-month,dsl,electronic_check,plus,past
0,44.5,86.78,1,3,1,2.2,month-to-month,none,credit_card,basic,past
0,0.9,80.2,3,3,2,3.62,month-to-month,fiber,bank_transfer,basic,current
0,11.5,88.08,2,3,1,0.15,month-to-month,none,electronic_check,basic,past
0,34.5,80.96,2,3,0,0.65,one-year,none,electronic_check,plus,never
0,7.5,22.46,3,3,0,3.45,two-year,fiber,credit_card,basic,past
0,6.2,65.51,1,2,1,1.74,month-to-month,dsl,electronic_check,basic,never
0,9.0,30.35,1,1,1,3.17,month-to-month,fiber,electronic_check,plus,current
0,48.1,57.37,2,0,0,4.46,two-year,fiber,bank_transfer,plus,never
0,0.7,60.35,2,2,0,2.47,one-year,fiber,bank_transfer,basic,past
0,19.1,37.38,4,3,0,1.16,month-to-month,dsl,credit_card,basic,current
0,6.0,80.12,3,3,1,2.17,month-to-month,dsl,electronic_check,premium,current
0,47.2,61.0,1,2,1,0.6,month-to-month,fiber,bank_transfer,basic,never
0,34.9,52.93,2,3,2,1.4,month-to-month,fiber,bank_transfer,basic,current
0,3.7,95.7,1,4,1,1.66,month-to-month,none,electronic_check,basic,never
0,56.6,48.35,3,3,1,0.17,month-to-month,dsl,credit_card,basic,past
0,46.3,81.91,3,1,1,4.24,month-to-month,fiber,bank_transfer,premium,never
0,26.0,62.23,2,5,0,1.99,two-year,fiber,electronic_check,basic,past
0,9.5,92.35,2,1,1,3.31,one-year,fiber,electronic_check,basic,current
0,30.8,80.79,2,1,1,1.96,one-year,fiber,electronic_check,basic,past
0,2.5,67.17,3,2,0,0.6,one-year,fiber,credit_card,plus,never
0,0.1,112.35,1,2,1,1.27,two-year,dsl,electronic_check,basic,current
0,27.5,79.16,1,2,0,2.12,two-year,dsl,credit_card,plus,past
1,48.4,56.15,2,2,1,2.23,month-to-month,fiber,credit_card,basic,past
1,1.4,90.54,3,1,1,3.6,month-to-month,fiber,electronic_check,basic,never
0,7.9,82.77,1,2,1,2.36,two-year,fiber,electronic_check,basic,current
0,5.5,92.86,2,1,0,2.75,month-to-month,fiber,electronic_check,basic,past
0,10.3,100.59,2,4,0,2.0,month-to-month,fiber,credit_card,plus,past
0,0.4,80.06,3,3,0,4.64,one-year,fiber,electronic_check,plus,never
0,15.5,44.09,4,5,1,1.87,month-to-month,fiber,electronic_check,basic,never
0,3.4,39.88,2,2,1,2.06,month-to-month,fiber,electronic_check,basic,never
0,64.3,65.64,3,1,1,2.14,month-to-month,dsl,credit_card,premium,current
0,19.3,94.3,1,2,0,3.05,one-year,fiber,electronic_check,basic,past
0,39.9,61.88,1,2,0,1.42,month-to-month,fiber,credit_card,basic,never
0,3.4,44.36,2,1,0,2.4,two-year,none,credit_card,plus,never
1,38.2,83.47,2,4,1,3.47,month-to-month,none,electronic_check,basic,never
0,33.4,100.95,2,2,1,3.63,one-year,none,bank_transfer,premium,current
0,26.9,45.96,3,4,2,3.43,month-to-month,dsl,bank_transfer,plus,past
0,0.4,92.68,1,2,1,3.44,two-year,fiber,electronic_check,basic,never
0,8.3,86.93,2,4,0,0.66,month-to-month,dsl,credit_card,basic,past
0,48.6,30.42,1,4,0,2.23,month-to-month,fiber,credit_card,basic,current
1,3.1,90.49,2,3,1,0.56,month-to-month,dsl,electronic_check,basic,past
0,12.4,27.74,2,0,1,3.68,one-year,fiber,electronic_check,plus,current
0,20.7,40.92,1,1,0,3.51,month-to-month,fiber,credit_card,basic,past
0,2.0,52.13,1,4,0,2.3,month-to-month,dsl,credit_card,basic,past
0,5.1,45.64,1,1,0,3.04,month-to-month,dsl,electronic_check,plus,never
0,0.7,67.66,1,0,1,1.61,month-to-month,fiber,bank_transfer,premium,never
0,19.8,72.85,2,0,0,3.8,two-year,dsl,credit_card,premium,past
0,71.4,60.27,2,3,1,4.61,one-year,fiber,electronic_check,basic,past
0,39.9,63.7,2,1,1,2.84,month-to-month,fiber,credit_card,plus,past
1,3.5,66.57,3,2,1,0.6,month-to-month,fiber,electronic_check,basic,past
0,36.9,20.72,1,3,0,3.44,month-to-month,dsl,electronic_check,basic,current
0,17.0,49.55,1,4,1,2.8,month-to-month,fiber,credit_card,basic,current
1,36.9,61.65,3,2,0,1.67,month-to-month,dsl,credit_card,plus,never
0,39.2,44.45,2,1,0,1.08,one-year,none,electronic_check,basic,never
0,18.0,76.42,2,3,1,0.77,month-to-month,dsl,bank_transfer,basic,never
0,6.1,94.42,3,1,0,2.85,month-to-month,dsl,bank_transfer,plus,never
0,60.3,48.69,1,1,1,3.4,month-to-month,none,bank_transfer,basic,never
0,8.0,62.67,3,3,0,1.32,one-year,fiber,credit_card,basic,past
0,22.5,48.62,2,4,0,2.73,month-to-month,dsl,electronic_check,plus,never
0,1.8,96.73,0,4,1,5.65,month-to-month,none,electronic_check,basic,never
0,13.7,55.11,2,3,1,0.81,month-to-month,dsl,bank_transfer,plus,past
0,4.7,55.6,2,4,0,2.04,one-year,dsl,bank_transfer,basic,past
0,15.8,36.41,2,1,1,3.04,month-to-month,fiber,electronic_check,plus,past
0,39.0,110.88,2,3,0,1.7,one-year,dsl,credit_card,basic,current
0,32.1,96.37,2,4,0,2.57,one-year,fiber,electronic_check,basic,past
0,20.5,62.58,2,3,1,3.05,one-year,fiber,bank_transfer,basic,past
1,8.3,58.49,1,2,0,4.48,month-to-month,fiber,bank_transfer,basic,past
0,8.6,71.15,1,1,0,3.42,one-year,fiber,electronic_check,plus,past
0,16.2,95.16,3,3,1,2.59,one-year,dsl,electronic_check,basic,never
1,13.1,53.88,3,3,1,3.31,month-to-month,fiber,electronic_check,basic,past
0,3.7,61.45,2,3,0,0.87,month-to-month,none,electronic_check,basic,current
0,0.5,77.74,2,3,0,3.88,one-year,fiber,electronic_check,basic,never
0,19.0,55.75,1,2,1,4.73,month-to-month,dsl,credit_card,basic,current
0,14.0,64.17,2,1,0,4.37,two-year,fiber,credit_card,basic,never
0,1.6,129.81,2,1,1,4.01,month-to-month,fiber,bank_transfer,basic,never
0,14.6,75.09,1,0,2,0.0,one-year,dsl,bank_transfer,plus,past
0,13.2,50.29,1,1,2,0.36,one-year,dsl,electronic_check,plus,past
0,10.0,39.42,2,2,1,0.0,month-to-month,dsl,electronic_check,basic,never
0,9.8,69.91,3,3,2,2.46,one-year,dsl,credit_card,premium,past
0,32.7,106.15,3,2,0,2.96,month-to-month,fiber,credit_card,plus,never
0,29.0,86.54,2,3,0,2.65,one-year,fiber,credit_card,basic,past
0,41.6,65.27,2,1,0,2.19,month-to-month,fiber,electronic_check,plus,current
0,11.1,68.26,2,3,1,0.0,month-to-month,none,bank_transfer,premium,current
0,14.8,100.49,2,1,1,3.38,month-to-month,fiber,credit_card,basic,past
0,38.3,59.23,1,0,0,2.59,month-to-month,none,bank_transfer,premium,never
0,13.0,45.24,1,1,0,2.2,two-year,fiber,bank_transfer,plus,never
0,16.1,81.65,2,1,1,3.53,month-to-month,fiber,bank_transfer,plus,past
0,4.6,61.18,1,1,1,1.62,two-year,none,electronic_check,plus,past
0,26.8,123.54,3,1,0,1.97,month-to-month,fiber,credit_card,plus,past
0,25.8,74.66,1,3,0,0.66,two-year,dsl,electronic_check,basic,never
0,14.3,91.48,3,1,0,2.07,month-to-month,fiber,bank_transfer,plus,never
1,29.9,85.29,2,3,0,1.84,month-to-month,fiber,electronic_check,plus,past
0,9.0,39.47,4,1,0,3.48,two-year,fiber,credit_card,premium,past
0,2.5,16.61,2,4,2,1.73,month-to-month,dsl,electronic_check,basic,never
0,3.2,66.99,3,0,1,1.08,month-to-month,dsl,electronic_check,plus,past
1,16.1,59.15,1,1,1,0.6,one-year,fiber,bank_transfer,basic,past
1,6.4,87.12,0,1,1,0.77,month-to-month,none,bank_transfer,plus,past
0,14.6,45.01,1,0,1,2.26,month-to-month,dsl,electronic_check,plus,past
0,2.0,94.52,3,2,0,4.06,one-year,fiber,credit_card,plus,never
0,17.2,74.16,2,3,0,2.49,one-year,fiber,electronic_check,basic,never
0,14.9,65.55,1,2,0,2.68,one-year,dsl,electronic_check,basic,never
0,19.4,32.66,1,1,1,2.2,two-year,fiber,bank_transfer,plus,never
0,3.6,74.38,2,3,0,2.95,month-to-month,fiber,bank_transfer,basic,never
0,11.5,79.63,1,2,0,1.32,month-to-month,dsl,electronic_check,basic,past
0,10.4,85.46,1,1,0,3.51,month-to-month,fiber,bank_transfer,premium,current
0,18.7,53.9,1,4,1,1.98,two-year,dsl,bank_transfer,basic,never
0,25.0,73.66,2,6,0,3.33,two-year,dsl,credit_card,premium,past
0,30.3,91.96,2,0,2,1.31,one-year,dsl,bank_transfer,premium,past
0,23.0,36.54,1,1,0,3.39,month-to-month,fiber,electronic_check,basic,never
0,10.2,59.45,2,1,0,0.0,one-year,dsl,bank_transfer,premium,past
1,57.3,81.14,3,2,1,1.72,month-to-month,dsl,credit_card,plus,past
0,22.0,62.28,2,3,0,3.46,month-to-month,fiber,electronic_check,plus,current
0,6.5,94.59,2,3,0,1.51,month-to-month,fiber,electronic_check,plus,past
1,9.1,103.14,2,3,1,2.85,month-to-month,fiber,electronic_check,basic,current
0,25.0,38.39,2,2,0,6.18,month-to-month,fiber,electronic_check,basic,past
1,72.0,79.25,3,3,1,0.86,month-to-month,fiber,electronic_check,basic,current
0,8.8,62.61,2,1,0,1.06,one-year,dsl,electronic_check,plus,never
0,41.1,40.91,3,2,0,0.95,two-year,fiber,electronic_check,basic,current
0,10.4,34.19,1,4,0,2.09,month-to-month,fiber,electronic_check,basic,never
0,22.0,33.27,1,2,0,2.45,one-year,none,credit_card,premium,never
1,17.5,49.2,3,2,0,4.05,month-to-month,fiber,electronic_check,plus,never
0,14.7,63.9,3,3,1,3.0,month-to-month,fiber,electronic_check,basic,never
0,18.0,52.03,2,0,1,2.04,month-to-month,fiber,electronic_check,premium,current
0,33.7,84.8,3,2,1,0.99,one-year,fiber,credit_card,basic,past
0,9.9,97.77,3,2,0,0.67,month-to-month,dsl,credit_card,plus,never
0,29.1,24.92,2,3,4,0.6,month-to-month,fiber,bank_transfer,basic,never
0,28.3,133.57,3,3,1,0.82,one-year,dsl,electronic_check,plus,current
1,2.1,70.89,1,3,1,2.49,month-to-month,fiber,electronic_check,premium,past
0,16.2,74.44,2,2,0,2.06,two-year,fiber,bank_transfer,basic,past
0,21.5,94.03,1,3,0,2.22,two-year,fiber,electronic_check,basic,never
0,6.7,92.87,1,5,0,3.23,month-to-month,dsl,bank_transfer,basic,never
0,72.0,61.8,2,1,0,3.43,month-to-month,fiber,electronic_check,basic,current
0,19.4,10.0,1,1,0,1.03,month-to-month,dsl,electronic_check,basic,never
0,13.0,96.93,2,2,2,3.4,one-year,fiber,electronic_check,plus,current
0,18.0,72.57,2,4,0,2.51,month-to-month,fiber,credit_card,basic,never
0,3.4,99.15,1,1,0,0.38,month-to-month,dsl,electronic_check,premium,never
0,43.2,41.61,3,1,1,2.06,month-to-month,fiber,electronic_check,premium,never
0,22.8,50.72,2,3,1,1.87,month-to-month,fiber,credit_card,basic,past
0,15.4,65.34,2,4,1,1.57,two-year,fiber,credit_card,plus,never
0,25.1,25.46,2,1,1,2.3,one-year,dsl,electronic_check,basic,never
0,10.9,68.81,3,2,0,1.26,one-year,dsl,credit_card,plus,past
0,8.3,55.41,3,3,0,0.95,two-year,dsl,electronic_check,premium,current
0,42.5,51.13,2,1,0,2.9,month-to-month,fiber,bank_transfer,basic,never
0,33.6,106.77,2,0,1,2.48,two-year,dsl,bank_transfer,premium,past
0,2.2,69.82,2,2,2,0.6,one-year,fiber,electronic_check,plus,never
0,7.0,135.14,2,4,0,1.86,month-to-month,fiber,electronic_check,premium,current
0,1.6,96.62,2,3,2,1.63,month-to-month,none,electronic_check,basic,never
0,72.0,97.68,2,1,0,4.9,month-to-month,dsl,credit_card,plus,current
0,7.8,66.85,2,4,0,3.67,month-to-month,fiber,bank_transfer,premium,never
0,58.5,62.17,2,3,2,1.09,two-year,fiber,bank_transfer,basic,past
0,38.8,95.51,0,1,1,1.98,one-year,none,electronic_check,plus,never
1,18.4,94.37,3,3,1,2.38,month-to-month,fiber,electronic_check,basic,past
0,19.2,61.49,2,3,2,2.04,two-year,fiber,credit_card,basic,never
0,33.3,47.89,2,2,1,2.56,two-year,fiber,electronic_check,basic,current
0,8.4,75.06,2,1,1,3.8,month-to-month,dsl,electronic_check,plus,never
0,8.4,34.6,2,0,2,4.69,month-to-month,fiber,electronic_check,plus,past
0,33.9,97.89,2,1,2,1.3,two-year,dsl,bank_transfer,plus,current
0,4.2,112.76,4,1,0,1.75,month-to-month,dsl,electronic_check,plus,past
0,7.6,61.56,1,4,0,3.08,month-to-month,none,bank_transfer,basic,past
0,5.4,83.97,1,0,0,4.55,month-to-month,fiber,electronic_check,premium,never
0,0.8,33.94,4,2,1,2.5,month-to-month,fiber,credit_card,plus,never
0,5.7,73.54,1,4,0,2.9,two-year,dsl,electronic_check,basic,past
0,16.0,45.42,2,5,1,3.4,month-to-month,none,electronic_check,basic,past
0,39.8,61.17,3,2,0,4.64,one-year,fiber,credit_card,basic,past
0,24.4,71.85,1,3,0,2.19,two-year,dsl,bank_transfer,basic,never
0,27.5,79.64,2,1,1,2.01,month-to-month,none,bank_transfer,basic,past
1,21.0,37.92,2,2,0,0.95,one-year,dsl,electronic_check,basic,past
1,23.3,114.34,2,7,0,2.47,two-year,dsl,electronic_check,basic,past
0,7.2,85.19,2,0,0,2.37,one-year,dsl,electronic_check,premium,past
0,19.2,32.56,2,1,2,3.16,month-to-month,fiber,bank_transfer,plus,past
0,0.1,62.33,3,3,1,2.44,one-year,dsl,electronic_check,premium,current
1,16.4,61.42,3,5,1,2.65,month-to-month,fiber,bank_transfer,basic,past
0,15.7,94.38,1,3,1,0.43,two-year,dsl,bank_transfer,basic,current
0,14.8,48.16,4,3,0,2.31,one-year,dsl,electronic_check,premium,past
1,29.3,87.52,2,3,0,3.59,month-to-month,dsl,bank_transfer,plus,never
0,0.4,94.48,1,3,1,1.32,month-to-month,none,electronic_check,basic,past
0,15.7,58.23,3,5,2,1.94,month-to-month,dsl,credit_card,basic,current
1,10.5,62.51,2,2,0,2.4,month-to-month,fiber,electronic_check,basic,never
0,26.7,46.91,2,1,1,4.09,month-to-month,dsl,bank_transfer,premium,never
0,16.8,58.33,1,1,0,1.7,one-year,fiber,electronic_check,basic,past
0,27.3,30.38,3,1,0,2.85,two-year,dsl,electronic_check,basic,never
0,12.4,68.84,3,2,0,3.09,month-to-month,fiber,electronic_check,basic,current
0,32.1,78.47,2,2,1,3.72,one-year,fiber,bank_transfer,plus,past
0,12.2,79.91,3,4,0,1.84,month-to-month,dsl,electronic_check,premium,current
0,13.0,116.44,2,2,1,2.55,one-year,dsl,bank_transfer,premium,past
0,3.2,54.29,2,3,1,2.7,two-year,fiber,electronic_check,basic,never
0,7.4,72.44,1,0,2,4.55,one-year,fiber,electronic_check,plus,past
0,2.7,125.45,3,2,0,3.78,month-to-month,fiber,bank_transfer,plus,never
0,9.8,76.89,1,0,0,2.95,month-to-month,fiber,bank_transfer,plus,past
0,18.2,60.91,1,4,0,1.6,two-year,dsl,electronic_check,basic,never
0,3.1,69.67,2,1,0,2.99,month-to-month,fiber,credit_card,premium,past
0,4.4,96.02,3,1,0,1.64,two-year,dsl,credit_card,basic,never
1,0.3,104.43,3,1,1,6.03,month-to-month,dsl,electronic_check,basic,never
0,27.1,65.51,3,0,0,4.65,month-to-month,fiber,electronic_check,plus,current
0,17.4,77.07,0,2,1,3.76,one-year,none,bank_transfer,basic,never
0,2.3,97.97,1,3,1,2.72,month-to-month,dsl,electronic_check,basic,past
0,15.8,58.93,2,2,1,2.25,month-to-month,fiber,credit_card,basic,current
0,11.8,85.15,2,3,1,2.11,month-to-month,dsl,electronic_check,plus,current
0,1.4,41.0,3,3,0,3.42,one-year,fiber,bank_transfer,basic,never
0,20.6,71.37,2,1,1,3.31,month-to-month,dsl,bank_transfer,basic,never
0,8.0,47.78,1,1,1,0.0,month-to-month,dsl,credit_card,basic,past
1,18.0,79.27,2,2,0,1.54,one-year,fiber,electronic_check,basic,past
0,25.6,88.21,3,4,0,0.53,month-to-month,dsl,electronic_check,plus,never
1,2.8,71.69,2,6,0,0.0,month-to-month,dsl,credit_card,basic,never
1,15.8,83.69,3,4,1,0.7,month-to-month,fiber,electronic_check,basic,past
0,4.6,126.68,2,3,0,1.33,month-to-month,dsl,credit_card,basic,never
0,22.4,74.94,1,3,2,0.86,one-year,fiber,electronic_check,basic,past
0,1.3,67.85,4,2,1,3.81,month-to-month,dsl,bank_transfer,basic,current
0,37.3,82.69,1,1,2,3.5,one-year,none,electronic_check,basic,current
0,19.8,83.36,2,2,0,3.05,one-year,fiber,electronic_check,plus,past
0,9.0,67.06,3,4,0,1.4,one-year,fiber,electronic_check,basic,current
0,0.9,105.43,2,1,0,5.36,one-year,fiber,electronic_check,basic,never
0,6.4,28.21,3,3,0,3.05,one-year,fiber,bank_transfer,plus,past
1,24.4,78.62,1,2,2,2.89,month-to-month,fiber,electronic_check,basic,past
1,37.2,61.04,2,2,1,2.38,month-to-month,fiber,electronic_check,basic,current
0,12.6,98.89,3,1,0,2.5,month-to-month,fiber,electronic_check,basic,never
0,5.2,74.93,2,1,0,0.09,one-year,dsl,bank_transfer,basic,past
0,5.6,80.17,3,2,1,1.5,two-year,fiber,bank_transfer,plus,past
0,20.0,73.99,3,1,0,1.38,month-to-month,dsl,electronic_check,plus,never
0,7.3,27.02,3,2,3,3.34,month-to-month,fiber,electronic_check,basic,current
0,23.8,67.47,1,3,0,1.59,month-to-month,dsl,electronic_check,basic,never
0,8.2,91.93,1,2,0,3.29,month-to-month,fiber,bank_transfer,premium,never
1,6.4,94.26,2,3,1,0.72,month-to-month,dsl,electronic_check,basic,never
0,7.5,55.77,2,2,0,3.44,month-to-month,fiber,electronic_check,basic,never
0,72.0,31.1,1,1,0,3.45,month-to-month,dsl,bank_transfer,basic,never
0,3.4,72.42,1,2,0,1.16,two-year,dsl,electronic_check,basic,current
0,7.0,55.5,2,1,0,2.89,month-to-month,dsl,electronic_check,premium,current
0,3.9,118.23,2,2,0,2.34,one-year,dsl,bank_transfer,basic,current
0,36.5,34.11,2,1,0,2.11,month-to-month,fiber,bank_transfer,basic,current
1,6.2,60.23,3,1,0,2.61,month-to-month,fiber,electronic_check,premium,past
0,24.6,89.29,3,2,0,2.06,one-year,fiber,credit_card,plus,never
0,1.4,92.97,4,1,0,1.08,two-year,fiber,bank_transfer,basic,never
0,42.1,106.43,4,1,0,0.0,month-to-month,dsl,bank_transfer,basic,never
0,19.1,100.14,1,0,0,3.76,two-year,none,bank_transfer,plus,past
0,63.9,69.14,2,1,1,3.01,month-to-month,dsl,bank_transfer,plus,past
0,9.3,50.61,1,2,0,2.82,month-to-month,dsl,credit_card,plus,never
0,1.1,70.66,3,1,0,1.79,month-to-month,dsl,electronic_check,basic,past
1,4.4,55.02,2,4,0,2.48,month-to-month,fiber,electronic_check,basic,past
0,8.8,74.62,0,1,1,2.16,month-to-month,none,credit_card,premium,never
1,8.3,42.39,1,2,0,2.14,month-to-month,dsl,bank_transfer,basic,past
0,10.9,62.69,1,1,0,2.9,two-year,fiber,bank_transfer,basic,current
0,2.5,71.32,1,2,1,0.75,month-to-month,none,credit_card,premium,past
0,1.0,62.86,1,0,1,0.41,two-year,dsl,credit_card,premium,never
0,11.3,84.68,0,1,0,2.48,two-year,none,credit_card,basic,never
0,11.2,43.05,3,2,2,2.92,month-to-month,fiber,bank_transfer,basic,current
0,4.7,63.61,2,2,0,2.11,one-year,fiber,electronic_check,premium,never
0,10.4,43.75,2,2,1,2.73,month-to-month,dsl,electronic_check,basic,never
0,31.8,75.06,2,1,2,2.46,month-to-month,none,electronic_check,plus,past
0,15.4,81.46,4,2,0,1.68,one-year,fiber,electronic_check,plus,current
1,16.4,54.87,2,3,1,4.15,month-to-month,fiber,bank_transfer,basic,never
0,6.5,86.72,2,2,1,2.13,one-year,fiber,electronic_check,basic,never
0,10.4,77.42,2,2,1,2.66,two-year,dsl,credit_card,basic,past
0,1.8,95.64,3,2,1,1.33,one-year,dsl,electronic_check,premium,current
0,11.3,87.92,1,0,0,3.02,one-year,fiber,bank_transfer,plus,past
0,72.0,46.04,2,4,1,2.62,month-to-month,fiber,bank_transfer,plus,never
1,11.8,112.44,1,1,0,1.96,month-to-month,fiber,credit_card,plus,past
1,8.0,75.95,2,4,1,1.83,month-to-month,fiber,electronic_check,basic,current
0,1.3,70.21,0,3,1,0.0,month-to-month,none,credit_card,basic,never
0,7.7,64.46,2,0,2,3.68,one-year,fiber,electronic_check,premium,past
0,35.8,92.08,2,2,0,4.97,month-to-month,fiber,electronic_check,basic,never
0,33.6,43.94,1,2,2,2.57,month-to-month,none,electronic_check,basic,past
0,28.4,66.46,3,2,0,3.4,month-to-month,dsl,credit_card,basic,past
0,18.2,60.29,2,2,0,3.02,two-year,none,electronic_check,plus,never
0,6.4,77.52,2,2,0,1.76,month-to-month,fiber,electronic_check,plus,never
0,38.6,38.04,2,1,0,2.66,month-to-month,dsl,credit_card,basic,past
0,15.2,63.65,1,3,1,1.77,one-year,fiber,electronic_check,basic,never
0,4.7,60.3,1,1,0,1.72,month-to-month,fiber,bank_transfer,plus,never
0,7.7,57.23,2,2,0,3.94,month-to-month,fiber,credit_card,basic,never
0,72.0,72.6,2,3,1,0.22,two-year,dsl,electronic_check,plus,never
0,24.5,71.92,2,3,1,3.64,two-year,fiber,bank_transfer,basic,past
0,12.8,36.28,2,5,1,2.7,month-to-month,fiber,bank_transfer,plus,never
0,6.2,103.92,3,3,1,3.53,one-year,dsl,credit_card,basic,never
0,2.3,57.26,3,0,0,2.48,one-year,dsl,bank_transfer,plus,never
0,4.1,27.78,2,1,1,2.78,one-year,fiber,electronic_check,plus,past
0,7.2,89.41,1,3,0,1.72,month-to-month,dsl,credit_card,basic,never
0,18.9,65.45,1,3,1,3.23,one-year,fiber,bank_transfer,basic,current
0,17.5,101.48,2,2,0,1.18,two-year,dsl,electronic_check,plus,current
0,39.0,57.81,2,3,1,1.35,one-year,fiber,credit_card,premium,never
0,2.2,65.31,1,1,4,0.41,month-to-month,dsl,electronic_check,basic,past
0,24.3,106.81,3,4,1,2.83,one-year,dsl,bank_transfer,basic,never
0,0.4,80.77,2,3,2,2.24,two-year,fiber,credit_card,basic,past
0,23.1,31.02,2,2,0,2.56,one-year,fiber,credit_card,basic,past
0,9.2,62.62,2,0,1,4.68,month-to-month,fiber,bank_transfer,premium,past
0,18.9,39.96,1,2,1,3.52,month-to-month,fiber,credit_card,basic,never
0,4.6,28.82,1,5,0,3.24,month-to-month,fiber,electronic_check,basic,past
0,38.7,120.14,2,1,0,1.51,month-to-month,dsl,electronic_check,basic,past
0,3.8,81.12,1,0,1,0.81,month-to-month,fiber,electronic_check,premium,never
1,72.0,42.25,3,2,1,2.96,month-to-month,fiber,credit_card,plus,past
0,0.3,65.43,1,2,0,4.65,two-year,fiber,electronic_check,plus,never
0,9.8,64.79,2,3,1,1.32,month-to-month,none,electronic_check,plus,past
0,3.5,66.12,1,0,1,2.15,month-to-month,fiber,bank_transfer,plus,past
0,0.6,105.51,3,4,0,1.26,month-to-month,fiber,bank_transfer,basic,never
0,0.1,94.29,0,2,1,2.73,one-year,none,bank_transfer,plus,past
1,52.0,100.49,2,1,0,2.2,month-to-month,fiber,electronic_check,basic,never
0,36.0,44.18,2,2,0,0.45,month-to-month,none,bank_transfer,basic,current
0,4.3,66.72,1,1,1,1.93,month-to-month,dsl,electronic_check,plus,never
0,10.5,78.3,1,3,0,4.59,month-to-month,dsl,electronic_check,basic,never
0,33.4,63.76,2,1,0,3.86,month-to-month,fiber,bank_transfer,plus,past
0,20.2,62.46,2,3,0,3.96,two-year,dsl,credit_card,basic,never
0,7.2,65.95,2,1,0,5.82,one-year,none,electronic_check,basic,current
0,2.4,125.58,2,4,0,0.36,month-to-month,none,electronic_check,basic,past
0,12.3,104.21,3,3,0,2.8,one-year,fiber,electronic_check,basic,past
0,8.4,96.5,3,4,3,1.85,two-year,dsl,credit_card,basic,past
0,29.9,51.03,2,3,1,3.76,month-to-month,none,bank_transfer,basic,past
0,3.8,113.1,1,0,0,3.18,month-to-month,fiber,electronic_check,plus,current
0,6.2,110.05,2,6,0,2.77,month-to-month,fiber,electronic_check,basic,past
0,38.7,97.18,3,3,0,2.41,month-to-month,dsl,bank_transfer,plus,current
0,1.5,100.07,2,1,0,1.71,one-year,dsl,electronic_check,premium,past
0,8.2,81.27,3,3,0,1.11,one-year,dsl,credit_card,basic,never
0,15.2,10.0,1,3,0,2.26,month-to-month,dsl,electronic_check,basic,never
0,40.6,11.34,1,2,2,4.77,month-to-month,fiber,credit_card,basic,past
0,22.5,64.23,2,2,2,1.91,month-to-month,fiber,bank_transfer,basic,never
0,19.9,107.68,2,1,0,1.0,one-year,fiber,electronic_check,plus,current
0,5.6,71.82,1,1,2,2.71,one-year,fiber,electronic_check,plus,current
0,63.3,79.56,2,2,0,2.53,month-to-month,fiber,electronic_check,basic,never
0,2.6,40.89,3,3,0,3.18,month-to-month,dsl,credit_card,plus,past
0,25.3,89.2,1,2,1,2.21,two-year,none,credit_card,basic,current
0,11.0,78.67,2,2,1,4.2,month-to-month,fiber,bank_transfer,basic,never
0,3.5,82.47,2,5,1,1.77,month-to-month,dsl,electronic_check,basic,past
0,2.0,80.09,2,1,0,0.95,one-year,dsl,credit_card,basic,past
0,13.4,36.77,1,1,0,0.5,month-to-month,none,bank_transfer,basic,current
0,35.7,122.41,4,2,2,1.36,two-year,fiber,credit_card,basic,never
1,1.6,102.3,2,2,0,3.75,month-to-month,fiber,electronic_check,basic,never
0,9.7,44.15,0,2,0,2.41,one-year,none,credit_card,premium,never
0,19.9,62.95,2,3,0,0.95,month-to-month,fiber,electronic_check,basic,never
0,11.2,82.9,1,1,0,0.45,two-year,none,electronic_check,basic,current
1,10.5,75.39,1,2,0,2.6,month-to-month,none,electronic_check,basic,past
0,4.3,39.85,2,3,2,1.0,one-year,fiber,electronic_check,premium,past
0,28.0,12.65,2,3,0,0.0,month-to-month,dsl,bank_transfer,basic,never
0,14.3,39.24,1,2,0,1.31,one-year,none,bank_transfer,basic,past
0,11.8,32.59,1,6,1,1.79,month-to-month,dsl,electronic_check,plus,past
0,32.8,42.29,2,1,1,2.03,month-to-month,dsl,electronic_check,plus,current
1,9.0,143.87,2,1,0,3.7,month-to-month,fiber,bank_transfer,basic,never
0,36.8,79.8,2,1,0,4.73,month-to-month,fiber,electronic_check,basic,never
0,53.7,63.04,2,1,1,3.09,month-to-month,fiber,electronic_check,premium,never
0,19.4,107.0,0,1,0,1.16,one-year,none,electronic_check,basic,never
0,23.9,73.72,2,1,0,2.57,month-to-month,none,electronic_check,basic,past
0,43.9,84.12,2,3,1,2.72,month-to-month,fiber,electronic_check,basic,current
0,7.1,81.67,3,3,1,1.68,month-to-month,fiber,electronic_check,basic,current
1,5.9,77.63,2,1,0,3.57,two-year,fiber,bank_transfer,premium,past
0,9.3,115.5,3,3,0,3.06,one-year,fiber,electronic_check,basic,never
1,26.9,88.79,1,1,1,3.74,month-to-month,none,credit_card,basic,past
0,18.2,68.42,1,1,0,3.35,two-year,fiber,credit_card,basic,never
0,41.9,82.28,3,2,1,3.03,two-year,fiber,credit_card,plus,never
0,1.8,67.55,2,5,0,1.09,month-to-month,dsl,electronic_check,basic,past
0,9.2,95.57,0,2,1,1.15,month-to-month,none,electronic_check,plus,past
0,69.5,77.58,3,1,1,3.15,one-year,dsl,credit_card,plus,past
0,10.6,83.59,2,2,0,3.85,month-to-month,fiber,electronic_check,premium,past
0,67.9,51.05,1,3,0,2.15,month-to-month,fiber,bank_transfer,basic,current
0,3.4,70.69,1,2,0,0.72,month-to-month,dsl,electronic_check,plus,current
0,3.6,36.25,4,0,1,2.66,month-to-month,dsl,bank_transfer,plus,never
0,20.5,100.27,2,1,0,1.56,two-year,dsl,electronic_check,plus,current
0,9.2,66.84,1,1,1,4.72,two-year,fiber,credit_card,premium,current
0,44.0,92.78,2,6,2,2.88,month-to-month,fiber,credit_card,basic,past
0,25.6,101.34,3,0,0,2.3,month-to-month,none,electronic_check,plus,current
0,9.0,53.31,2,2,1,4.08,two-year,none,credit_card,basic,never
0,16.2,46.06,2,2,0,1.48,month-to-month,fiber,electronic_check,plus,past
0,12.3,99.05,3,0,0,4.0,month-to-month,fiber,bank_transfer,premium,never
0,20.8,45.29,1,2,3,2.99,month-to-month,fiber,electronic_check,basic,never
0,4.7,88.75,2,3,1,2.12,one-year,none,bank_transfer,basic,never
1,46.1,117.7,1,4,0,0.0,month-to-month,dsl,electronic_check,basic,never
1,1.6,92.67,1,2,0,2.05,month-to-month,fiber,electronic_check,basic,current
0,0.6,58.73,1,1,2,2.37,month-to-month,fiber,credit_card,basic,past
1,27.2,66.98,2,1,2,2.53,two-year,fiber,electronic_check,basic,current
1,3.5,77.77,3,3,0,3.51,month-to-month,fiber,electronic_check,basic,never
0,2.7,51.58,1,2,0,3.05,two-year,fiber,bank_transfer,premium,never
0,0.5,62.36,1,2,0,2.34,month-to-month,fiber,bank_transfer,premium,past
0,6.5,33.27,3,1,0,1.86,month-to-month,dsl,bank_transfer,plus,never
1,11.8,97.89,4,2,1,1.87,month-to-month,fiber,electronic_check,basic,past
0,6.3,58.17,2,2,0,3.77,one-year,fiber,electronic_check,plus,past
0,14.1,79.27,2,1,4,0.35,month-to-month,none,electronic_check,plus,current
0,3.7,78.56,4,2,1,3.3,month-to-month,fiber,electronic_check,premium,never
0,6.0,95.16,3,1,1,3.4,month-to-month,dsl,credit_card,premium,never
0,5.1,82.5,2,0,0,2.33,month-to-month,none,credit_card,plus,past
0,3.5,99.09,2,1,1,0.76,month-to-month,dsl,electronic_check,basic,past
0,30.3,86.99,1,1,1,2.2,two-year,dsl,electronic_check,basic,never
0,3.0,42.78,2,1,0,3.08,one-year,dsl,bank_transfer,basic,current
0,72.0,63.7,3,4,0,4.23,month-to-month,none,electronic_check,plus,past
0,35.2,46.18,1,4,2,2.45,one-year,fiber,bank_transfer,basic,past
0,6.9,33.97,2,1,1,2.4,month-to-month,fiber,credit_card,basic,current
0,24.1,41.69,2,1,2,3.72,one-year,dsl,credit_card,premium,never
0,0.7,77.3,2,2,1,2.8,month-to-month,dsl,bank_transfer,premium,current
1,17.8,61.49,2,1,0,3.16,month-to-month,fiber,electronic_check,plus,past
0,9.5,101.82,3,1,1,3.98,one-year,fiber,credit_card,plus,current
0,12.7,19.78,2,2,1,4.84,month-to-month,dsl,electronic_check,plus,never
0,8.6,108.12,2,1,0,1.89,two-year,fiber,credit_card,plus,never
0,11.8,51.0,2,3,0,3.03,month-to-month,dsl,electronic_check,basic,past
0,20.1,93.95,2,1,1,1.64,month-to-month,fiber,electronic_check,basic,current
0,22.8,37.31,1,5,1,0.34,two-year,none,credit_card,basic,never
0,29.2,31.41,2,3,0,1.04,one-year,dsl,credit_card,basic,never
0,3.1,48.28,3,1,0,1.66,two-year,fiber,bank_transfer,premium,past
1,14.2,120.82,3,2,1,4.34,month-to-month,dsl,electronic_check,basic,past
1,0.2,69.93,2,2,1,2.48,month-to-month,dsl,bank_transfer,basic,current
0,37.9,55.64,2,4,1,1.19,one-year,fiber,electronic_check,basic,never
0,10.9,63.35,2,0,1,0.66,month-to-month,none,bank_transfer,premium,never
0,72.0,93.8,2,2,0,2.7,two-year,fiber,credit_card,plus,current
0,2.3,73.69,2,1,2,2.13,month-to-month,dsl,electronic_check,basic,past
0,2.2,75.77,2,7,1,3.82,two-year,fiber,electronic_check,basic,current
0,31.8,55.84,2,2,1,1.75,one-year,dsl,electronic_check,basic,past
0,7.2,80.87,3,2,0,1.69,month-to-month,fiber,electronic_check,plus,past
0,35.4,61.51,1,0,1,1.95,month-to-month,none,electronic_check,plus,current
0,16.3,56.84,2,1,0,3.75,month-to-month,fiber,bank_transfer,basic,never
1,66.4,68.75,2,2,0,0.7,month-to-month,dsl,electronic_check,basic,past
1,20.5,113.57,1,8,2,1.23,month-to-month,dsl,bank_transfer,plus,past
0,19.1,135.92,2,0,0,4.79,two-year,fiber,bank_transfer,plus,never
0,14.7,44.58,1,3,0,2.74,month-to-month,none,electronic_check,basic,past
0,18.5,49.72,2,5,2,0.43,month-to-month,dsl,electronic_check,basic,past
0,0.5,138.16,2,4,0,1.53,month-to-month,dsl,electronic_check,basic,past
0,14.3,111.87,2,1,1,1.87,month-to-month,dsl,electronic_check,plus,past
0,10.5,59.33,0,0,0,2.13,one-year,none,credit_card,plus,never
1,8.8,32.91,2,4,0,4.12,month-to-month,fiber,electronic_check,basic,past
0,13.7,88.24,1,0,0,1.52,two-year,none,bank_transfer,plus,never
0,28.3,136.16,2,3,0,1.39,one-year,fiber,bank_transfer,plus,past
0,9.3,56.56,2,1,1,0.6,month-to-month,fiber,electronic_check,plus,never
0,16.2,53.08,2,0,2,1.43,one-year,none,bank_transfer,plus,never
0,24.9,49.74,4,3,1,1.76,month-to-month,dsl,electronic_check,basic,never
0,65.2,105.94,2,3,2,2.41,two-year,dsl,bank_transfer,basic,current
0,45.7,15.39,3,2,0,1.87,month-to-month,fiber,credit_card,plus,never
0,61.3,85.35,2,3,1,2.42,one-year,fiber,credit_card,basic,never
0,9.0,35.93,3,2,0,3.08,month-to-month,fiber,electronic_check,basic,never
1,15.8,64.52,1,1,0,1.07,month-to-month,dsl,bank_transfer,basic,never
0,51.5,61.18,4,0,1,2.57,month-to-month,fiber,bank_transfer,plus,past
0,1.9,88.65,1,2,0,1.66,two-year,fiber,electronic_check,basic,past
0,15.8,33.32,2,4,0,4.28,month-to-month,dsl,electronic_check,basic,past
0,53.1,71.33,1,2,1,1.85,one-year,fiber,electronic_check,basic,current
0,3.8,83.91,4,1,0,0.65,one-year,dsl,bank_transfer,basic,past
0,8.0,71.55,2,2,0,3.19,month-to-month,fiber,electronic_check,basic,never
0,33.8,90.05,2,3,1,1.98,month-to-month,dsl,electronic_check,basic,past
0,1.8,96.9,1,1,1,2.43,two-year,dsl,bank_transfer,plus,past
0,48.2,53.76,1,1,0,0.94,month-to-month,fiber,bank_transfer,plus,never
0,10.2,89.96,0,2,0,1.1,month-to-month,none,electronic_check,basic,past
0,27.2,67.53,2,3,0,3.1,two-year,fiber,electronic_check,basic,never
0,9.2,107.2,3,2,0,1.7,one-year,dsl,bank_transfer,plus,never
0,43.7,44.59,1,4,1,3.87,one-year,fiber,bank_transfer,basic,never
0,12.2,70.29,1,2,0,2.15,month-to-month,none,bank_transfer,basic,current
0,63.7,45.79,1,3,0,1.94,month-to-month,fiber,bank_transfer,plus,past
0,11.3,65.82,1,1,1,2.44,month-to-month,dsl,electronic_check,premium,never
0,58.4,63.16,2,3,1,2.3,one-year,fiber,bank_transfer,basic,never
1,54.1,54.92,2,1,0,3.49,month-to-month,fiber,bank_transfer,plus,past
0,2.1,29.89,2,3,2,1.96,two-year,fiber,credit_card,plus,past
0,7.5,66.04,3,1,1,2.05,month-to-month,fiber,bank_transfer,basic,current
1,8.7,94.31,1,1,1,3.96,one-year,fiber,bank_transfer,plus,past
0,27.5,128.4,3,1,0,4.16,month-to-month,dsl,bank_transfer,plus,past
0,9.9,102.26,2,3,1,3.31,two-year,fiber,electronic_check,basic,current
0,56.3,86.39,2,3,1,3.01,one-year,fiber,bank_transfer,basic,current
1,2.3,83.86,3,6,1,1.8,month-to-month,fiber,electronic_check,plus,past
1,13.7,106.2,0,3,1,1.94,month-to-month,none,bank_transfer,basic,never
0,1.5,60.61,2,3,0,3.4,month-to-month,fiber,bank_transfer,basic,past
0,1.1,93.49,3,1,0,2.45,one-year,dsl,electronic_check,basic,never
1,23.1,76.98,1,3,0,0.88,month-to-month,fiber,bank_transfer,basic,never
1,2.2,120.01,2,3,0,2.95,one-year,fiber,bank_transfer,premium,never
0,5.6,62.23,2,0,0,2.01,month-to-month,dsl,electronic_check,plus,never
0,6.0,102.53,3,3,1,1.92,one-year,dsl,electronic_check,plus,past
0,10.8,10.0,2,2,0,2.18,two-year,fiber,electronic_check,basic,never
0,9.3,52.98,2,1,1,2.66,one-year,fiber,bank_transfer,basic,past
0,12.3,49.18,3,1,0,2.41,month-to-month,dsl,credit_card,plus,past
0,23.6,66.28,2,2,1,4.92,one-year,fiber,electronic_check,plus,past
0,8.3,108.28,1,2,1,2.92,month-to-month,fiber,electronic_check,basic,current
1,8.8,101.49,3,4,0,1.71,month-to-month,fiber,credit_card,basic,past
0,8.5,85.89,2,3,1,2.14,two-year,fiber,bank_transfer,basic,never
0,11.2,43.52,2,1,0,1.92,one-year,dsl,electronic_check,premium,past
1,4.1,63.26,2,1,0,1.48,one-year,dsl,credit_card,basic,past
0,15.4,34.64,2,6,1,2.52,month-to-month,dsl,electronic_check,basic,past
0,20.3,56.08,1,3,0,2.09,month-to-month,none,credit_card,basic,current
0,19.2,49.02,1,0,0,2.98,month-to-month,none,electronic_check,premium,current
0,14.2,56.66,2,4,1,2.92,one-year,dsl,electronic_check,basic,current
0,4.7,100.79,1,6,2,2.02,month-to-month,dsl,electronic_check,basic,past
0,7.3,29.48,3,1,0,4.88,one-year,fiber,bank_transfer,basic,never
1,8.5,107.93,3,1,2,2.48,month-to-month,fiber,bank_transfer,basic,past
0,33.7,80.8,1,1,0,1.64,one-year,fiber,bank_transfer,basic,past
0,20.7,39.08,2,4,0,0.6,two-year,fiber,electronic_check,basic,current
0,13.8,34.84,3,2,1,3.3,month-to-month,dsl,bank_transfer,basic,current
0,15.2,78.2,1,1,0,1.13,month-to-month,dsl,electronic_check,basic,past
0,72.0,82.8,1,4,0,1.52,month-to-month,none,electronic_check,basic,current
0,4.4,69.4,1,1,0,0.6,two-year,fiber,electronic_check,basic,current
0,72.0,38.41,1,4,0,3.78,month-to-month,fiber,credit_card,basic,current
0,5.8,65.13,1,0,0,2.52,month-to-month,dsl,electronic_check,plus,past
0,29.2,60.15,2,2,0,0.0,month-to-month,dsl,bank_transfer,basic,never
0,36.0,41.43,1,4,0,2.33,month-to-month,none,electronic_check,plus,past
1,16.6,66.1,2,2,0,2.67,month-to-month,dsl,electronic_check,plus,current
0,9.7,93.91,2,1,0,1.2,month-to-month,fiber,credit_card,plus,past
0,1.3,102.54,2,2,0,1.91,one-year,dsl,bank_transfer,basic,past
0,15.1,86.1,3,2,0,2.33,one-year,fiber,credit_card,basic,never
0,3.3,76.55,3,2,2,2.1,one-year,fiber,electronic_check,premium,current
0,40.8,73.26,2,3,2,3.22,month-to-month,dsl,electronic_check,plus,never
0,2.1,73.43,2,2,1,1.19,one-year,none,electronic_check,basic,never
0,13.1,95.81,2,1,0,2.1,month-to-month,fiber,bank_transfer,plus,current
0,35.5,46.34,2,0,0,3.17,two-year,fiber,electronic_check,plus,past
0,13.7,49.47,1,1,0,2.79,month-to-month,fiber,bank_transfer,plus,never
0,0.9,39.19,2,2,0,2.31,month-to-month,fiber,credit_card,premium,past
0,19.3,64.76,3,2,1,1.89,month-to-month,fiber,electronic_check,basic,never
0,5.7,101.54,1,3,1,1.77,month-to-month,none,electronic_check,basic,current
0,0.4,47.01,1,6,0,0.0,month-to-month,dsl,electronic_check,basic,past
0,13.0,96.29,3,3,0,0.0,one-year,dsl,bank_transfer,plus,past
0,7.7,49.77,2,2,1,4.41,month-to-month,fiber,credit_card,basic,never
0,36.4,108.37,1,4,0,3.45,one-year,none,bank_transfer,basic,past
0,7.8,88.96,3,0,0,4.14,one-year,fiber,credit_card,plus,past
0,14.6,32.76,2,3,0,2.6,month-to-month,fiber,credit_card,plus,never
0,4.1,70.61,2,0,0,2.01,month-to-month,none,electronic_check,plus,past
0,1.6,86.19,2,0,1,2.35,month-to-month,dsl,bank_transfer,plus,past
0,8.2,83.61,2,0,2,1.88,two-year,dsl,bank_transfer,plus,current
0,2.2,64.82,3,5,2,1.79,month-to-month,dsl,credit_card,basic,current
0,23.4,92.07,3,0,0,3.85,month-to-month,fiber,credit_card,plus,past
0,5.4,86.61,3,1,0,3.78,one-year,dsl,credit_card,basic,never
1,55.5,87.47,1,0,0,3.92,month-to-month,fiber,electronic_check,plus,never
0,6.2,81.98,1,2,0,2.0,two-year,fiber,credit_card,basic,current
1,3.6,40.95,1,2,0,3.04,month-to-month,fiber,electronic_check,premium,past
1,21.8,106.6,1,1,2,2.54,month-to-month,fiber,electronic_check,plus,past
1,8.6,83.06,3,2,0,3.45,month-to-month,dsl,electronic_check,basic,past
1,72.0,118.08,3,2,0,2.68,month-to-month,fiber,electronic_check,basic,current
0,0.3,90.74,2,2,0,0.95,two-year,none,credit_card,basic,past
0,10.7,49.6,1,2,2,5.61,one-year,fiber,bank_transfer,basic,current
0,12.6,49.89,1,1,1,3.15,two-year,fiber,electronic_check,basic,current
0,27.8,88.66,3,2,1,4.28,month-to-month,fiber,electronic_check,plus,never
0,35.4,84.59,2,3,0,1.31,one-year,fiber,bank_transfer,plus,past
0,11.8,56.04,2,2,0,0.19,two-year,dsl,bank_transfer,plus,current
0,9.7,104.02,3,0,2,1.77,two-year,dsl,credit_card,premium,never
0,9.6,106.65,2,0,1,4.6,two-year,fiber,electronic_check,premium,past
0,14.9,32.06,3,2,1,1.65,month-to-month,fiber,credit_card,premium,never
0,13.7,96.71,2,1,1,3.61,month-to-month,dsl,electronic_check,plus,current
0,6.3,50.98,1,2,0,4.59,month-to-month,none,electronic_check,plus,past
0,5.6,64.14,1,2,1,0.0,one-year,dsl,bank_transfer,plus,current
1,39.5,55.54,2,3,0,1.07,one-year,dsl,electronic_check,plus,past
0,3.2,54.94,1,5,1,2.77,month-to-month,dsl,electronic_check,basic,past
1,59.3,48.5,1,3,0,3.73,month-to-month,fiber,electronic_check,plus,past
1,9.4,77.43,2,2,0,1.4,one-year,dsl,electronic_check,basic,never
0,2.3,33.24,3,2,0,3.15,one-year,dsl,bank_transfer,premium,never
0,72.0,10.0,2,2,0,2.21,month-to-month,fiber,credit_card,basic,past
0,6.1,85.71,4,4,0,1.77,two-year,fiber,electronic_check,basic,never
0,26.3,41.74,3,4,0,0.55,month-to-month,dsl,credit_card,basic,never
0,9.6,93.4,1,0,0,1.35,one-year,dsl,electronic_check,plus,current
0,7.8,36.22,1,1,1,2.52,month-to-month,none,bank_transfer,basic,past
0,59.2,31.11,2,2,0,2.76,month-to-month,fiber,bank_transfer,basic,never
0,9.3,45.1,3,3,0,2.97,month-to-month,fiber,credit_card,basic,current
0,37.8,13.88,3,1,0,2.7,month-to-month,fiber,credit_card,basic,past
0,17.4,46.7,2,5,0,3.28,one-year,fiber,electronic_check,basic,never
0,2.4,62.65,3,4,2,3.73,two-year,fiber,bank_transfer,basic,past
0,10.2,54.02,4,1,0,2.53,month-to-month,dsl,bank_transfer,basic,current
1,9.1,59.55,1,4,0,1.54,two-year,fiber,electronic_check,basic,current
0,25.8,83.43,1,5,1,0.15,month-to-month,dsl,electronic_check,basic,past
0,4.2,56.67,2,1,0,1.98,month-to-month,dsl,bank_transfer,premium,never
0,18.4,88.0,2,2,0,3.21,one-year,fiber,credit_card,basic,never
0,36.6,61.81,3,3,0,1.07,two-year,dsl,bank_transfer,basic,past
1,18.9,120.18,3,3,1,5.14,one-year,fiber,electronic_check,basic,past
0,60.9,26.26,3,1,0,2.23,one-year,fiber,electronic_check,basic,never
0,22.2,31.18,3,1,0,1.96,one-year,dsl,bank_transfer,basic,never
1,28.0,69.04,3,2,0,2.37,month-to-month,dsl,electronic_check,basic,never
0,6.7,85.77,0,4,0,2.68,month-to-month,none,electronic_check,basic,past
0,32.2,81.1,2,2,1,0.75,month-to-month,fiber,electronic_check,plus,past
1,0.3,108.03,2,3,0,0.68,month-to-month,dsl,electronic_check,basic,past
0,13.8,53.93,3,1,0,2.95,month-to-month,fiber,bank_transfer,basic,past
0,4.5,65.81,3,2,0,3.71,month-to-month,fiber,electronic_check,basic,never
0,20.1,55.37,1,4,0,1.32,month-to-month,none,credit_card,basic,past
0,30.0,55.13,2,0,1,3.27,month-to-month,fiber,credit_card,plus,current
0,7.3,66.89,2,3,1,2.55,one-year,fiber,credit_card,basic,past
0,69.8,29.18,3,2,0,2.32,one-year,dsl,bank_transfer,basic,current
0,21.4,94.77,2,3,0,3.81,one-year,fiber,electronic_check,basic,past
0,8.1,73.54,2,1,1,3.82,month-to-month,fiber,bank_transfer,basic,current
0,4.6,77.25,0,2,1,0.06,month-to-month,none,electronic_check,basic,current
1,22.2,104.59,2,3,1,2.73,month-to-month,fiber,credit_card,plus,never
0,30.9,67.99,2,2,1,3.06,month-to-month,dsl,bank_transfer,basic,never
1,14.0,54.56,2,3,1,4.37,month-to-month,dsl,credit_card,basic,past
0,68.9,48.09,2,3,0,1.54,month-to-month,dsl,bank_transfer,basic,current
0,2.7,26.11,1,2,2,3.49,month-to-month,fiber,electronic_check,basic,never
0,20.1,91.87,1,5,1,0.0,one-year,none,bank_transfer,basic,past
0,14.3,50.58,2,2,0,1.65,one-year,none,credit_card,premium,never
0,40.2,70.08,3,2,1,1.37,month-to-month,dsl,electronic_check,plus,current
0,9.5,94.99,2,1,0,2.51,month-to-month,dsl,electronic_check,plus,current
0,12.0,108.84,2,2,1,0.6,two-year,fiber,electronic_check,plus,never
0,20.8,73.0,2,2,0,1.97,month-to-month,dsl,credit_card,basic,past
0,9.6,30.85,1,0,2,1.36,one-year,fiber,electronic_check,premium,past
0,56.7,56.77,2,2,2,4.83,month-to-month,fiber,credit_card,basic,current
0,27.2,43.51,3,1,1,2.71,month-to-month,dsl,electronic_check,basic,past
0,1.1,34.62,3,2,0,3.0,month-to-month,fiber,electronic_check,basic,past
0,14.3,82.31,1,1,0,1.87,one-year,none,electronic_check,premium,never
0,23.9,35.26,1,2,1,4.35,month-to-month,fiber,bank_transfer,basic,never
0,15.6,50.31,1,3,0,4.13,one-year,dsl,credit_card,basic,never
0,51.3,36.04,3,4,0,3.45,month-to-month,fiber,bank_transfer,basic,current
1,4.6,75.0,3,1,1,0.6,month-to-month,fiber,credit_card,basic,never
0,45.3,26.59,2,2,1,0.14,two-year,dsl,electronic_check,premium,never
0,6.6,67.12,2,3,1,0.81,one-year,fiber,credit_card,basic,never
0,64.3,37.07,2,4,2,3.84,month-to-month,fiber,electronic_check,plus,current
1,7.0,80.6,2,4,0,3.11,month-to-month,dsl,electronic_check,basic,past
0,9.1,67.41,3,0,1,2.36,month-to-month,fiber,credit_card,plus,never
0,1.3,42.08,2,0,0,1.53,month-to-month,fiber,bank_transfer,plus,past
0,14.0,80.75,1,1,0,2.88,two-year,none,bank_transfer,basic,past
0,2.0,88.95,1,0,0,0.0,month-to-month,none,electronic_check,plus,past
0,21.8,85.13,4,1,0,4.06,month-to-month,fiber,bank_transfer,basic,past
0,2.5,37.22,2,0,1,2.46,month-to-month,dsl,electronic_check,plus,never
0,31.9,80.17,1,3,0,2.54,month-to-month,none,electronic_check,plus,never
0,6.9,94.01,3,1,1,1.09,one-year,dsl,electronic_check,basic,never
0,48.7,64.17,2,2,0,3.55,month-to-month,fiber,bank_transfer,basic,never
0,12.2,43.19,1,3,0,3.99,month-to-month,none,electronic_check,premium,never
1,16.1,79.42,3,2,2,2.22,month-to-month,dsl,electronic_check,premium,never
0,12.5,73.84,1,0,2,4.01,one-year,dsl,bank_transfer,plus,never
0,15.6,62.77,1,2,0,2.16,month-to-month,fiber,bank_transfer,basic,never
0,18.9,84.41,2,2,2,0.39,month-to-month,dsl,electronic_check,basic,never
0,3.5,33.09,2,0,1,1.71,one-year,dsl,credit_card,plus,never
0,18.8,92.09,2,1,0,2.16,month-to-month,fiber,electronic_check,basic,current
0,5.3,95.02,3,2,0,2.06,month-to-month,dsl,bank_transfer,basic,current
1,0.5,47.63,2,5,1,2.24,one-year,dsl,electronic_check,basic,past
0,58.5,58.94,3,2,1,2.19,month-to-month,fiber,electronic_check,basic,past
1,10.9,81.98,2,1,0,1.49,month-to-month,dsl,electronic_check,premium,past
1,29.7,94.71,2,1,0,1.36,one-year,dsl,electronic_check,basic,past
0,2.4,31.24,3,2,3,1.36,month-to-month,dsl,credit_card,basic,never
0,64.9,103.54,3,0,0,3.68,one-year,dsl,electronic_check,plus,never
0,39.2,39.39,1,0,0,2.85,month-to-month,fiber,bank_transfer,plus,current
1,17.8,76.2,1,2,0,1.64,month-to-month,none,electronic_check,premium,past
0,21.2,47.91,2,3,1,3.79,month-to-month,fiber,electronic_check,basic,current
0,35.7,76.99,1,3,0,0.0,month-to-month,dsl,bank_transfer,premium,never
0,6.6,63.09,3,3,0,1.89,two-year,dsl,credit_card,basic,past
1,1.0,61.06,2,1,0,2.64,month-to-month,fiber,electronic_check,basic,past
0,4.0,70.89,3,0,0,0.6,month-to-month,fiber,electronic_check,plus,past
0,34.0,37.31,1,5,0,0.37,one-year,none,electronic_check,basic,past
1,23.5,91.98,2,2,0,1.2,month-to-month,fiber,electronic_check,basic,past
0,20.3,100.01,3,3,0,0.15,month-to-month,dsl,electronic_check,basic,current
1,12.7,34.38,2,3,1,2.91,one-year,fiber,bank_transfer,basic,never
1,72.0,72.58,3,1,1,4.27,two-year,dsl,credit_card,basic,current
0,7.9,66.87,2,1,0,2.43,month-to-month,dsl,electronic_check,basic,past
0,23.7,43.79,2,3,0,1.35,month-to-month,fiber,credit_card,basic,past
0,5.4,60.02,2,0,0,1.73,one-year,dsl,electronic_check,plus,past
0,3.9,71.24,3,3,0,0.0,one-year,dsl,electronic_check,basic,current
0,1.4,84.34,4,2,2,2.7,month-to-month,fiber,credit_card,plus,past
0,13.6,86.46,1,1,1,0.95,one-year,fiber,credit_card,plus,current
0,2.8,50.93,2,1,0,2.14,month-to-month,dsl,electronic_check,premium,never
0,2.6,53.31,1,2,1,1.77,one-year,none,credit_card,plus,current
1,7.5,74.83,3,1,0,1.84,month-to-month,fiber,credit_card,basic,never
0,12.8,81.7,3,5,0,4.07,month-to-month,fiber,credit_card,basic,never
1,41.3,106.42,2,5,1,1.4,month-to-month,fiber,electronic_check,basic,past
0,3.5,43.39,1,2,0,3.43,two-year,fiber,electronic_check,basic,current
0,25.8,47.17,4,0,0,0.56,month-to-month,dsl,electronic_check,plus,past
1,6.9,113.85,1,1,1,3.73,month-to-month,fiber,electronic_check,premium,past
0,2.9,88.28,2,7,0,2.18,month-to-month,dsl,electronic_check,plus,past
0,8.9,51.21,3,2,2,2.38,month-to-month,dsl,electronic_check,plus,never
1,1.0,111.76,1,3,0,3.64,month-to-month,fiber,electronic_check,basic,never
0,15.9,93.15,3,3,0,3.49,one-year,fiber,credit_card,basic,past
0,0.6,73.15,2,1,1,2.0,one-year,fiber,electronic_check,basic,past
0,4.9,56.77,1,1,0,2.13,one-year,none,credit_card,plus,never
0,39.6,78.3,1,2,0,3.59,one-year,fiber,electronic_check,basic,past
0,7.3,86.05,2,2,0,1.06,month-to-month,dsl,electronic_check,basic,past
0,30.6,24.68,2,1,1,3.94,month-to-month,fiber,credit_card,plus,never
1,0.5,100.21,3,0,0,2.36,month-to-month,fiber,credit_card,plus,never
0,13.2,72.43,2,3,0,3.91,month-to-month,fiber,bank_transfer,plus,past
0,17.0,77.05,1,1,1,0.1,month-to-month,dsl,electronic_check,plus,current
0,4.4,47.29,2,3,1,1.58,month-to-month,none,electronic_check,plus,never
1,38.5,43.46,2,6,1,1.55,month-to-month,fiber,bank_transfer,plus,past
0,36.7,86.83,3,4,1,1.74,month-to-month,fiber,electronic_check,basic,current
0,0.2,95.43,3,2,0,2.4,month-to-month,dsl,bank_transfer,basic,never
0,2.1,99.19,3,1,0,4.93,month-to-month,dsl,electronic_check,plus,never
0,18.7,75.52,4,1,1,2.49,one-year,fiber,credit_card,plus,past
0,1.3,73.38,2,2,0,2.4,one-year,dsl,credit_card,plus,past
1,62.7,69.86,2,3,0,3.24,month-to-month,fiber,electronic_check,basic,past
1,2.4,33.73,2,2,4,2.15,one-year,dsl,electronic_check,basic,past
0,7.9,60.65,2,6,1,1.85,month-to-month,fiber,bank_transfer,basic,never
0,6.5,67.53,2,2,0,3.11,one-year,fiber,electronic_check,basic,current
0,1.0,81.64,3,4,0,2.0,month-to-month,fiber,credit_card,basic,never
0,3.2,54.96,3,1,0,4.28,one-year,fiber,bank_transfer,plus,past
0,9.2,36.51,3,4,1,1.67,month-to-month,dsl,electronic_check,basic,past
1,21.8,88.09,2,2,1,2.32,month-to-month,dsl,electronic_check,basic,never
0,15.3,76.65,1,3,1,2.36,two-year,none,credit_card,basic,current
1,6.5,98.48,2,1,0,3.13,month-to-month,fiber,bank_transfer,basic,past
1,31.2,123.31,2,0,2,3.13,month-to-month,fiber,bank_transfer,plus,never
1,4.5,65.98,3,1,1,1.19,month-to-month,fiber,bank_transfer,plus,past
1,1.5,142.85,1,3,1,3.0,one-year,fiber,electronic_check,basic,never
0,46.8,79.45,0,4,1,0.0,one-year,none,bank_transfer,basic,past
0,14.4,107.36,1,1,0,2.11,two-year,dsl,credit_card,basic,current
0,0.4,84.53,1,1,0,3.18,month-to-month,none,electronic_check,plus,never
0,24.3,67.74,2,3,0,3.22,one-year,fiber,credit_card,plus,past
1,11.1,82.36,2,1,3,0.0,month-to-month,dsl,electronic_check,basic,never
0,4.0,74.72,3,1,0,1.54,month-to-month,dsl,bank_transfer,basic,past
0,56.7,48.87,2,2,1,2.2,month-to-month,dsl,credit_card,basic,past
0,44.0,76.42,1,3,2,3.08,month-to-month,fiber,electronic_check,basic,never
0,14.3,94.85,4,1,0,1.33,one-year,fiber,electronic_check,plus,never
0,0.8,50.17,2,2,0,2.18,two-year,fiber,electronic_check,basic,past
0,15.6,38.92,2,3,1,2.57,month-to-month,fiber,bank_transfer,basic,current
1,49.5,94.62,0,2,1,4.09,month-to-month,none,electronic_check,basic,past
0,3.1,69.65,1,1,0,3.63,month-to-month,fiber,bank_transfer,plus,never
0,2.4,64.25,2,2,1,1.78,one-year,fiber,bank_transfer,basic,never
0,13.1,89.62,2,1,0,1.43,one-year,fiber,electronic_check,basic,current
0,7.0,78.49,1,2,0,2.76,month-to-month,fiber,electronic_check,plus,current
0,7.8,59.13,2,2,1,1.26,one-year,dsl,electronic_check,basic,never
0,10.0,82.95,2,1,1,3.58,month-to-month,dsl,electronic_check,basic,current
0,56.9,21.44,3,0,0,2.37,one-year,dsl,electronic_check,plus,past
0,8.8,64.74,2,4,0,1.12,month-to-month,dsl,credit_card,basic,past
0,2.8,91.68,2,0,2,2.87,month-to-month,dsl,electronic_check,plus,never
0,27.9,52.65,1,2,1,1.88,two-year,none,credit_card,premium,never
0,16.6,98.6,1,2,2,6.02,month-to-month,fiber,electronic_check,plus,past
0,6.6,94.98,2,1,1,1.25,month-to-month,dsl,credit_card,basic,current
0,33.3,46.79,2,3,0,1.89,month-to-month,fiber,electronic_check,basic,never
0,4.8,105.36,2,4,1,4.05,month-to-month,dsl,electronic_check,plus,past
0,12.5,42.67,3,3,0,4.16,month-to-month,fiber,credit_card,basic,past
0,30.7,86.24,2,1,1,5.31,month-to-month,dsl,electronic_check,basic,past
0,9.7,59.37,3,2,0,4.22,month-to-month,dsl,electronic_check,basic,current
0,39.5,68.64,2,3,0,3.8,one-year,dsl,bank_transfer,basic,current
0,5.1,48.33,0,2,0,1.09,one-year,none,bank_transfer,basic,current
0,29.4,86.25,3,1,0,1.9,two-year,dsl,electronic_check,basic,current
0,29.8,55.29,1,3,0,2.19,month-to-month,none,bank_transfer,basic,current
1,7.8,70.84,2,3,2,1.85,month-to-month,none,electronic_check,basic,past
0,20.8,64.7,3,1,0,3.05,month-to-month,fiber,electronic_check,basic,current
0,24.2,36.93,2,3,1,2.88,month-to-month,fiber,electronic_check,basic,current
0,9.2,48.09,2,4,0,1.64,month-to-month,fiber,bank_transfer,basic,current
0,21.4,52.68,3,1,1,1.25,one-year,fiber,electronic_check,plus,never
1,0.5,79.04,2,2,1,1.66,month-to-month,dsl,electronic_check,basic,never
0,5.1,87.25,3,1,0,0.45,month-to-month,dsl,credit_card,basic,never
0,14.7,79.5,0,2,0,0.73,month-to-month,none,credit_card,plus,never
1,16.3,105.19,1,1,0,1.97,one-year,none,electronic_check,plus,never
0,72.0,82.72,2,1,0,2.25,two-year,fiber,credit_card,plus,never
0,4.0,48.43,1,1,0,0.76,month-to-month,dsl,bank_transfer,premium,past
0,31.8,90.4,3,3,0,2.02,one-year,fiber,bank_transfer,basic,past
0,6.4,66.1,2,2,0,1.22,two-year,fiber,electronic_check,basic,never
0,2.1,68.15,1,0,0,2.46,two-year,none,electronic_check,plus,never
0,6.4,55.48,2,0,0,5.44,month-to-month,fiber,credit_card,premium,past
0,72.0,56.25,3,1,0,3.32,month-to-month,dsl,electronic_check,premium,current
0,22.6,80.76,1,3,0,0.66,month-to-month,fiber,credit_card,basic,never
0,17.9,57.17,2,2,0,4.33,month-to-month,fiber,electronic_check,plus,never
0,4.6,72.28,2,2,0,1.56,month-to-month,fiber,bank_transfer,basic,past
0,5.2,71.01,3,2,0,2.49,month-to-month,fiber,bank_transfer,plus,never
0,17.3,42.37,2,2,1,3.03,one-year,dsl,bank_transfer,basic,past
0,2.9,94.36,2,1,1,0.89,month-to-month,fiber,electronic_check,premium,past
0,0.9,42.66,3,1,1,1.23,one-year,dsl,credit_card,basic,past
1,20.8,96.12,4,1,0,3.82,month-to-month,fiber,electronic_check,basic,never
0,4.7,79.93,2,0,1,4.8,month-to-month,fiber,credit_card,plus,past
0,1.9,97.53,1,1,1,4.27,month-to-month,fiber,credit_card,plus,never
0,2.8,54.26,1,2,0,2.84,two-year,dsl,credit_card,basic,never
1,32.5,63.79,3,3,1,2.75,month-to-month,fiber,electronic_check,basic,never
0,25.0,69.0,2,2,1,3.75,one-year,fiber,credit_card,basic,never
0,5.1,72.71,1,3,0,3.13,one-year,none,electronic_check,basic,never
0,14.0,69.28,2,4,1,2.89,one-year,fiber,bank_transfer,basic,never
0,8.9,104.67,1,1,2,5.24,month-to-month,none,bank_transfer,basic,past
0,34.3,59.81,2,1,1,1.71,month-to-month,fiber,bank_transfer,plus,past
0,12.9,70.62,2,2,0,4.53,month-to-month,dsl,electronic_check,basic,current
0,38.2,72.28,2,2,0,2.12,month-to-month,dsl,electronic_check,premium,never
0,1.7,76.62,2,1,0,1.91,month-to-month,fiber,bank_transfer,basic,never
0,56.9,86.42,3,2,2,1.1,one-year,dsl,bank_transfer,basic,past
0,13.0,87.8,1,3,0,2.36,month-to-month,dsl,electronic_check,basic,current
0,23.2,86.96,2,1,1,0.0,one-year,dsl,credit_card,basic,current
0,26.0,81.86,2,2,1,0.89,one-year,fiber,credit_card,basic,never
1,7.6,33.0,2,3,0,3.19,month-to-month,fiber,bank_transfer,basic,past
0,40.6,91.26,1,1,0,4.56,month-to-month,none,electronic_check,basic,past
0,27.6,107.72,3,1,1,0.6,one-year,fiber,electronic_check,basic,past
0,17.7,80.52,3,2,1,0.6,one-year,fiber,bank_transfer,basic,past
1,18.7,103.62,1,1,2,4.42,month-to-month,fiber,credit_card,basic,never
0,2.9,42.6,2,2,1,2.95,month-to-month,dsl,electronic_check,basic,past
0,3.3,48.35,1,4,1,2.11,month-to-month,dsl,credit_card,plus,never
1,2.8,94.94,2,2,0,0.44,month-to-month,dsl,electronic_check,basic,never
0,11.1,41.78,1,2,0,3.81,one-year,none,credit_card,premium,never
0,65.7,38.82,2,1,0,2.63,month-to-month,fiber,bank_transfer,basic,never
0,21.3,51.48,3,1,1,4.86,one-year,fiber,bank_transfer,premium,never
1,10.6,68.93,4,0,1,1.95,month-to-month,fiber,credit_card,plus,past
0,72.0,84.79,3,2,1,2.17,month-to-month,fiber,electronic_check,plus,past
0,10.9,58.0,1,3,0,2.98,two-year,dsl,bank_transfer,basic,never
0,33.4,46.73,1,2,1,0.17,month-to-month,dsl,electronic_check,basic,never
0,0.5,88.86,3,2,0,2.06,month-to-month,fiber,credit_card,basic,never
0,9.0,52.42,1,1,1,2.15,month-to-month,fiber,credit_card,basic,never
0,32.9,74.78,3,2,1,3.2,one-year,fiber,credit_card,basic,past
0,22.6,31.95,1,3,0,3.23,month-to-month,none,electronic_check,basic,current
0,26.0,70.53,1,2,0,3.03,month-to-month,fiber,electronic_check,basic,past
0,5.3,88.35,2,3,0,1.75,month-to-month,dsl,bank_transfer,basic,never
0,14.8,102.0,2,2,1,1.71,two-year,none,credit_card,plus,current
0,2.0,47.71,1,1,1,2.55,month-to-month,fiber,electronic_check,premium,past
0,72.0,45.64,3,4,1,3.43,month-to-month,dsl,credit_card,basic,never
1,2.6,81.66,2,2,1,1.92,month-to-month,dsl,electronic_check,basic,past
0,44.6,75.53,1,3,0,1.78,month-to-month,none,electronic_check,premium,past
0,18.2,106.18,3,1,0,2.72,month-to-month,dsl,bank_transfer,plus,never
0,1.5,75.95,2,3,1,3.85,month-to-month,none,bank_transfer,basic,never
0,8.8,68.52,1,1,0,0.85,two-year,dsl,electronic_check,premium,never
1,18.4,104.6,2,1,0,1.87,month-to-month,fiber,electronic_check,premium,past
0,5.3,80.36,1,5,2,2.5,one-year,fiber,credit_card,basic,never
0,1.1,113.91,2,4,1,1.54,month-to-month,none,bank_transfer,basic,past
0,10.5,83.64,0,1,1,1.82,month-to-month,none,bank_transfer,basic,never
0,3.0,57.23,3,1,0,2.22,month-to-month,fiber,electronic_check,premium,never
0,7.3,103.24,0,2,1,2.33,two-year,none,credit_card,basic,current
0,15.3,96.08,2,2,0,2.24,month-to-month,dsl,electronic_check,basic,current
0,4.9,10.94,2,0,0,1.27,month-to-month,dsl,electronic_check,plus,never
0,0.3,102.34,2,2,1,0.64,month-to-month,dsl,electronic_check,basic,past
0,14.1,90.65,2,3,0,2.14,month-to-month,dsl,credit_card,basic,current
0,5.5,76.96,3,3,0,3.2,one-year,dsl,credit_card,basic,never
0,1.2,37.27,2,2,0,1.82,month-to-month,dsl,electronic_check,plus,past
0,24.0,63.98,1,1,0,0.37,one-year,dsl,electronic_check,plus,never
0,37.2,66.81,1,2,0,1.98,month-to-month,fiber,electronic_check,premium,past
0,3.0,67.37,2,0,1,2.2,month-to-month,fiber,credit_card,plus,current
0,34.4,101.42,1,1,0,2.73,month-to-month,fiber,electronic_check,plus,past
0,2.1,123.64,2,3,0,2.38,one-year,fiber,credit_card,basic,never
0,25.9,81.83,2,2,1,3.96,one-year,fiber,credit_card,basic,past
1,2.5,71.28,3,1,0,2.06,month-to-month,fiber,bank_transfer,basic,never
0,7.7,73.44,2,1,0,0.6,month-to-month,dsl,electronic_check,plus,past
0,7.1,117.65,1,2,0,2.97,month-to-month,dsl,electronic_check,plus,never
0,46.6,65.32,2,2,2,0.72,month-to-month,none,credit_card,basic,never
0,7.8,80.26,0,3,0,0.62,month-to-month,none,electronic_check,plus,never
0,3.0,69.24,1,2,0,0.25,month-to-month,none,electronic_check,plus,past
0,39.4,104.82,1,2,3,0.54,two-year,dsl,electronic_check,basic,never
0,14.4,84.94,2,3,1,0.66,two-year,dsl,bank_transfer,basic,never
0,18.8,98.43,2,3,0,0.59,month-to-month,dsl,credit_card,basic,never
0,3.3,53.33,0,2,1,1.55,two-year,none,bank_transfer,plus,past
0,1.6,113.92,0,1,0,1.29,month-to-month,none,electronic_check,plus,past
0,14.4,36.64,3,2,1,2.68,month-to-month,fiber,credit_card,plus,never
0,8.9,14.14,2,2,0,2.99,two-year,fiber,electronic_check,basic,past
0,9.2,98.22,2,2,1,1.45,month-to-month,dsl,credit_card,plus,past
0,7.9,78.0,3,2,1,0.0,one-year,dsl,electronic_check,basic,current
0,0.0,95.45,2,2,0,3.07,one-year,dsl,electronic_check,basic,past
0,7.2,56.98,2,2,0,1.69,one-year,none,electronic_check,plus,past
0,1.1,49.04,3,1,1,2.85,one-year,fiber,credit_card,premium,past
0,6.2,79.02,1,5,0,3.93,month-to-month,none,bank_transfer,basic,current
0,1.8,82.56,2,3,1,1.58,month-to-month,dsl,credit_card,plus,past
0,0.3,43.37,2,0,0,0.71,month-to-month,fiber,electronic_check,plus,current
0,23.3,75.6,1,3,0,2.75,month-to-month,fiber,electronic_check,premium,never
0,36.5,51.74,2,0,0,0.6,month-to-month,fiber,bank_transfer,plus,never
0,0.2,81.31,1,0,0,1.54,two-year,dsl,electronic_check,premium,current
0,2.2,34.31,3,3,2,1.3,month-to-month,dsl,credit_card,basic,current
0,6.3,88.97,2,3,0,2.38,month-to-month,fiber,bank_transfer,plus,current
0,1.8,53.79,0,1,1,2.66,two-year,none,electronic_check,basic,past
0,3.9,14.16,3,1,0,1.71,month-to-month,dsl,bank_transfer,basic,current
0,6.1,80.56,2,1,0,4.14,month-to-month,dsl,credit_card,plus,past
0,9.4,10.0,1,1,1,2.04,month-to-month,none,electronic_check,basic,never
1,21.0,50.5,3,2,0,2.59,month-to-month,fiber,electronic_check,plus,never
0,1.7,60.19,3,1,0,2.88,two-year,dsl,credit_card,basic,past
0,5.4,101.36,2,2,1,3.26,month-to-month,fiber,bank_transfer,plus,past
0,33.9,60.99,2,1,1,1.69,two-year,fiber,bank_transfer,plus,past
0,24.5,56.92,1,2,0,5.04,one-year,fiber,electronic_check,basic,never
0,47.2,99.89,3,1,1,3.78,month-to-month,dsl,bank_transfer,plus,past
1,39.4,76.94,2,1,0,3.25,month-to-month,fiber,electronic_check,basic,never
1,31.1,76.12,2,3,0,3.56,month-to-month,fiber,bank_transfer,plus,past
0,7.9,92.03,1,1,0,2.55,month-to-month,dsl,electronic_check,basic,never
0,12.6,10.0,3,1,0,1.28,month-to-month,fiber,electronic_check,basic,current
0,9.1,72.72,1,3,1,1.84,month-to-month,fiber,electronic_check,basic,past
0,22.9,90.24,3,4,0,1.78,month-to-month,fiber,electronic_check,basic,past
0,0.9,85.79,2,2,0,1.63,month-to-month,dsl,credit_card,basic,never
0,1.7,94.16,1,2,0,2.62,month-to-month,fiber,electronic_check,plus,past
0,15.9,64.13,3,2,0,4.99,month-to-month,fiber,electronic_check,basic,never
0,28.4,69.01,1,2,1,2.05,two-year,dsl,bank_transfer,basic,past
0,2.6,74.91,4,2,1,0.83,month-to-month,fiber,electronic_check,basic,past
0,34.7,71.36,2,3,1,2.43,two-year,fiber,bank_transfer,plus,never
0,3.3,43.96,2,1,0,2.29,two-year,none,electronic_check,plus,current
0,5.9,35.67,1,0,1,1.29,one-year,none,electronic_check,plus,past
0,29.4,29.17,2,3,1,1.37,month-to-month,fiber,bank_transfer,plus,past
0,27.2,96.5,2,1,1,3.75,month-to-month,fiber,credit_card,plus,never
0,18.0,102.62,2,1,0,2.02,month-to-month,dsl,bank_transfer,plus,past
0,11.8,48.25,2,2,0,2.77,month-to-month,dsl,electronic_check,basic,past
0,5.3,45.63,2,1,0,2.89,month-to-month,none,electronic_check,plus,current
0,14.3,49.6,2,3,0,0.29,month-to-month,dsl,electronic_check,basic,never
0,3.4,94.64,2,5,2,1.22,month-to-month,dsl,bank_transfer,basic,never
0,11.9,42.39,3,2,1,3.82,month-to-month,fiber,bank_transfer,plus,never
1,26.6,51.64,3,1,0,3.65,month-to-month,fiber,electronic_check,basic,never
0,40.7,70.76,3,2,1,4.85,two-year,fiber,bank_transfer,basic,current
0,31.6,39.53,1,0,0,1.91,one-year,none,electronic_check,plus,past
1,17.6,69.91,2,0,1,2.53,two-year,none,bank_transfer,plus,past
0,28.9,66.06,1,1,0,1.26,month-to-month,dsl,electronic_check,plus,past
0,41.3,68.38,2,1,0,1.51,one-year,dsl,bank_transfer,plus,past
0,5.3,42.26,2,2,1,0.0,month-to-month,dsl,credit_card,basic,past
0,23.0,72.24,2,2,1,3.74,month-to-month,fiber,electronic_check,basic,past
0,6.9,70.06,3,2,0,0.82,two-year,fiber,credit_card,plus,never
1,7.7,94.83,2,2,1,0.6,month-to-month,fiber,bank_transfer,basic,current
0,20.3,79.15,2,3,1,1.99,two-year,none,bank_transfer,basic,past
0,5.6,117.44,1,4,1,1.96,month-to-month,dsl,electronic_check,plus,past
0,1.2,69.55,0,1,1,2.37,one-year,none,credit_card,basic,past
0,13.8,71.4,2,3,1,3.78,month-to-month,fiber,electronic_check,basic,never
1,3.2,47.36,3,3,3,5.09,one-year,fiber,bank_transfer,basic,never
0,8.7,50.5,1,2,1,4.31,month-to-month,fiber,electronic_check,plus,current
0,2.6,49.84,3,0,1,4.43,one-year,fiber,credit_card,plus,never
0,38.6,16.14,3,1,0,4.49,month-to-month,dsl,electronic_check,basic,past
1,13.0,77.37,3,3,0,5.06,one-year,fiber,electronic_check,basic,never
0,20.2,106.88,3,3,1,4.53,month-to-month,fiber,electronic_check,plus,current
0,9.9,62.8,2,4,0,2.97,one-year,fiber,bank_transfer,basic,never
0,22.4,49.9,1,3,0,1.74,month-to-month,dsl,electronic_check,basic,past
0,11.3,55.09,3,2,2,2.21,one-year,fiber,credit_card,basic,never
0,19.4,104.42,2,1,1,3.94,month-to-month,dsl,bank_transfer,plus,current
1,12.8,109.4,1,5,0,2.01,month-to-month,fiber,credit_card,plus,past
0,24.2,22.45,0,0,1,2.32,month-to-month,none,electronic_check,plus,past
0,0.7,34.48,2,2,0,1.83,one-year,fiber,electronic_check,basic,never
0,35.6,79.65,1,1,0,5.2,month-to-month,none,credit_card,plus,never
0,5.2,108.33,1,1,0,3.38,month-to-month,dsl,electronic_check,basic,past
0,36.7,48.89,0,4,0,2.83,one-year,none,electronic_check,basic,never
0,37.4,105.75,2,2,0,3.73,month-to-month,dsl,electronic_check,plus,never
1,11.9,67.23,4,3,1,3.44,month-to-month,fiber,credit_card,basic,current
0,13.8,60.84,1,2,0,2.05,month-to-month,none,bank_transfer,basic,past
0,14.0,63.4,2,1,1,2.02,two-year,fiber,bank_transfer,plus,never
0,20.5,25.69,3,3,1,2.83,month-to-month,dsl,credit_card,basic,never
0,5.4,105.51,3,1,1,0.6,month-to-month,fiber,credit_card,plus,past
0,2.5,44.66,1,3,0,1.18,month-to-month,none,electronic_check,basic,never
0,17.9,24.73,2,2,0,2.96,month-to-month,fiber,electronic_check,plus,never
1,19.3,86.08,3,4,1,1.21,month-to-month,fiber,electronic_check,basic,past
1,19.1,69.52,3,4,0,3.99,month-to-month,fiber,electronic_check,basic,past
1,31.6,120.02,1,1,1,2.53,month-to-month,fiber,electronic_check,plus,never
0,24.8,40.17,2,1,0,2.08,month-to-month,dsl,electronic_check,basic,current
0,16.4,71.0,3,2,0,1.85,two-year,fiber,electronic_check,basic,past
0,11.4,116.51,2,1,1,0.27,month-to-month,dsl,bank_transfer,premium,past
0,6.9,37.68,1,1,1,2.17,month-to-month,none,electronic_check,premium,current
0,7.2,70.86,1,1,0,1.62,two-year,fiber,electronic_check,basic,never
0,37.9,53.36,0,2,0,1.66,month-to-month,none,electronic_check,basic,past
0,16.8,81.15,1,4,0,1.66,one-year,dsl,credit_card,basic,never
0,23.2,59.37,2,5,1,3.19,one-year,fiber,electronic_check,plus,never
0,28.8,86.74,2,0,0,0.22,month-to-month,dsl,electronic_check,plus,past
0,25.1,59.82,2,5,0,4.27,month-to-month,fiber,electronic_check,plus,never
0,7.3,21.53,2,3,1,3.99,two-year,fiber,bank_transfer,basic,past
0,3.4,25.74,2,2,0,0.0,month-to-month,dsl,bank_transfer,basic,never
1,2.2,53.84,2,1,1,0.0,month-to-month,dsl,electronic_check,basic,past
0,10.9,67.99,2,2,0,1.6,month-to-month,dsl,credit_card,basic,past
1,19.1,101.55,1,2,0,2.62,month-to-month,none,electronic_check,basic,current
0,24.9,68.11,2,4,3,2.38,two-year,dsl,electronic_check,plus,never
0,10.5,72.98,4,1,0,3.29,month-to-month,fiber,electronic_check,basic,current
0,36.4,33.44,2,4,2,1.89,one-year,dsl,electronic_check,plus,past
0,0.1,44.16,3,3,1,1.92,one-year,dsl,electronic_check,premium,past
0,6.4,29.87,1,0,0,3.15,two-year,dsl,credit_card,plus,past
0,16.4,13.21,3,3,1,2.18,one-year,fiber,credit_card,basic,past
0,72.0,85.2,3,2,0,0.0,month-to-month,dsl,electronic_check,basic,never
0,1.8,92.93,2,3,1,3.01,month-to-month,fiber,electronic_check,basic,past
0,6.8,124.22,2,1,1,0.93,two-year,fiber,electronic_check,basic,never
0,40.7,69.25,3,3,0,0.87,month-to-month,dsl,electronic_check,plus,never
0,5.3,39.64,2,4,0,2.08,one-year,dsl,electronic_check,basic,never
0,6.1,92.02,2,1,2,2.09,one-year,dsl,bank_transfer,basic,past
0,14.7,73.96,3,2,2,2.25,two-year,fiber,electronic_check,plus,past
0,1.7,72.63,2,1,0,4.04,month-to-month,fiber,credit_card,plus,current
0,53.6,76.86,1,1,0,0.82,month-to-month,fiber,electronic_check,plus,never
1,5.9,84.33,3,4,1,2.56,month-to-month,fiber,electronic_check,basic,past
0,35.2,73.58,3,3,1,2.32,month-to-month,dsl,bank_transfer,basic,never
0,25.2,90.56,2,1,2,2.82,month-to-month,dsl,credit_card,plus,never
0,8.1,61.45,2,2,0,3.29,one-year,dsl,electronic_check,basic,never
0,3.4,100.58,2,0,0,2.73,one-year,dsl,electronic_check,plus,past
0,4.8,10.0,2,2,0,1.81,month-to-month,dsl,electronic_check,basic,past
0,6.9,69.01,2,0,1,1.41,one-year,dsl,credit_card,plus,never
1,9.1,125.34,0,3,0,0.06,month-to-month,none,electronic_check,basic,current
0,8.4,86.43,1,1,1,4.89,month-to-month,dsl,electronic_check,plus,past
0,10.2,100.43,3,0,2,1.29,month-to-month,fiber,credit_card,premium,never
0,8.7,63.64,0,1,0,2.99,month-to-month,none,bank_transfer,plus,past
0,28.0,47.68,1,3,1,0.91,one-year,dsl,electronic_check,basic,past
0,3.6,111.91,3,1,0,1.39,one-year,fiber,electronic_check,basic,past
0,6.6,95.28,1,1,2,3.31,month-to-month,fiber,credit_card,basic,current
0,1.8,61.31,2,0,0,0.12,month-to-month,dsl,bank_transfer,premium,past
0,17.5,44.83,1,2,1,3.74,two-year,none,credit_card,basic,past
0,12.7,33.82,1,2,1,2.61,one-year,fiber,credit_card,basic,never
0,19.2,86.24,2,3,1,4.6,month-to-month,fiber,electronic_check,basic,never
0,15.5,76.57,1,0,2,1.81,month-to-month,fiber,electronic_check,plus,never
0,11.7,92.59,1,2,2,1.34,month-to-month,dsl,bank_transfer,plus,past
1,1.0,85.15,2,3,1,2.57,month-to-month,dsl,electronic_check,basic,current
1,62.5,83.14,2,4,0,2.78,one-year,fiber,credit_card,basic,past
1,18.7,25.75,3,1,0,3.99,month-to-month,fiber,electronic_check,basic,past
0,10.2,71.81,2,3,0,1.22,two-year,dsl,electronic_check,basic,past
1,2.4,84.86,2,2,2,3.76,month-to-month,fiber,electronic_check,premium,never
0,21.0,53.95,2,3,0,3.96,two-year,dsl,bank_transfer,basic,never
0,16.1,73.31,2,1,0,1.86,month-to-month,fiber,electronic_check,basic,past
0,14.4,61.88,1,0,0,3.53,month-to-month,fiber,electronic_check,plus,past
0,13.8,37.13,3,4,0,1.43,one-year,dsl,electronic_check,basic,past
0,3.1,67.48,3,6,1,0.67,one-year,fiber,credit_card,basic,never
0,31.6,78.66,0,6,0,2.8,month-to-month,none,credit_card,basic,current
0,30.9,101.55,3,5,1,4.5,two-year,fiber,bank_transfer,basic,past
1,6.6,102.87,1,1,0,3.51,month-to-month,fiber,credit_card,plus,never
0,6.4,38.04,2,2,0,2.25,month-to-month,fiber,electronic_check,basic,never
0,5.1,96.8,3,1,1,1.06,two-year,fiber,credit_card,premium,never
0,3.6,80.09,1,4,1,3.95,month-to-month,fiber,credit_card,plus,never
0,10.4,29.63,2,2,2,1.35,month-to-month,fiber,electronic_check,basic,never
0,37.9,64.03,2,2,0,1.65,month-to-month,fiber,bank_transfer,basic,never
0,7.6,85.39,1,0,0,3.26,two-year,fiber,electronic_check,premium,never
0,3.9,89.42,2,3,0,0.78,month-to-month,fiber,bank_transfer,plus,past
1,4.8,80.98,1,2,0,1.0,month-to-month,dsl,bank_transfer,basic,past
0,32.6,50.83,3,1,0,1.69,month-to-month,fiber,credit_card,basic,never
0,26.3,34.02,3,5,2,2.33,month-to-month,dsl,electronic_check,basic,past
1,9.1,76.1,2,1,1,3.49,month-to-month,dsl,electronic_check,plus,never
0,62.6,81.78,1,4,1,2.83,two-year,none,credit_card,plus,past
0,27.7,95.38,3,1,0,3.75,month-to-month,fiber,electronic_check,plus,current
0,72.0,51.1,3,2,0,2.64,month-to-month,fiber,credit_card,plus,past
0,1.6,57.9,2,3,0,3.88,month-to-month,fiber,electronic_check,basic,past
0,26.2,58.32,2,3,0,1.13,month-to-month,none,credit_card,basic,never
1,24.7,24.59,2,1,0,2.46,one-year,fiber,electronic_check,basic,past
1,72.0,118.67,2,0,0,4.57,month-to-month,fiber,bank_transfer,plus,past
0,28.0,68.89,2,2,1,2.44,month-to-month,dsl,bank_transfer,basic,never
0,19.1,31.44,4,0,1,4.51,month-to-month,fiber,electronic_check,plus,current
0,2.2,97.76,2,2,1,1.11,one-year,dsl,bank_transfer,basic,never
1,3.5,103.14,2,2,0,3.01,month-to-month,fiber,credit_card,basic,current
0,3.3,56.26,1,2,0,2.42,one-year,dsl,electronic_check,basic,never
0,31.9,41.46,3,4,0,3.94,month-to-month,fiber,electronic_check,basic,never
0,39.7,77.92,3,4,0,2.12,month-to-month,dsl,electronic_check,basic,never
0,0.7,82.89,0,3,1,2.02,two-year,none,bank_transfer,basic,never
0,12.8,21.96,1,3,0,2.13,two-year,fiber,credit_card,plus,never
0,24.0,55.67,1,3,0,1.97,two-year,none,credit_card,basic,never
0,35.8,49.5,1,1,0,0.42,month-to-month,dsl,electronic_check,plus,current
0,5.8,80.25,1,2,1,2.75,one-year,fiber,electronic_check,plus,current
0,29.1,102.3,2,4,0,1.78,one-year,dsl,electronic_check,basic,never
0,14.9,106.3,2,4,0,2.83,two-year,none,electronic_check,basic,past
0,22.9,65.1,3,3,1,0.26,one-year,dsl,electronic_check,plus,past
0,10.4,72.07,3,3,1,2.25,two-year,fiber,electronic_check,basic,never
0,34.0,72.6,2,2,1,4.14,two-year,fiber,electronic_check,basic,never
1,7.2,77.54,3,4,2,0.7,month-to-month,fiber,credit_card,plus,never
0,12.1,93.82,2,2,0,2.58,month-to-month,fiber,electronic_check,basic,current
1,12.9,80.86,3,3,0,3.8,month-to-month,dsl,electronic_check,basic,past
0,7.6,55.31,2,0,0,5.34,one-year,fiber,bank_transfer,plus,never
0,42.9,68.83,2,3,0,4.56,one-year,fiber,bank_transfer,premium,never
0,25.0,60.03,4,2,1,2.21,month-to-month,dsl,credit_card,basic,never
1,45.1,65.72,2,2,1,3.66,month-to-month,fiber,credit_card,basic,past
0,18.4,67.21,1,2,1,3.42,month-to-month,fiber,electronic_check,plus,never
1,2.1,116.1,3,3,2,3.66,month-to-month,fiber,electronic_check,basic,past
0,8.6,39.7,1,2,0,0.0,one-year,none,credit_card,basic,current
0,8.1,36.94,3,1,1,3.39,two-year,fiber,credit_card,basic,never
0,6.4,104.46,3,2,0,0.9,month-to-month,fiber,electronic_check,basic,never
1,17.0,68.8,2,3,0,3.12,month-to-month,fiber,bank_transfer,basic,past
0,27.9,45.16,2,2,0,2.71,month-to-month,fiber,electronic_check,basic,never
0,15.5,50.91,2,2,0,3.83,one-year,dsl,credit_card,basic,never
0,19.8,62.25,2,0,1,3.74,month-to-month,fiber,bank_transfer,plus,current
0,2.9,75.23,1,3,1,0.64,one-year,dsl,bank_transfer,basic,past
0,0.8,86.99,2,2,1,0.1,one-year,dsl,credit_card,basic,past
0,5.3,36.12,3,0,2,1.45,month-to-month,dsl,bank_transfer,premium,past
0,72.0,98.73,1,2,0,0.6,one-year,fiber,electronic_check,basic,never
0,4.5,115.81,3,2,0,2.07,month-to-month,dsl,electronic_check,plus,past
0,10.2,101.15,2,1,1,3.59,two-year,dsl,credit_card,basic,past
1,2.0,129.99,3,4,1,1.06,month-to-month,fiber,electronic_check,basic,past
0,19.0,80.81,1,3,1,3.76,month-to-month,none,electronic_check,basic,past
0,5.0,60.08,3,2,1,1.99,month-to-month,dsl,electronic_check,premium,past
0,1.4,66.11,4,2,1,2.2,month-to-month,dsl,electronic_check,basic,current
0,0.3,73.43,1,1,2,1.71,month-to-month,fiber,credit_card,plus,never
0,41.8,41.79,2,2,0,1.18,month-to-month,fiber,bank_transfer,basic,current
1,43.3,110.59,1,5,0,2.32,month-to-month,none,electronic_check,basic,never
0,5.5,76.25,2,1,0,4.95,month-to-month,dsl,credit_card,basic,never
0,21.3,71.78,2,1,0,2.58,two-year,dsl,credit_card,plus,past
0,0.5,34.97,2,6,1,2.62,month-to-month,fiber,bank_transfer,basic,never
0,1.8,56.7,2,3,0,3.79,month-to-month,dsl,electronic_check,basic,current
0,30.7,53.96,2,1,0,4.79,month-to-month,dsl,electronic_check,basic,current
0,6.4,46.58,2,3,1,2.6,month-to-month,dsl,electronic_check,basic,past
1,3.3,35.14,4,0,2,2.48,month-to-month,fiber,bank_transfer,plus,current
0,16.5,112.43,2,2,0,3.72,month-to-month,none,credit_card,plus,never
0,28.3,45.04,3,2,2,2.65,month-to-month,fiber,bank_transfer,basic,never
0,1.7,100.14,2,3,0,1.5,month-to-month,dsl,bank_transfer,plus,never
0,12.7,50.17,2,3,1,3.39,one-year,fiber,electronic_check,basic,past
0,13.2,54.82,2,2,0,3.11,one-year,fiber,electronic_check,basic,past
0,6.3,44.77,3,1,1,1.24,month-to-month,fiber,credit_card,basic,never
0,31.6,74.12,2,0,2,3.46,two-year,fiber,electronic_check,plus,past
0,14.1,42.72,2,1,1,0.39,month-to-month,none,bank_transfer,plus,past
0,4.1,97.03,2,4,0,3.17,month-to-month,dsl,electronic_check,premium,never
0,2.7,100.54,0,0,1,0.98,month-to-month,none,electronic_check,premium,past
0,2.9,75.22,2,2,0,2.76,one-year,fiber,credit_card,basic,never
0,2.8,77.55,0,2,2,1.12,one-year,none,bank_transfer,basic,never
0,7.8,101.84,3,1,0,0.66,month-to-month,dsl,electronic_check,basic,current
0,13.6,97.2,1,2,0,1.18,two-year,dsl,credit_card,basic,past
0,1.9,41.23,2,1,0,1.78,month-to-month,dsl,credit_card,basic,never
0,5.1,91.24,2,2,0,0.75,month-to-month,none,credit_card,basic,never
0,2.5,83.42,2,2,1,2.52,month-to-month,fiber,credit_card,plus,never
0,2.3,72.97,3,1,0,1.59,month-to-month,fiber,electronic_check,basic,never
0,37.2,23.29,1,1,0,2.52,one-year,dsl,electronic_check,basic,current
0,13.7,76.69,2,2,1,0.73,two-year,dsl,electronic_check,basic,current
0,7.2,73.68,1,4,0,3.19,month-to-month,fiber,bank_transfer,basic,past
0,4.9,59.22,3,5,1,3.74,two-year,dsl,electronic_check,basic,past
0,16.2,68.66,2,2,0,2.5,month-to-month,fiber,credit_card,premium,past
0,62.3,68.98,2,3,2,1.26,two-year,dsl,electronic_check,basic,past
0,0.8,79.77,2,3,0,2.06,month-to-month,fiber,bank_transfer,premium,current
0,4.7,18.19,2,1,1,2.87,month-to-month,fiber,credit_card,basic,never
0,10.4,84.97,2,1,0,4.65,two-year,fiber,electronic_check,basic,current
0,41.2,51.25,2,5,2,3.75,month-to-month,fiber,electronic_check,basic,never
0,2.2,132.46,2,4,1,0.53,month-to-month,none,bank_transfer,basic,never
0,8.1,92.59,2,3,1,2.22,two-year,fiber,electronic_check,basic,never
1,11.7,65.91,2,2,0,5.12,month-to-month,fiber,electronic_check,premium,past
0,12.3,73.42,2,2,0,3.14,two-year,fiber,electronic_check,basic,never
0,8.6,84.28,2,2,1,1.59,month-to-month,dsl,bank_transfer,basic,never
0,33.9,75.45,1,3,0,3.35,month-to-month,none,credit_card,basic,never
0,2.7,62.0,1,0,0,1.5,month-to-month,dsl,electronic_check,plus,never
0,12.6,44.7,1,1,0,2.58,one-year,fiber,credit_card,plus,never
0,1.9,48.64,1,0,0,0.6,one-year,fiber,electronic_check,plus,never
0,8.3,94.22,2,0,0,1.16,month-to-month,dsl,electronic_check,plus,never
0,24.1,84.3,3,1,0,3.36,month-to-month,fiber,credit_card,premium,current
0,0.4,102.33,1,4,1,1.39,month-to-month,dsl,electronic_check,basic,current
0,12.5,87.45,2,2,2,0.95,month-to-month,dsl,credit_card,premium,current
1,14.9,47.31,1,2,3,2.7,month-to-month,fiber,credit_card,basic,past
0,4.3,28.19,1,3,0,3.6,two-year,fiber,electronic_check,basic,past
1,36.5,59.84,3,2,0,2.24,two-year,fiber,electronic_check,plus,past
0,2.1,60.32,1,2,0,3.13,month-to-month,none,credit_card,basic,current
0,70.3,84.9,2,6,0,2.53,month-to-month,fiber,bank_transfer,basic,never
0,8.5,64.28,3,3,1,1.78,month-to-month,dsl,electronic_check,basic,past
0,17.9,101.85,4,1,1,3.52,one-year,fiber,bank_transfer,basic,never
1,4.0,76.67,1,1,0,1.78,month-to-month,fiber,credit_card,basic,past
1,14.4,73.14,1,1,1,2.55,month-to-month,none,electronic_check,basic,past
0,31.6,89.5,2,3,0,2.58,two-year,dsl,electronic_check,basic,never
0,0.3,78.85,1,3,0,0.6,month-to-month,fiber,electronic_check,basic,never
1,31.5,107.87,2,1,0,3.22,month-to-month,fiber,credit_card,basic,past
0,39.7,83.17,2,2,0,4.47,month-to-month,fiber,bank_transfer,premium,current
0,13.7,116.03,3,2,2,0.0,month-to-month,dsl,electronic_check,premium,past
0,1.5,86.88,1,1,0,0.71,month-to-month,none,credit_card,basic,never
0,8.3,56.95,3,2,0,0.54,month-to-month,dsl,electronic_check,plus,never
1,57.4,102.42,0,1,1,2.22,two-year,none,electronic_check,plus,past
0,22.8,71.61,2,1,0,3.48,two-year,fiber,credit_card,basic,never
1,7.7,26.84,1,5,0,3.3,one-year,fiber,bank_transfer,basic,past
0,28.3,57.32,1,2,0,0.94,one-year,dsl,credit_card,basic,past
1,3.8,55.8,3,4,1,1.73,month-to-month,fiber,electronic_check,basic,past
1,32.1,89.11,3,6,0,3.52,one-year,fiber,electronic_check,basic,current
0,11.1,65.53,4,2,1,0.82,one-year,dsl,credit_card,basic,past
0,51.2,77.28,1,2,0,1.74,month-to-month,fiber,electronic_check,plus,never
0,9.3,83.16,2,1,1,2.12,month-to-month,none,electronic_check,basic,past
0,0.3,92.55,1,3,1,5.58,month-to-month,fiber,electronic_check,basic,current
0,6.3,114.06,2,2,1,2.71,two-year,fiber,electronic_check,basic,past
0,53.3,36.63,2,4,0,0.99,month-to-month,dsl,electronic_check,basic,never
0,39.4,52.2,2,0,1,1.34,month-to-month,fiber,electronic_check,premium,current
0,20.6,59.72,2,0,0,1.04,two-year,dsl,electronic_check,plus,past
0,5.8,101.59,2,1,1,2.61,one-year,none,bank_transfer,plus,current
0,20.2,65.66,3,1,1,2.47,month-to-month,dsl,credit_card,plus,past
0,26.9,51.7,3,2,1,1.8,month-to-month,fiber,credit_card,basic,past
1,4.8,105.83,2,5,2,1.81,month-to-month,fiber,electronic_check,basic,never
0,3.8,41.02,2,4,0,3.81,month-to-month,none,bank_transfer,plus,past
0,9.6,94.04,1,3,1,3.15,two-year,none,bank_transfer,basic,never
0,2.3,69.32,2,1,0,2.84,month-to-month,fiber,bank_transfer,basic,past
0,23.7,67.23,1,3,0,2.43,month-to-month,none,bank_transfer,plus,past
0,21.4,109.8,2,1,0,1.45,month-to-month,none,electronic_check,basic,past
0,10.1,50.6,3,5,1,1.9,month-to-month,dsl,bank_transfer,basic,current
0,16.5,80.9,2,3,1,2.58,two-year,fiber,electronic_check,basic,never
0,23.2,99.24,0,0,2,0.71,two-year,none,credit_card,premium,past
1,12.4,86.25,1,2,1,3.98,month-to-month,fiber,credit_card,basic,never
0,31.6,42.08,1,3,0,1.35,month-to-month,dsl,electronic_check,basic,current
0,10.8,39.81,3,1,0,1.3,month-to-month,dsl,bank_transfer,premium,current
0,14.3,105.89,1,4,0,3.0,one-year,dsl,bank_transfer,basic,never
0,0.8,94.73,2,2,1,3.72,two-year,fiber,electronic_check,basic,current
0,66.1,45.91,2,2,1,3.84,month-to-month,fiber,electronic_check,plus,never
0,41.2,79.07,2,2,0,2.52,month-to-month,dsl,bank_transfer,basic,past
0,26.6,91.03,2,1,0,3.49,two-year,none,bank_transfer,plus,never
0,5.1,68.93,1,1,0,2.9,month-to-month,none,electronic_check,plus,never
0,23.7,50.02,1,2,1,1.35,two-year,none,bank_transfer,plus,past
0,16.6,84.4,2,2,0,3.79,one-year,dsl,electronic_check,basic,never
0,21.8,10.0,2,4,0,1.73,month-to-month,none,credit_card,basic,never
0,21.7,68.75,1,2,0,1.29,month-to-month,dsl,bank_transfer,basic,past
0,8.0,75.03,2,2,0,1.85,two-year,dsl,bank_transfer,plus,past
0,6.6,68.68,2,4,0,1.23,one-year,fiber,electronic_check,basic,current
0,47.7,38.0,1,1,1,2.1,two-year,fiber,electronic_check,basic,never
0,37.9,50.16,3,1,1,5.1,month-to-month,dsl,electronic_check,plus,past
0,33.0,62.75,4,3,1,2.93,month-to-month,fiber,credit_card,basic,past
0,11.4,75.17,1,2,1,1.45,one-year,dsl,electronic_check,basic,past
1,7.4,99.06,2,2,0,1.98,month-to-month,fiber,bank_transfer,basic,never
0,10.2,94.63,1,1,1,3.79,one-year,dsl,credit_card,basic,past
0,3.6,81.7,3,2,0,1.36,one-year,fiber,credit_card,basic,current
0,2.6,54.3,3,2,0,2.59,one-year,fiber,bank_transfer,basic,current
0,57.7,78.69,2,0,1,4.16,month-to-month,fiber,credit_card,plus,never
0,40.6,66.08,2,1,0,0.6,two-year,fiber,electronic_check,basic,past
0,9.0,78.96,1,2,1,2.14,month-to-month,dsl,electronic_check,basic,never
0,13.8,44.35,2,1,0,2.23,one-year,dsl,credit_card,basic,past
0,6.2,99.57,2,3,0,1.42,month-to-month,dsl,bank_transfer,basic,never
0,26.7,50.35,2,2,0,3.05,month-to-month,fiber,electronic_check,basic,past
0,13.6,22.15,1,3,0,0.77,month-to-month,dsl,electronic_check,basic,past
1,6.2,103.07,3,4,1,0.94,month-to-month,fiber,electronic_check,plus,current
0,14.2,64.31,2,2,0,2.38,month-to-month,dsl,credit_card,premium,never
0,19.3,63.23,3,1,1,0.6,month-to-month,fiber,bank_transfer,basic,current
0,43.0,39.32,2,0,2,1.78,month-to-month,dsl,electronic_check,plus,current
0,15.8,81.46,3,3,0,1.53,month-to-month,dsl,credit_card,basic,past
0,23.1,67.86,3,2,0,1.85,two-year,fiber,electronic_check,basic,past
0,1.5,76.72,4,3,0,3.0,month-to-month,dsl,electronic_check,basic,current
0,14.0,93.24,2,2,0,1.22,month-to-month,dsl,credit_card,basic,never
1,5.6,87.55,2,1,0,2.68,month-to-month,dsl,electronic_check,basic,past
1,69.0,55.31,2,5,0,1.49,month-to-month,fiber,electronic_check,basic,never
0,12.3,51.71,1,4,0,0.0,two-year,dsl,electronic_check,basic,current
1,12.4,71.71,1,4,0,3.24,month-to-month,fiber,electronic_check,basic,past
0,4.8,10.0,2,0,1,3.55,month-to-month,fiber,credit_card,plus,never
0,6.9,51.56,2,4,2,1.63,month-to-month,fiber,bank_transfer,basic,past
0,5.1,58.87,2,2,0,2.2,one-year,dsl,bank_transfer,basic,never
0,9.1,12.37,3,2,0,3.43,month-to-month,dsl,bank_transfer,basic,past
0,10.8,98.76,1,3,0,0.0,month-to-month,dsl,bank_transfer,basic,past
0,16.6,56.81,1,2,0,1.81,one-year,none,electronic_check,basic,current
0,67.6,54.03,0,2,1,3.19,two-year,none,bank_transfer,basic,current
0,10.1,112.72,0,2,0,0.49,month-to-month,none,bank_transfer,basic,never
0,2.4,82.31,2,2,0,2.6,month-to-month,fiber,electronic_check,basic,past
0,17.0,69.34,2,4,1,2.74,month-to-month,dsl,electronic_check,plus,never
0,37.8,103.91,2,0,1,5.5,one-year,fiber,bank_transfer,plus,never
0,2.7,77.0,1,2,1,1.89,one-year,none,credit_card,premium,current
0,12.6,26.95,3,2,1,1.32,one-year,dsl,electronic_check,basic,past
0,4.7,16.08,4,3,0,0.47,month-to-month,dsl,bank_transfer,basic,current
0,16.5,74.22,3,1,1,1.99,month-to-month,dsl,bank_transfer,basic,past
0,6.6,47.06,2,2,1,3.58,month-to-month,fiber,electronic_check,plus,never
0,3.7,77.89,1,0,0,1.24,one-year,fiber,electronic_check,premium,past
0,23.4,58.3,2,2,0,5.17,one-year,none,electronic_check,basic,past
1,12.2,101.49,3,1,0,3.15,month-to-month,fiber,credit_card,basic,never
0,35.6,53.44,2,2,1,1.11,month-to-month,dsl,credit_card,basic,current
0,72.0,66.25,1,2,1,0.6,month-to-month,fiber,credit_card,basic,past
0,13.6,77.99,2,2,1,2.6,month-to-month,fiber,electronic_check,plus,never
1,25.0,98.34,3,2,0,0.75,month-to-month,dsl,electronic_check,basic,past
0,1.4,80.78,1,0,1,3.11,two-year,dsl,credit_card,premium,never
0,0.0,116.14,1,1,1,2.87,two-year,fiber,credit_card,plus,past
0,1.4,92.54,2,1,1,2.11,month-to-month,dsl,bank_transfer,premium,current
0,12.6,62.08,0,2,0,2.71,two-year,none,electronic_check,premium,never
0,4.2,67.14,3,1,1,2.35,month-to-month,fiber,electronic_check,basic,never
0,2.5,69.96,1,1,0,1.03,month-to-month,none,electronic_check,plus,never
0,17.8,64.0,1,2,1,2.25,one-year,dsl,bank_transfer,plus,current
0,0.4,122.0,2,2,0,2.45,month-to-month,dsl,bank_transfer,premium,never
0,2.7,49.23,4,2,0,1.9,two-year,fiber,electronic_check,basic,never
0,64.7,85.85,3,2,1,3.17,month-to-month,dsl,bank_transfer,premium,current
0,10.3,63.42,3,4,1,4.04,one-year,fiber,bank_transfer,plus,past
0,41.6,110.68,1,1,1,2.45,one-year,fiber,bank_transfer,basic,past
0,17.8,65.13,2,4,1,3.03,one-year,dsl,electronic_check,basic,past
0,27.7,55.99,0,2,0,3.94,month-to-month,none,electronic_check,basic,current
0,5.4,67.66,1,1,0,5.23,month-to-month,fiber,credit_card,plus,current
0,21.5,106.35,3,0,0,1.16,month-to-month,dsl,credit_card,plus,never
0,14.4,81.06,2,2,0,0.93,month-to-month,dsl,electronic_check,plus,past
1,1.5,23.16,2,4,1,1.96,month-to-month,fiber,electronic_check,basic,never
0,7.4,96.5,3,2,0,2.45,month-to-month,fiber,credit_card,plus,never
0,5.9,91.48,1,2,2,2.21,month-to-month,dsl,bank_transfer,basic,past
0,14.8,97.85,0,2,1,3.24,month-to-month,none,credit_card,plus,past
0,11.1,46.32,2,4,0,3.54,month-to-month,none,electronic_check,basic,never
0,2.7,74.61,0,2,1,1.36,month-to-month,none,electronic_check,basic,past
0,22.7,55.19,3,2,0,4.75,two-year,none,electronic_check,plus,never
0,34.8,58.24,3,3,0,0.73,month-to-month,dsl,credit_card,premium,current
0,5.8,62.02,1,4,0,3.85,month-to-month,fiber,credit_card,basic,past
0,6.3,81.91,3,4,1,1.69,month-to-month,fiber,electronic_check,basic,current
0,13.6,67.91,3,3,0,4.96,month-to-month,fiber,credit_card,basic,past
1,14.3,112.28,3,2,1,2.62,month-to-month,dsl,electronic_check,basic,never
0,34.6,75.88,3,3,1,3.35,month-to-month,fiber,bank_transfer,basic,past
0,2.6,10.0,3,4,0,2.82,two-year,dsl,electronic_check,basic,past
1,23.4,145.84,3,1,1,3.55,month-to-month,fiber,electronic_check,plus,past
0,5.8,89.91,3,5,0,0.92,two-year,fiber,credit_card,basic,never
1,2.4,77.04,3,2,0,2.25,month-to-month,dsl,electronic_check,plus,past
0,22.4,44.63,1,0,0,5.65,month-to-month,fiber,electronic_check,plus,never
0,51.7,44.41,2,1,1,1.96,month-to-month,fiber,credit_card,premium,past
1,19.9,40.43,2,3,1,1.18,two-year,fiber,bank_transfer,plus,never
0,7.3,59.96,2,1,1,2.91,month-to-month,dsl,bank_transfer,plus,never
0,12.0,52.14,2,1,1,2.64,month-to-month,dsl,bank_transfer,plus,never
0,14.7,47.9,4,1,0,3.35,month-to-month,fiber,electronic_check,premium,never
0,9.4,128.32,2,3,2,3.39,one-year,fiber,electronic_check,basic,never
0,35.7,93.65,1,6,1,1.62,month-to-month,fiber,electronic_check,basic,never
0,0.1,80.8,3,4,1,3.3,month-to-month,fiber,electronic_check,premium,past
0,1.7,121.32,2,1,0,1.76,two-year,fiber,bank_transfer,basic,never
0,31.2,92.17,2,1,1,2.6,one-year,dsl,electronic_check,basic,past
0,9.9,93.11,1,0,0,0.35,month-to-month,none,bank_transfer,plus,never
0,12.2,90.85,2,1,0,0.0,one-year,dsl,bank_transfer,basic,current
0,18.5,73.53,1,2,0,1.86,one-year,fiber,bank_transfer,plus,past
0,15.2,81.86,2,0,0,3.61,month-to-month,fiber,electronic_check,plus,past
0,0.5,41.83,1,1,0,4.03,month-to-month,fiber,electronic_check,plus,past
0,7.8,52.17,0,0,0,2.5,one-year,none,electronic_check,plus,current
1,0.7,102.97,2,1,2,4.43,month-to-month,fiber,bank_transfer,basic,current
0,44.8,35.41,3,4,1,0.0,month-to-month,dsl,bank_transfer,basic,never
0,0.9,68.42,1,1,0,3.18,one-year,fiber,bank_transfer,basic,current
0,20.4,61.98,2,0,0,0.59,one-year,dsl,credit_card,plus,never
0,8.4,99.52,2,1,1,2.1,month-to-month,fiber,electronic_check,plus,never
0,3.9,73.34,2,1,0,1.19,month-to-month,dsl,bank_transfer,basic,current
0,4.2,79.65,2,3,1,3.48,one-year,fiber,electronic_check,basic,never
0,26.6,37.6,1,1,0,1.05,month-to-month,none,credit_card,basic,never
0,4.7,67.43,2,1,1,2.1,month-to-month,dsl,credit_card,basic,current
0,3.3,86.1,2,4,0,1.78,month-to-month,fiber,credit_card,basic,never
0,72.0,47.02,2,3,1,2.69,month-to-month,fiber,electronic_check,basic,past
0,9.2,27.13,2,2,0,1.96,one-year,fiber,credit_card,basic,past
1,9.3,74.35,3,1,0,3.79,month-to-month,fiber,electronic_check,premium,past
0,10.2,81.37,1,2,2,2.54,month-to-month,fiber,electronic_check,basic,never
0,5.0,33.57,3,1,1,0.97,month-to-month,none,credit_card,plus,never
0,6.5,61.12,2,2,1,2.05,one-year,fiber,electronic_check,plus,current
0,16.7,43.59,2,1,0,4.25,one-year,fiber,electronic_check,basic,current
0,72.0,107.77,2,0,0,2.72,month-to-month,fiber,credit_card,plus,never
0,53.6,111.88,2,2,0,1.15,month-to-month,dsl,credit_card,premium,current
0,26.5,60.06,2,3,1,2.78,two-year,fiber,electronic_check,basic,never
0,3.7,95.32,2,1,1,0.63,month-to-month,dsl,electronic_check,plus,past
0,46.0,31.13,1,2,1,4.47,month-to-month,fiber,bank_transfer,plus,past
1,3.0,85.0,1,2,1,3.44,month-to-month,fiber,electronic_check,basic,past
0,17.4,108.28,2,2,2,3.33,month-to-month,fiber,credit_card,basic,current
0,17.0,94.9,2,4,0,3.02,month-to-month,fiber,credit_card,basic,never
0,19.4,65.91,1,1,2,3.98,month-to-month,fiber,bank_transfer,plus,never
0,10.3,41.74,2,3,1,2.15,month-to-month,dsl,bank_transfer,plus,past
0,10.5,87.53,2,1,0,4.76,month-to-month,fiber,bank_transfer,plus,past
1,51.3,105.37,3,2,1,0.6,month-to-month,fiber,credit_card,basic,never
0,2.2,123.53,1,4,0,3.39,month-to-month,dsl,bank_transfer,basic,current
0,27.3,128.32,1,2,1,2.75,one-year,none,credit_card,plus,current
0,58.6,95.75,1,2,2,2.29,month-to-month,none,electronic_check,basic,current
1,14.4,77.78,2,0,0,0.82,month-to-month,fiber,credit_card,plus,past
0,5.8,82.29,2,3,1,2.64,month-to-month,fiber,electronic_check,plus,current
0,12.3,40.8,2,0,2,4.24,month-to-month,none,bank_transfer,plus,current
1,4.8,59.09,2,1,1,4.33,one-year,fiber,electronic_check,basic,past
0,21.2,33.04,2,0,0,3.47,month-to-month,fiber,bank_transfer,plus,never
0,0.2,75.65,3,2,1,4.15,month-to-month,fiber,credit_card,basic,never
0,5.2,106.78,2,0,2,2.68,one-year,fiber,electronic_check,plus,past
0,29.3,48.68,2,5,0,1.97,month-to-month,dsl,credit_card,plus,never
1,25.8,124.68,3,1,1,0.89,month-to-month,fiber,bank_transfer,plus,never
0,6.3,60.29,2,2,1,1.18,month-to-month,fiber,electronic_check,plus,past
0,15.6,49.87,3,3,0,4.5,month-to-month,dsl,electronic_check,basic,current
1,22.7,81.48,2,3,1,2.48,month-to-month,dsl,electronic_check,basic,past
0,24.1,38.98,2,1,0,2.37,two-year,none,bank_transfer,plus,past
0,4.2,56.04,1,2,0,1.29,month-to-month,none,electronic_check,basic,never
0,3.9,82.43,1,2,0,2.83,two-year,dsl,bank_transfer,basic,past
0,1.8,70.86,2,3,1,1.91,one-year,fiber,bank_transfer,basic,never
0,13.6,80.82,2,0,1,2.97,month-to-month,dsl,electronic_check,plus,past
1,60.8,125.75,1,3,1,3.37,month-to-month,fiber,electronic_check,plus,current
1,13.5,110.04,1,5,0,2.27,month-to-month,none,credit_card,basic,past
1,5.6,44.72,2,2,1,2.83,month-to-month,fiber,credit_card,basic,past
0,5.3,28.86,1,2,1,3.09,two-year,fiber,credit_card,plus,never
0,2.1,46.11,2,2,0,1.82,month-to-month,fiber,bank_transfer,plus,past
1,13.4,73.82,2,1,0,3.28,one-year,dsl,electronic_check,plus,past
1,43.2,105.26,2,2,2,2.0,month-to-month,dsl,credit_card,basic,past
0,7.4,32.81,1,3,0,2.94,one-year,fiber,electronic_check,basic,never
0,14.8,47.48,2,0,2,5.55,month-to-month,fiber,credit_card,plus,current
0,24.8,80.32,1,2,2,1.56,month-to-month,none,credit_card,basic,past
0,12.6,60.55,3,1,0,1.67,month-to-month,dsl,bank_transfer,plus,never
0,3.5,50.57,1,1,0,1.61,one-year,fiber,bank_transfer,plus,past
0,42.8,40.01,2,2,0,3.09,month-to-month,dsl,electronic_check,basic,never
1,12.2,29.49,3,4,0,2.92,month-to-month,fiber,credit_card,basic,never
0,9.6,58.87,1,1,1,4.7,two-year,fiber,credit_card,basic,never
1,8.3,44.2,3,1,1,2.96,month-to-month,dsl,credit_card,premium,never
0,20.7,76.08,3,2,1,2.69,one-year,fiber,electronic_check,premium,never
0,26.7,41.39,1,0,0,3.56,two-year,dsl,electronic_check,premium,current
0,14.2,39.46,4,1,0,1.15,one-year,fiber,bank_transfer,basic,never
0,29.1,65.81,4,1,1,2.58,month-to-month,fiber,bank_transfer,premium,never
0,37.9,70.15,3,3,1,3.45,month-to-month,dsl,bank_transfer,basic,past
0,49.0,82.09,2,1,1,2.19,two-year,dsl,credit_card,plus,never
0,23.7,59.0,1,2,0,2.03,month-to-month,none,electronic_check,basic,never
0,19.0,96.82,3,3,0,2.12,two-year,dsl,bank_transfer,basic,current
0,0.6,99.05,1,4,2,3.14,one-year,fiber,electronic_check,basic,past
0,15.2,46.57,1,1,1,1.39,two-year,fiber,bank_transfer,plus,never
0,2.4,73.73,0,0,0,1.57,one-year,none,credit_card,premium,never
0,10.1,86.18,1,2,0,1.42,month-to-month,dsl,electronic_check,basic,past
0,19.4,92.68,1,2,0,1.93,one-year,dsl,electronic_check,plus,never
0,16.6,66.33,2,4,1,1.06,one-year,dsl,bank_transfer,premium,never
0,22.0,47.17,3,1,0,1.98,month-to-month,dsl,bank_transfer,basic,never
0,4.7,101.54,3,1,0,1.5,month-to-month,fiber,electronic_check,plus,past
0,14.1,102.82,1,4,1,1.73,one-year,dsl,credit_card,basic,never
0,22.4,49.29,1,4,1,0.02,one-year,dsl,credit_card,basic,never
0,2.6,108.57,1,2,0,0.48,one-year,none,credit_card,basic,past
0,0.5,53.17,3,4,0,1.07,two-year,dsl,electronic_check,basic,never
0,2.5,51.91,2,4,2,3.89,month-to-month,fiber,electronic_check,basic,never
0,22.8,73.78,1,3,0,3.09,two-year,fiber,electronic_check,basic,never
0,44.4,94.25,4,1,1,1.78,one-year,fiber,bank_transfer,basic,past
0,32.1,40.02,2,2,0,1.57,two-year,fiber,credit_card,plus,current
0,34.1,82.52,1,2,0,2.87,two-year,dsl,electronic_check,plus,past
0,29.4,95.92,2,1,1,1.12,month-to-month,dsl,electronic_check,basic,never
0,20.9,58.15,3,2,3,3.13,month-to-month,dsl,electronic_check,basic,never
0,19.8,60.26,1,1,2,1.9,month-to-month,fiber,bank_transfer,basic,past
0,15.1,30.32,1,4,0,3.21,one-year,dsl,bank_transfer,plus,past
0,31.5,43.14,1,3,0,4.18,month-to-month,fiber,bank_transfer,basic,past
0,5.2,24.55,2,3,0,1.82,month-to-month,none,credit_card,basic,never
0,9.4,13.79,0,0,1,2.24,two-year,none,electronic_check,plus,never
0,8.5,72.33,1,1,1,4.26,month-to-month,dsl,credit_card,premium,never
0,52.7,74.79,3,1,2,0.0,one-year,dsl,electronic_check,basic,current
0,12.7,67.58,2,1,1,3.88,month-to-month,fiber,credit_card,plus,never
0,6.6,83.4,2,3,0,2.34,one-year,fiber,credit_card,basic,past
0,29.2,93.67,1,3,2,3.06,month-to-month,fiber,electronic_check,plus,past
1,0.2,69.77,2,1,2,2.78,month-to-month,fiber,bank_transfer,basic,never
0,5.0,10.51,2,2,0,2.56,month-to-month,fiber,credit_card,plus,never
0,2.4,63.87,2,2,0,4.84,month-to-month,fiber,electronic_check,basic,past
0,7.1,78.78,0,3,1,2.13,month-to-month,none,bank_transfer,basic,current
0,1.4,121.96,3,2,1,1.7,month-to-month,fiber,credit_card,basic,past
1,11.9,144.09,2,1,0,1.07,month-to-month,fiber,electronic_check,basic,never
0,2.3,89.19,2,3,1,0.6,two-year,fiber,bank_transfer,basic,past
0,0.6,31.54,2,2,2,2.6,month-to-month,dsl,electronic_check,basic,past
1,6.1,89.73,2,1,1,3.2,month-to-month,fiber,bank_transfer,premium,past
1,0.6,72.5,2,2,0,3.97,month-to-month,fiber,electronic_check,plus,past
0,7.2,131.56,2,3,1,0.6,one-year,fiber,electronic_check,basic,past
0,7.0,85.2,1,1,1,2.73,one-year,fiber,electronic_check,basic,current
1,24.7,113.23,2,1,1,4.53,month-to-month,fiber,electronic_check,premium,past
0,14.7,37.11,3,0,1,1.21,month-to-month,fiber,electronic_check,plus,current
0,8.3,58.57,3,4,0,3.35,one-year,fiber,bank_transfer,basic,current
0,42.2,63.88,3,5,1,1.55,month-to-month,fiber,electronic_check,basic,never
0,72.0,47.54,2,1,1,3.09,month-to-month,dsl,bank_transfer,basic,past
0,2.4,32.79,3,1,0,0.89,month-to-month,dsl,bank_transfer,basic,never
0,20.3,40.64,2,1,1,1.54,month-to-month,dsl,electronic_check,basic,past
1,1.3,76.77,2,2,2,3.08,month-to-month,fiber,credit_card,basic,never
0,37.7,66.54,1,3,0,1.73,two-year,dsl,credit_card,plus,current
0,18.4,66.46,2,2,1,3.61,two-year,dsl,electronic_check,basic,current
0,11.5,88.38,2,4,0,3.15,two-year,fiber,bank_transfer,plus,current
0,31.4,29.04,2,1,0,1.53,month-to-month,dsl,bank_transfer,basic,past
0,72.0,89.09,2,1,0,2.64,month-to-month,fiber,electronic_check,plus,never
0,22.1,55.3,2,3,1,3.71,month-to-month,fiber,electronic_check,plus,never
1,5.6,49.62,2,3,0,3.83,one-year,fiber,credit_card,basic,current
1,14.0,65.16,1,2,2,1.65,two-year,fiber,bank_transfer,basic,past
0,26.5,59.0,3,3,0,2.26,two-year,dsl,bank_transfer,basic,never
0,6.2,91.31,1,1,0,0.77,one-year,none,credit_card,basic,past
0,10.1,35.49,1,1,1,1.87,one-year,fiber,bank_transfer,premium,past
0,14.9,61.23,1,1,2,3.36,month-to-month,fiber,credit_card,plus,past
0,18.1,103.32,2,2,0,0.27,month-to-month,dsl,bank_transfer,plus,never
0,12.4,55.4,1,3,1,4.43,two-year,fiber,credit_card,basic,never
0,9.2,68.43,2,3,0,0.6,month-to-month,fiber,electronic_check,plus,never
0,3.1,54.5,2,1,1,0.44,month-to-month,dsl,electronic_check,premium,past
0,2.6,89.88,1,2,1,3.07,two-year,dsl,electronic_check,basic,past
0,36.6,85.63,2,2,0,2.5,month-to-month,dsl,electronic_check,basic,current
0,5.7,65.37,1,1,0,0.97,month-to-month,dsl,electronic_check,basic,never
1,2.8,125.42,2,1,2,4.23,two-year,dsl,electronic_check,basic,never
0,16.6,69.09,2,2,1,4.89,month-to-month,none,electronic_check,plus,never
0,20.5,70.39,2,5,1,3.78,month-to-month,dsl,electronic_check,basic,past
0,3.1,52.37,2,2,0,1.97,month-to-month,dsl,bank_transfer,basic,never
0,33.8,45.27,1,1,0,1.98,month-to-month,none,electronic_check,premium,current
0,2.4,84.55,3,0,0,1.2,two-year,fiber,electronic_check,plus,past
1,40.4,40.36,2,5,0,2.1,month-to-month,fiber,bank_transfer,basic,past
0,6.4,112.13,3,3,0,0.87,month-to-month,fiber,bank_transfer,basic,never
0,26.4,37.24,2,0,0,1.18,month-to-month,fiber,electronic_check,premium,current
0,42.1,10.0,4,1,1,4.12,one-year,fiber,credit_card,plus,current
0,12.2,52.79,3,1,0,5.92,one-year,fiber,credit_card,plus,past
0,72.0,89.91,2,3,0,0.6,two-year,fiber,electronic_check,basic,never
0,18.0,61.62,1,2,0,1.59,month-to-month,none,electronic_check,basic,never
0,9.3,77.94,3,2,2,1.97,month-to-month,dsl,electronic_check,basic,never
0,0.7,78.85,1,6,0,1.92,month-to-month,dsl,electronic_check,basic,never
0,3.5,42.76,2,1,2,3.48,month-to-month,fiber,electronic_check,basic,never
0,72.0,98.83,2,3,0,2.44,month-to-month,fiber,electronic_check,plus,never
0,58.2,69.23,2,1,1,3.33,month-to-month,fiber,electronic_check,basic,current
0,16.6,66.31,2,1,1,3.14,two-year,dsl,bank_transfer,basic,current
0,25.4,89.94,4,1,1,0.26,month-to-month,dsl,electronic_check,plus,never
0,10.2,78.26,2,1,1,4.21,one-year,fiber,credit_card,plus,past
0,13.3,104.09,1,2,0,2.32,month-to-month,none,electronic_check,basic,past
0,36.8,83.06,1,2,0,1.4,month-to-month,dsl,electronic_check,basic,never
0,7.9,42.62,2,1,1,4.72,month-to-month,fiber,electronic_check,basic,current
0,5.9,59.23,2,1,1,0.46,month-to-month,dsl,electronic_check,basic,past
0,12.1,32.65,2,2,1,2.08,one-year,dsl,electronic_check,basic,never
0,3.9,19.49,2,2,1,2.56,one-year,dsl,electronic_check,basic,never
0,11.4,92.56,2,3,1,3.58,one-year,fiber,electronic_check,plus,past
0,32.7,80.76,2,1,0,2.15,month-to-month,dsl,electronic_check,basic,current
0,37.8,77.59,2,0,0,0.11,month-to-month,dsl,electronic_check,premium,never
0,35.1,65.8,2,3,0,0.0,month-to-month,dsl,credit_card,basic,current
0,43.5,82.7,1,2,2,3.17,month-to-month,none,credit_card,basic,current
0,1.3,33.49,3,4,0,0.6,two-year,fiber,bank_transfer,basic,past
0,5.9,89.6,1,4,2,2.43,month-to-month,fiber,electronic_check,basic,never
0,26.6,81.39,1,2,1,2.38,one-year,fiber,credit_card,basic,past
1,7.3,77.15,2,2,0,3.17,month-to-month,fiber,credit_card,basic,past
0,16.2,83.36,3,2,0,1.39,one-year,none,electronic_check,plus,current
0,0.6,50.76,3,3,1,0.48,month-to-month,dsl,electronic_check,basic,past
0,13.3,75.66,3,2,0,3.47,month-to-month,dsl,electronic_check,plus,never
0,24.0,54.54,2,2,2,2.46,month-to-month,fiber,electronic_check,basic,never
0,5.5,61.14,1,3,0,3.77,two-year,none,electronic_check,basic,past
0,24.3,88.06,2,3,0,2.28,month-to-month,fiber,bank_transfer,plus,past
0,51.9,71.57,3,1,1,2.75,two-year,fiber,electronic_check,premium,past
0,9.1,76.02,2,2,1,4.17,month-to-month,fiber,electronic_check,plus,never
0,10.1,49.92,2,1,0,2.36,two-year,fiber,bank_transfer,plus,past
0,31.9,75.71,3,4,0,1.26,month-to-month,fiber,electronic_check,plus,never
0,2.7,85.76,3,1,0,1.95,one-year,fiber,electronic_check,plus,current
1,37.3,106.71,2,2,0,2.0,month-to-month,dsl,bank_transfer,basic,never
0,8.8,123.94,3,0,0,4.7,two-year,dsl,electronic_check,plus,current
0,21.9,68.99,3,2,1,3.04,two-year,dsl,credit_card,basic,past
0,39.9,59.88,2,3,1,5.0,month-to-month,dsl,credit_card,basic,current
0,2.4,42.57,3,2,0,0.6,two-year,fiber,credit_card,basic,past
0,3.0,45.32,3,3,0,2.31,month-to-month,dsl,electronic_check,basic,past
0,20.6,76.28,1,2,2,1.08,two-year,dsl,credit_card,basic,past
0,0.1,58.73,3,2,0,1.82,month-to-month,fiber,electronic_check,plus,never
0,5.3,72.55,1,1,1,4.49,one-year,fiber,bank_transfer,basic,current
0,25.0,93.36,1,0,0,3.35,month-to-month,fiber,credit_card,plus,past
1,13.8,56.67,2,3,4,4.27,month-to-month,fiber,electronic_check,plus,never
1,47.6,98.35,2,4,2,5.0,one-year,fiber,electronic_check,basic,past
0,0.8,105.81,3,2,0,3.27,month-to-month,dsl,electronic_check,basic,current
0,0.5,10.0,4,3,0,3.68,month-to-month,fiber,bank_transfer,basic,past
0,16.2,63.31,3,2,0,1.36,two-year,dsl,electronic_check,basic,never
0,0.4,49.24,2,2,0,1.29,one-year,dsl,electronic_check,plus,never
0,6.7,73.04,1,2,3,0.83,month-to-month,none,electronic_check,plus,past
0,9.0,65.88,1,2,1,1.69,month-to-month,none,electronic_check,plus,never
0,15.9,84.03,2,4,1,1.44,month-to-month,fiber,bank_transfer,basic,past
0,41.0,38.31,3,2,0,2.17,month-to-month,fiber,bank_transfer,plus,current
1,12.6,108.85,3,2,1,0.6,month-to-month,fiber,electronic_check,basic,current
0,26.0,53.87,1,1,1,2.04,one-year,none,electronic_check,basic,current
1,19.2,56.26,1,2,1,2.52,month-to-month,fiber,electronic_check,basic,past
0,9.4,95.73,2,2,0,2.06,month-to-month,fiber,electronic_check,basic,current
0,1.0,51.38,1,3,0,4.4,month-to-month,dsl,credit_card,basic,past
0,0.4,83.98,0,0,0,1.43,two-year,none,electronic_check,premium,never
0,4.2,44.47,2,4,1,1.59,month-to-month,dsl,bank_transfer,basic,never
0,0.7,74.91,2,2,0,3.03,two-year,fiber,credit_card,basic,never
0,17.7,85.54,1,2,0,2.04,month-to-month,dsl,electronic_check,basic,past
0,1.4,36.89,3,3,0,2.36,two-year,dsl,credit_card,basic,past
1,4.7,91.51,2,1,0,0.59,month-to-month,dsl,credit_card,premium,current
0,27.0,81.92,2,1,0,2.69,month-to-month,dsl,electronic_check,plus,never
0,0.5,59.15,2,4,0,4.01,month-to-month,fiber,credit_card,basic,never
1,16.5,67.22,0,2,1,1.45,month-to-month,none,electronic_check,basic,never
0,41.8,59.3,4,2,0,1.68,month-to-month,dsl,credit_card,plus,past
0,29.5,96.84,3,2,0,3.97,month-to-month,fiber,credit_card,basic,past
0,6.6,71.2,1,2,0,1.9,month-to-month,fiber,credit_card,basic,never
1,11.8,69.61,2,2,3,0.6,month-to-month,fiber,credit_card,basic,past
0,27.5,80.74,2,4,0,0.74,month-to-month,dsl,bank_transfer,basic,never
0,0.2,92.09,3,1,1,0.0,two-year,dsl,electronic_check,basic,past
0,9.6,62.71,1,5,1,2.71,month-to-month,none,credit_card,basic,past
0,5.2,110.41,2,1,1,0.89,month-to-month,dsl,electronic_check,plus,past
1,28.7,29.18,2,1,1,0.58,one-year,dsl,credit_card,basic,past
0,10.4,82.31,2,2,0,2.79,month-to-month,none,credit_card,basic,past
0,12.4,38.34,3,3,1,4.18,one-year,fiber,electronic_check,premium,past
0,18.9,125.63,2,2,0,3.07,two-year,fiber,electronic_check,plus,never
0,72.0,40.37,2,2,0,1.64,month-to-month,fiber,electronic_check,basic,never
0,15.9,81.04,2,2,1,1.3,month-to-month,dsl,electronic_check,basic,current
0,52.1,86.75,2,3,2,1.43,two-year,dsl,bank_transfer,basic,current
0,72.0,96.41,2,1,1,2.45,month-to-month,fiber,bank_transfer,premium,past
0,25.1,38.39,2,3,0,2.44,two-year,fiber,electronic_check,basic,current
0,27.1,73.38,1,1,0,0.42,month-to-month,dsl,credit_card,basic,never
0,9.1,63.93,2,3,2,2.27,two-year,dsl,credit_card,basic,never
0,13.4,59.1,2,3,1,2.6,one-year,none,electronic_check,plus,never
0,36.7,85.01,3,3,0,2.3,one-year,fiber,credit_card,basic,past
0,3.9,44.07,1,2,1,1.41,month-to-month,none,electronic_check,basic,never
0,38.5,63.53,1,2,0,1.48,one-year,dsl,electronic_check,premium,past
0,18.8,37.9,2,1,1,1.08,two-year,fiber,electronic_check,plus,past
0,5.4,64.91,1,2,0,1.65,month-to-month,fiber,bank_transfer,basic,never
0,0.4,56.93,1,3,1,2.04,one-year,dsl,credit_card,basic,past
0,13.7,66.01,2,1,1,2.39,two-year,dsl,bank_transfer,plus,never
0,17.0,64.29,2,1,2,3.48,month-to-month,dsl,credit_card,basic,current
0,41.1,41.94,3,6,1,4.73,one-year,fiber,electronic_check,basic,past
0,6.2,19.06,4,0,0,2.85,two-year,fiber,electronic_check,plus,current
0,29.8,42.02,3,1,1,0.11,month-to-month,dsl,bank_transfer,plus,never
0,9.1,69.08,3,4,1,2.44,two-year,fiber,electronic_check,basic,current
1,27.8,60.26,2,2,1,1.86,month-to-month,fiber,electronic_check,premium,past
1,6.4,61.71,3,1,2,2.66,month-to-month,fiber,bank_transfer,basic,past
0,13.0,66.81,1,1,1,1.4,month-to-month,none,bank_transfer,plus,never
0,6.9,52.75,2,1,0,3.13,month-to-month,fiber,electronic_check,plus,past
0,19.6,48.99,3,2,0,4.32,one-year,fiber,electronic_check,premium,current
0,8.2,83.97,2,1,0,1.39,one-year,dsl,bank_transfer,plus,never
0,21.0,63.94,1,1,0,0.6,month-to-month,fiber,bank_transfer,plus,current
0,4.3,71.65,3,2,1,2.32,month-to-month,fiber,electronic_check,basic,past
0,0.5,43.48,1,2,0,2.58,month-to-month,dsl,electronic_check,basic,current
0,6.1,49.59,2,1,0,1.92,month-to-month,fiber,bank_transfer,premium,current
0,20.5,77.04,2,1,0,0.95,two-year,dsl,credit_card,basic,never
0,18.1,101.09,2,1,1,2.44,one-year,fiber,credit_card,plus,past
0,0.7,63.77,0,3,0,2.91,two-year,none,credit_card,basic,never
0,18.1,105.26,2,4,1,1.03,one-year,dsl,bank_transfer,basic,past
0,9.0,70.5,2,1,1,2.99,month-to-month,fiber,credit_card,basic,never
0,3.8,95.05,3,3,0,5.18,month-to-month,fiber,electronic_check,plus,never
0,28.6,48.48,2,2,0,3.26,month-to-month,fiber,bank_transfer,basic,never
1,27.7,83.02,3,2,0,0.66,month-to-month,dsl,credit_card,plus,past
0,13.1,53.48,1,2,1,0.0,month-to-month,none,electronic_check,basic,past
0,5.2,66.96,1,1,1,2.76,two-year,none,electronic_check,premium,never
0,16.3,86.4,0,2,1,2.61,two-year,none,electronic_check,basic,current
0,22.5,91.23,1,0,2,2.79,one-year,fiber,bank_transfer,premium,never
0,11.4,85.71,2,2,0,2.69,month-to-month,dsl,bank_transfer,basic,past
0,22.2,65.44,2,4,2,1.71,month-to-month,fiber,credit_card,basic,past
0,2.3,99.06,2,1,0,1.69,month-to-month,dsl,electronic_check,basic,never
0,10.1,103.11,2,0,0,2.91,month-to-month,fiber,electronic_check,plus,never
0,2.0,83.7,4,3,0,2.03,month-to-month,fiber,credit_card,basic,past
0,2.4,68.36,3,1,1,4.06,month-to-month,fiber,bank_transfer,plus,past
0,27.0,64.51,2,1,1,4.33,month-to-month,fiber,electronic_check,plus,past
0,37.1,72.63,3,0,0,2.63,one-year,dsl,electronic_check,plus,past
0,10.1,56.35,2,2,0,4.45,month-to-month,fiber,bank_transfer,basic,past
0,8.3,85.15,0,3,0,1.13,two-year,none,electronic_check,premium,current
0,43.0,95.44,1,1,1,2.56,two-year,fiber,electronic_check,plus,past
0,22.5,57.1,1,3,3,4.02,month-to-month,fiber,electronic_check,basic,never
0,46.4,10.0,2,3,1,2.16,month-to-month,fiber,bank_transfer,basic,past
0,1.2,52.74,3,4,0,2.17,one-year,dsl,electronic_check,basic,never
0,10.1,79.1,1,2,1,1.56,month-to-month,fiber,electronic_check,premium,past
0,29.5,58.57,3,1,1,3.28,month-to-month,fiber,electronic_check,basic,never
0,11.9,59.89,1,4,0,0.25,month-to-month,dsl,electronic_check,plus,past
0,11.3,31.53,2,1,1,2.87,month-to-month,dsl,bank_transfer,basic,never
0,8.3,34.2,0,5,0,1.11,month-to-month,none,electronic_check,basic,past
0,4.2,59.53,1,2,0,3.9,month-to-month,dsl,electronic_check,basic,past
0,18.7,58.74,2,3,0,3.91,two-year,dsl,electronic_check,plus,current
0,1.6,63.27,3,3,0,3.93,month-to-month,fiber,bank_transfer,basic,current
0,1.8,71.53,2,1,0,1.76,one-year,dsl,electronic_check,basic,never
0,3.4,49.87,2,0,1,1.22,month-to-month,fiber,bank_transfer,premium,never
0,35.1,82.35,2,1,0,2.45,month-to-month,dsl,bank_transfer,plus,past
0,8.2,67.63,2,2,0,3.96,one-year,dsl,electronic_check,basic,past
0,29.9,68.83,2,4,0,1.93,month-to-month,fiber,electronic_check,basic,current
1,22.5,103.94,3,2,1,1.9,month-to-month,none,bank_transfer,basic,past
0,48.7,28.1,1,4,0,0.0,two-year,none,electronic_check,basic,current
0,3.1,88.91,2,2,0,2.43,month-to-month,dsl,credit_card,basic,past
0,3.4,52.8,1,1,1,0.0,month-to-month,dsl,electronic_check,basic,never
1,2.8,105.37,3,4,1,2.58,month-to-month,fiber,electronic_check,basic,never
0,29.1,44.39,0,3,0,1.41,month-to-month,none,bank_transfer,plus,never
1,7.8,105.54,3,4,1,2.32,month-to-month,fiber,electronic_check,basic,never
0,2.5,124.42,3,1,1,1.6,month-to-month,dsl,credit_card,plus,current
0,22.9,74.31,1,0,0,1.99,month-to-month,dsl,bank_transfer,plus,never
0,3.1,86.52,2,2,0,0.76,month-to-month,dsl,bank_transfer,basic,never
0,2.2,51.13,3,2,0,2.48,month-to-month,dsl,electronic_check,basic,past
0,28.1,65.74,1,1,0,2.17,one-year,dsl,credit_card,basic,past
0,47.7,93.49,2,4,0,2.18,month-to-month,fiber,electronic_check,basic,never
0,6.0,52.73,0,2,0,2.27,month-to-month,none,credit_card,basic,past
0,28.8,69.51,3,2,1,1.61,one-year,dsl,credit_card,basic,current
0,2.0,25.61,1,2,0,3.06,month-to-month,fiber,bank_transfer,basic,never
0,34.2,40.98,1,2,0,2.32,month-to-month,none,electronic_check,basic,current
0,29.1,25.8,2,1,1,3.35,month-to-month,dsl,credit_card,basic,past
0,51.5,94.36,1,1,2,0.0,month-to-month,none,bank_transfer,basic,past
1,34.5,64.32,1,2,1,1.35,month-to-month,fiber,bank_transfer,basic,never
0,26.7,74.18,2,3,1,2.75,month-to-month,fiber,electronic_check,basic,never
0,1.8,57.94,3,2,0,1.93,month-to-month,fiber,credit_card,basic,past
0,11.6,64.63,2,4,0,1.25,month-to-month,dsl,electronic_check,basic,past
0,4.6,54.38,2,3,1,4.22,month-to-month,fiber,electronic_check,basic,past
0,10.0,70.26,1,2,0,1.02,one-year,fiber,credit_card,plus,past
0,26.3,61.94,1,4,0,3.55,month-to-month,fiber,electronic_check,basic,current
0,4.8,57.96,4,1,1,2.16,one-year,fiber,electronic_check,plus,never
0,6.8,60.97,1,0,1,1.31,month-to-month,none,electronic_check,plus,current
0,6.4,117.39,2,2,0,2.26,month-to-month,fiber,credit_card,basic,current
1,40.9,61.23,1,3,1,4.53,month-to-month,fiber,credit_card,plus,never
0,0.0,27.62,3,1,0,2.98,month-to-month,dsl,electronic_check,basic,never
0,11.4,66.69,2,0,2,1.24,month-to-month,dsl,bank_transfer,plus,current
0,15.8,105.79,1,2,1,2.81,month-to-month,fiber,bank_transfer,premium,never
0,13.8,91.1,1,2,2,3.79,month-to-month,fiber,bank_transfer,basic,never
0,18.4,27.86,2,2,0,3.38,month-to-month,fiber,bank_transfer,plus,past
0,7.4,44.26,2,3,1,3.12,one-year,fiber,credit_card,basic,never
0,18.8,23.5,3,3,0,1.95,month-to-month,fiber,bank_transfer,basic,never
1,2.7,86.97,2,1,0,2.87,month-to-month,fiber,credit_card,plus,past
0,11.6,78.73,3,4,1,4.22,month-to-month,fiber,bank_transfer,plus,never
1,5.3,98.62,1,5,0,4.47,month-to-month,fiber,bank_transfer,basic,never
0,4.2,13.26,3,4,0,3.2,month-to-month,fiber,credit_card,premium,never
0,9.4,81.48,3,4,0,3.43,two-year,fiber,credit_card,basic,never
0,38.5,10.0,2,5,0,2.97,one-year,dsl,electronic_check,basic,past
1,1.6,87.93,3,3,0,1.65,one-year,fiber,electronic_check,basic,never
1,26.3,12.15,2,3,0,3.38,month-to-month,dsl,credit_card,basic,never
1,10.0,88.32,3,1,0,1.99,month-to-month,dsl,bank_transfer,basic,past
0,0.0,66.29,1,3,1,2.66,one-year,fiber,credit_card,plus,current
0,16.2,83.22,4,3,1,1.55,month-to-month,dsl,bank_transfer,basic,past
0,39.3,60.62,1,3,1,1.62,one-year,none,credit_card,premium,never
0,38.4,62.54,2,1,1,2.91,two-year,dsl,bank_transfer,premium,past
0,11.0,85.52,2,1,0,0.93,month-to-month,fiber,credit_card,basic,never
0,60.6,53.45,2,1,2,2.13,month-to-month,none,bank_transfer,basic,never
0,4.1,127.03,2,2,1,2.34,two-year,fiber,electronic_check,premium,past
0,41.3,60.04,2,2,1,1.72,two-year,fiber,electronic_check,basic,past
0,1.4,47.41,2,2,0,0.6,month-to-month,fiber,electronic_check,basic,past
0,17.9,88.5,0,1,0,3.55,month-to-month,none,electronic_check,plus,never
0,51.5,47.65,1,3,1,2.31,two-year,fiber,electronic_check,basic,current
0,5.2,54.27,2,2,0,2.66,two-year,fiber,electronic_check,basic,never
0,1.8,85.13,1,0,0,1.81,two-year,dsl,credit_card,premium,never
0,13.9,50.7,1,1,1,3.11,one-year,fiber,credit_card,premium,never
0,19.1,42.76,3,1,0,1.83,month-to-month,dsl,electronic_check,plus,past
0,29.1,96.82,2,2,1,4.99,two-year,dsl,credit_card,plus,never
0,4.9,65.91,3,2,1,2.0,one-year,fiber,electronic_check,basic,past
0,31.6,35.21,3,3,0,0.6,month-to-month,fiber,electronic_check,basic,past
0,26.9,73.2,0,2,1,0.43,month-to-month,none,credit_card,basic,past
0,9.7,21.39,1,0,1,3.43,one-year,fiber,electronic_check,plus,never
1,22.0,54.81,2,1,2,2.87,month-to-month,dsl,credit_card,basic,past
0,4.7,60.0,1,3,0,3.5,month-to-month,fiber,electronic_check,basic,past
0,10.2,56.38,3,5,1,1.83,two-year,none,electronic_check,basic,never
0,17.8,100.78,2,2,0,1.77,one-year,fiber,electronic_check,basic,never
0,15.6,62.99,1,1,0,2.88,month-to-month,dsl,bank_transfer,basic,never
0,10.7,69.59,2,3,2,4.66,one-year,none,bank_transfer,plus,past
0,19.4,91.84,1,2,0,3.42,month-to-month,none,electronic_check,basic,past
0,27.7,71.12,4,1,0,2.35,month-to-month,fiber,electronic_check,premium,never
0,1.6,68.78,3,0,2,1.58,month-to-month,fiber,electronic_check,plus,past
0,12.7,79.13,1,2,0,0.6,month-to-month,fiber,credit_card,basic,past
0,12.4,93.85,2,2,0,2.66,month-to-month,fiber,electronic_check,basic,never
0,2.2,61.27,2,1,0,2.39,one-year,dsl,electronic_check,basic,never
0,1.4,58.37,3,4,0,2.68,month-to-month,dsl,credit_card,premium,past
0,66.1,41.59,3,1,1,2.62,month-to-month,dsl,bank_transfer,basic,past
0,46.2,57.36,1,1,0,1.56,month-to-month,none,credit_card,basic,past
0,10.6,78.94,2,4,1,3.17,one-year,fiber,credit_card,basic,past
0,35.3,64.01,2,1,0,1.6,one-year,dsl,electronic_check,premium,never
0,1.1,43.3,3,2,1,3.66,month-to-month,dsl,electronic_check,basic,never
1,5.8,115.71,1,1,3,1.63,month-to-month,none,electronic_check,basic,current
0,12.5,32.47,2,3,1,4.87,month-to-month,dsl,electronic_check,premium,never
0,72.0,68.76,4,1,0,1.39,one-year,dsl,electronic_check,basic,past
0,14.3,108.38,2,0,0,2.39,two-year,none,electronic_check,plus,past
0,6.5,94.82,2,3,0,2.44,month-to-month,fiber,electronic_check,basic,never
1,1.0,82.98,3,4,1,2.98,month-to-month,fiber,electronic_check,basic,never
1,18.2,84.32,2,3,0,2.67,one-year,dsl,credit_card,basic,past
1,24.3,65.81,3,3,3,2.69,month-to-month,fiber,bank_transfer,basic,past
0,56.9,54.09,3,2,0,3.04,two-year,dsl,electronic_check,basic,past
0,27.4,111.12,1,1,0,3.56,two-year,fiber,electronic_check,basic,past
1,11.2,69.51,2,0,0,2.1,two-year,dsl,credit_card,plus,past
0,72.0,63.98,1,0,0,2.31,one-year,dsl,electronic_check,plus,never
0,10.7,20.25,1,2,0,2.78,month-to-month,dsl,bank_transfer,basic,never
1,8.2,55.95,2,1,0,0.78,month-to-month,fiber,electronic_check,premium,never
0,5.2,94.97,2,0,2,1.36,month-to-month,dsl,bank_transfer,plus,current
1,35.1,115.1,2,3,0,2.95,month-to-month,fiber,electronic_check,basic,past
1,3.4,49.36,4,2,0,3.06,month-to-month,fiber,credit_card,basic,never
0,15.5,54.19,3,4,2,4.17,month-to-month,fiber,electronic_check,basic,never
1,6.1,73.32,2,5,0,1.95,month-to-month,fiber,credit_card,basic,never
1,10.4,106.5,1,5,0,2.26,one-year,fiber,credit_card,basic,never
0,24.9,59.68,2,3,1,2.46,month-to-month,dsl,electronic_check,plus,current
0,3.0,25.66,2,1,0,3.26,two-year,fiber,credit_card,basic,past
0,0.5,71.07,2,2,0,0.0,month-to-month,none,electronic_check,plus,current
0,5.0,101.36,2,2,1,3.86,month-to-month,dsl,electronic_check,plus,past
0,3.9,48.17,2,2,2,2.38,month-to-month,fiber,credit_card,basic,never
0,31.4,51.07,1,2,0,1.63,month-to-month,none,credit_card,basic,never
0,9.1,95.78,2,4,0,4.01,month-to-month,dsl,bank_transfer,basic,past
0,0.9,110.75,2,2,1,2.76,month-to-month,fiber,electronic_check,premium,past
0,10.6,61.25,4,1,2,1.31,month-to-month,dsl,bank_transfer,basic,never
0,48.8,47.51,2,3,0,1.62,one-year,fiber,bank_transfer,basic,never
0,20.6,70.76,1,2,1,1.78,month-to-month,fiber,electronic_check,basic,current
0,27.0,85.39,0,1,1,1.02,month-to-month,none,electronic_check,plus,never
0,7.6,84.2,2,1,0,3.28,month-to-month,dsl,electronic_check,basic,past
0,51.1,48.0,1,1,1,2.3,two-year,fiber,credit_card,basic,never
0,21.3,95.37,2,1,0,0.02,two-year,dsl,credit_card,plus,past
0,25.1,119.02,1,1,0,0.16,month-to-month,dsl,electronic_check,plus,never
0,5.2,73.53,2,4,1,3.28,month-to-month,fiber,electronic_check,basic,current
0,16.6,36.99,3,2,0,2.9,two-year,fiber,credit_card,basic,current
0,70.4,76.68,3,4,0,1.93,month-to-month,fiber,credit_card,basic,current
0,1.3,68.63,1,1,0,2.89,one-year,fiber,electronic_check,plus,never
0,24.5,45.49,2,2,0,2.03,two-year,dsl,credit_card,basic,past
0,20.7,80.04,2,1,1,4.1,month-to-month,fiber,electronic_check,premium,never
0,23.1,87.94,1,1,1,1.92,month-to-month,fiber,credit_card,basic,past
0,20.3,51.72,1,1,1,2.33,month-to-month,none,electronic_check,plus,never
0,7.3,35.47,3,1,1,2.07,month-to-month,fiber,electronic_check,plus,past
0,13.1,98.53,1,1,0,1.74,month-to-month,none,electronic_check,plus,current
0,10.1,82.18,1,2,1,2.11,month-to-month,none,electronic_check,basic,current
1,38.0,99.49,2,1,0,5.74,month-to-month,fiber,electronic_check,basic,past
1,9.3,63.22,1,1,0,1.83,two-year,none,credit_card,basic,current
0,35.7,60.38,1,2,1,1.73,one-year,dsl,credit_card,basic,past
0,44.7,57.51,1,3,0,2.75,month-to-month,dsl,electronic_check,basic,never
0,2.7,46.44,2,2,1,1.98,one-year,fiber,bank_transfer,basic,never
0,21.7,59.82,2,0,2,1.77,one-year,fiber,bank_transfer,plus,never
1,0.3,49.9,3,2,0,1.05,month-to-month,dsl,bank_transfer,basic,past
0,13.3,57.75,2,0,0,0.6,month-to-month,fiber,bank_transfer,plus,past
0,26.2,55.22,2,3,1,2.56,one-year,dsl,bank_transfer,plus,past
0,34.2,72.89,1,3,1,2.11,one-year,none,credit_card,premium,never
0,20.7,81.87,3,1,1,3.26,two-year,fiber,electronic_check,basic,past
0,41.6,41.99,4,1,0,3.58,month-to-month,fiber,credit_card,basic,never
0,42.4,56.07,2,0,2,1.83,month-to-month,fiber,bank_transfer,premium,current
1,33.3,97.04,1,4,1,2.26,month-to-month,fiber,electronic_check,basic,current
0,29.4,65.93,2,0,1,4.18,one-year,dsl,credit_card,premium,past
0,14.9,24.37,1,6,1,0.98,month-to-month,fiber,electronic_check,basic,past
0,0.7,48.73,2,1,1,3.22,one-year,dsl,electronic_check,premium,past
0,28.7,102.83,2,2,0,2.84,month-to-month,fiber,bank_transfer,plus,past
1,3.4,99.65,2,0,1,3.81,month-to-month,dsl,credit_card,premium,never
0,51.4,77.92,2,2,0,0.94,one-year,dsl,electronic_check,plus,never
0,9.1,53.29,3,2,2,2.05,month-to-month,dsl,credit_card,basic,past
0,35.6,67.43,2,2,0,3.52,two-year,dsl,electronic_check,basic,current
0,2.0,21.58,1,4,0,0.07,month-to-month,none,credit_card,basic,never
0,4.2,76.91,1,1,1,2.31,month-to-month,none,bank_transfer,plus,never
0,19.9,80.28,4,2,0,3.4,month-to-month,fiber,electronic_check,basic,never
0,14.3,37.71,2,2,0,0.48,month-to-month,dsl,electronic_check,basic,past
0,8.5,71.06,1,0,2,2.92,month-to-month,fiber,credit_card,plus,past
0,30.4,36.14,2,1,1,2.59,one-year,fiber,credit_card,plus,never
0,52.3,60.54,1,5,0,4.29,month-to-month,dsl,electronic_check,basic,never
1,2.2,71.02,2,2,0,1.81,month-to-month,dsl,credit_card,basic,never
0,50.2,66.06,1,2,1,0.69,two-year,fiber,bank_transfer,plus,never
0,28.8,106.92,2,2,1,0.64,month-to-month,fiber,credit_card,plus,current
0,16.8,70.49,3,1,0,2.55,month-to-month,fiber,electronic_check,basic,never
0,64.0,76.49,3,1,0,3.9,month-to-month,fiber,bank_transfer,premium,never
0,13.2,54.41,2,3,0,2.33,one-year,fiber,bank_transfer,plus,never
0,10.1,62.9,3,2,1,3.91,two-year,fiber,bank_transfer,basic,never
0,14.6,37.29,4,0,1,3.0,one-year,fiber,bank_transfer,plus,past
0,34.2,60.23,3,1,0,4.39,one-year,fiber,bank_transfer,premium,past
0,11.4,70.64,1,2,0,0.0,month-to-month,none,bank_transfer,basic,current
0,9.5,61.87,2,2,2,0.91,one-year,none,electronic_check,basic,never
0,2.8,29.47,2,3,1,2.7,month-to-month,dsl,bank_transfer,basic,past
0,6.3,66.85,2,3,0,2.54,two-year,fiber,electronic_check,basic,past
1,1.8,24.8,2,2,0,3.01,month-to-month,fiber,electronic_check,plus,never
0,8.8,63.38,2,4,1,0.6,month-to-month,fiber,electronic_check,basic,current
0,16.0,81.96,2,2,0,3.9,two-year,fiber,credit_card,basic,never
0,5.1,72.16,2,1,0,1.4,one-year,fiber,electronic_check,plus,never
0,4.0,91.55,3,2,0,0.73,month-to-month,fiber,bank_transfer,basic,current
0,28.9,66.83,3,1,0,2.29,month-to-month,fiber,bank_transfer,plus,never
0,24.9,55.18,1,3,0,2.97,one-year,fiber,credit_card,basic,past
0,3.9,59.06,2,3,0,1.92,month-to-month,fiber,credit_card,basic,never
0,13.6,78.86,2,3,1,1.42,month-to-month,fiber,bank_transfer,basic,current
1,4.8,107.06,4,1,0,2.93,month-to-month,fiber,electronic_check,basic,current
0,8.3,71.39,3,0,1,0.88,month-to-month,fiber,bank_transfer,plus,never
1,9.2,38.6,2,3,1,0.96,month-to-month,fiber,electronic_check,basic,current
0,16.6,44.03,1,2,0,1.38,month-to-month,dsl,electronic_check,plus,past
0,9.9,61.01,3,1,1,2.83,two-year,dsl,credit_card,plus,never
0,21.8,63.57,2,2,1,1.35,one-year,fiber,bank_transfer,basic,never
0,3.3,82.27,2,0,0,3.17,month-to-month,dsl,electronic_check,plus,past
0,8.3,66.81,3,1,0,3.43,one-year,fiber,electronic_check,basic,current
0,13.9,84.48,1,2,1,0.0,two-year,dsl,electronic_check,basic,never
0,8.1,80.58,1,4,2,2.75,month-to-month,dsl,electronic_check,basic,past
0,3.5,60.07,2,3,0,3.19,month-to-month,fiber,credit_card,premium,never
0,14.3,66.41,3,2,0,3.2,month-to-month,fiber,bank_transfer,plus,current
0,11.5,97.87,2,4,0,3.39,one-year,dsl,electronic_check,basic,never
0,30.1,98.98,1,4,0,2.81,month-to-month,dsl,electronic_check,basic,past
1,25.2,101.44,2,2,1,2.53,month-to-month,fiber,electronic_check,basic,never
0,2.3,66.67,2,6,1,3.0,two-year,dsl,bank_transfer,basic,past
1,25.5,77.43,1,4,1,2.9,month-to-month,fiber,credit_card,basic,past
0,14.9,88.74,2,1,0,3.6,month-to-month,fiber,credit_card,basic,never
0,22.8,97.28,2,1,0,3.08,two-year,fiber,electronic_check,premium,past
0,2.8,28.44,2,3,1,2.98,month-to-month,none,bank_transfer,plus,never
0,1.2,45.23,2,1,1,1.47,month-to-month,fiber,electronic_check,premium,never
0,24.6,84.93,2,2,0,2.02,two-year,dsl,electronic_check,basic,never
0,6.0,90.72,3,7,0,3.08,two-year,fiber,electronic_check,basic,past
1,0.8,21.71,2,2,2,1.9,month-to-month,fiber,electronic_check,plus,past
0,35.9,32.01,2,3,2,0.54,month-to-month,dsl,bank_transfer,plus,past
0,5.3,26.15,1,0,0,2.15,month-to-month,dsl,electronic_check,plus,past
0,3.0,38.02,2,1,1,2.58,month-to-month,fiber,credit_card,basic,never
0,8.6,37.49,0,1,0,4.07,one-year,none,electronic_check,plus,past
0,8.1,37.46,2,2,1,2.13,month-to-month,fiber,credit_card,basic,never
0,5.0,49.04,1,4,0,2.24,one-year,fiber,electronic_check,basic,past
1,19.3,61.72,2,5,2,2.24,month-to-month,none,electronic_check,basic,current
0,48.3,94.06,2,2,0,2.89,two-year,dsl,electronic_check,basic,never
0,5.3,53.5,1,6,0,1.87,month-to-month,fiber,electronic_check,basic,past
0,5.3,61.96,4,1,0,1.57,one-year,dsl,electronic_check,basic,past
0,20.9,79.92,2,4,1,3.22,month-to-month,fiber,bank_transfer,basic,never
0,12.8,87.73,3,1,0,2.57,one-year,dsl,bank_transfer,premium,current
1,8.4,77.08,2,3,1,2.78,month-to-month,fiber,bank_transfer,basic,never
0,32.3,74.44,3,5,0,3.13,month-to-month,dsl,credit_card,basic,current
0,16.0,119.18,2,3,1,1.94,month-to-month,fiber,electronic_check,plus,current
1,8.0,150.03,1,1,0,3.69,month-to-month,fiber,credit_card,plus,past
0,10.2,76.43,1,2,0,1.9,month-to-month,dsl,electronic_check,basic,past
0,56.7,25.96,1,2,1,2.92,one-year,none,electronic_check,premium,never
0,5.0,42.4,2,1,0,1.84,month-to-month,dsl,bank_transfer,basic,past
0,58.9,82.92,1,3,0,1.19,month-to-month,dsl,electronic_check,premium,never
0,17.6,57.7,2,3,0,1.99,one-year,fiber,electronic_check,basic,never
1,72.0,85.36,2,3,0,3.15,month-to-month,fiber,electronic_check,basic,past
0,11.3,90.5,1,3,0,3.3,month-to-month,fiber,bank_transfer,basic,past
0,28.5,52.01,1,2,0,3.16,one-year,dsl,electronic_check,basic,never
1,7.2,111.68,3,2,1,0.64,month-to-month,fiber,bank_transfer,premium,never
0,10.1,41.03,2,1,0,3.27,month-to-month,dsl,electronic_check,basic,never
0,24.5,76.81,3,2,0,5.29,month-to-month,fiber,credit_card,plus,current
0,29.9,91.03,1,2,0,3.08,one-year,fiber,electronic_check,basic,never
0,72.0,51.17,1,1,0,0.0,month-to-month,dsl,credit_card,plus,never
1,31.2,28.84,3,1,2,4.83,one-year,fiber,bank_transfer,premium,past
1,25.5,73.4,1,4,2,1.82,one-year,fiber,electronic_check,basic,past
1,0.6,54.05,1,1,0,2.27,one-year,fiber,electronic_check,plus,past
0,2.9,96.82,4,3,0,3.23,month-to-month,fiber,bank_transfer,plus,never
0,4.2,57.77,2,1,1,1.38,two-year,fiber,electronic_check,premium,current
0,16.5,67.0,2,4,2,0.24,one-year,dsl,electronic_check,basic,never
0,8.0,81.94,0,5,2,3.25,one-year,none,electronic_check,basic,never
0,36.7,72.9,2,1,1,3.72,month-to-month,fiber,electronic_check,premium,past
0,13.5,12.33,1,2,1,3.41,month-to-month,fiber,credit_card,basic,past
1,63.5,109.84,2,4,0,0.6,month-to-month,fiber,electronic_check,basic,past
0,14.5,69.61,3,1,0,1.66,one-year,dsl,bank_transfer,plus,past
0,37.1,91.47,1,1,0,3.26,month-to-month,none,electronic_check,plus,never
0,47.7,88.08,3,3,1,3.67,two-year,fiber,bank_transfer,premium,never
1,12.4,120.92,3,3,0,4.59,month-to-month,fiber,electronic_check,basic,never
0,5.1,57.08,2,5,0,2.98,two-year,fiber,credit_card,basic,never
0,12.9,66.43,2,3,1,2.17,two-year,fiber,electronic_check,basic,never
0,6.9,63.35,3,2,0,2.89,one-year,fiber,credit_card,plus,past
1,3.4,53.41,3,3,1,4.17,month-to-month,dsl,bank_transfer,basic,past
0,32.8,39.97,1,3,0,1.94,one-year,fiber,credit_card,basic,never
0,0.1,85.28,2,4,1,2.47,month-to-month,fiber,credit_card,basic,past
0,23.8,73.08,2,5,1,2.66,month-to-month,fiber,electronic_check,basic,current
0,14.5,59.79,0,4,1,0.05,one-year,none,credit_card,basic,past
0,3.8,64.24,3,4,0,3.26,two-year,dsl,bank_transfer,basic,never
0,29.8,74.23,1,4,1,2.3,month-to-month,fiber,bank_transfer,plus,never
0,9.7,48.88,1,3,0,0.16,two-year,none,bank_transfer,basic,past
0,6.0,50.27,2,5,0,4.1,month-to-month,dsl,bank_transfer,basic,past
0,8.0,40.05,2,2,0,0.91,one-year,fiber,electronic_check,basic,never
1,3.9,124.25,2,3,0,2.34,month-to-month,none,credit_card,premium,past
0,6.0,50.86,1,4,0,1.2,two-year,none,electronic_check,basic,current
0,2.0,93.4,2,2,0,1.03,month-to-month,fiber,bank_transfer,basic,current
0,26.8,67.88,1,1,0,0.75,month-to-month,dsl,credit_card,basic,past
1,0.2,108.12,2,2,2,1.43,month-to-month,fiber,electronic_check,basic,past
1,8.6,47.75,2,2,1,0.6,month-to-month,fiber,credit_card,plus,past
0,5.9,67.82,2,1,0,3.88,one-year,fiber,electronic_check,basic,never
0,31.2,54.32,3,2,0,1.27,month-to-month,fiber,credit_card,premium,current
0,38.5,71.93,3,1,1,1.67,two-year,fiber,electronic_check,plus,never
1,5.7,77.96,1,3,1,1.84,one-year,fiber,electronic_check,basic,never
0,9.4,41.95,2,3,0,1.45,month-to-month,none,electronic_check,basic,current
0,15.3,43.42,1,5,1,0.0,month-to-month,dsl,electronic_check,basic,current
1,16.9,87.88,2,2,2,2.15,one-year,fiber,electronic_check,premium,past
0,26.6,39.51,4,0,3,0.97,two-year,dsl,electronic_check,plus,past
0,18.4,104.32,1,3,0,2.68,one-year,none,electronic_check,basic,past
0,14.2,59.1,2,1,1,3.15,month-to-month,fiber,electronic_check,plus,current
0,36.8,56.49,2,1,0,1.09,month-to-month,fiber,credit_card,plus,never
0,20.6,70.15,2,2,0,1.74,month-to-month,dsl,electronic_check,plus,past
0,11.0,50.77,1,0,1,4.49,two-year,fiber,credit_card,plus,past
0,21.1,63.7,2,2,1,2.64,month-to-month,none,electronic_check,basic,never
0,28.9,76.52,1,2,0,1.19,month-to-month,fiber,electronic_check,basic,past
1,7.2,99.52,2,0,0,2.61,month-to-month,fiber,credit_card,plus,past
1,14.1,45.84,2,3,0,2.23,one-year,dsl,electronic_check,basic,current
0,18.1,73.99,1,1,0,2.94,one-year,dsl,electronic_check,basic,past
0,18.6,40.01,3,3,0,2.29,two-year,dsl,electronic_check,basic,never
0,3.3,71.6,2,2,1,2.54,month-to-month,fiber,electronic_check,basic,current
0,13.1,80.69,3,0,1,0.99,month-to-month,dsl,electronic_check,plus,past
0,13.0,69.57,3,3,2,2.6,month-to-month,fiber,bank_transfer,basic,never
0,2.2,114.01,2,0,0,1.16,month-to-month,fiber,credit_card,plus,never
0,47.9,67.05,3,0,0,0.0,two-year,none,electronic_check,plus,never
0,39.7,32.3,2,3,0,4.54,month-to-month,dsl,credit_card,premium,current
0,2.2,78.28,2,1,1,4.04,two-year,dsl,bank_transfer,basic,never
0,15.7,58.84,3,2,0,0.79,month-to-month,dsl,credit_card,plus,past
0,64.4,116.84,3,2,0,1.44,month-to-month,fiber,credit_card,premium,current
0,1.4,56.35,3,1,1,2.77,one-year,fiber,bank_transfer,basic,never
0,60.5,42.48,2,5,1,2.33,month-to-month,none,electronic_check,basic,past
0,0.9,104.96,2,5,1,0.39,month-to-month,dsl,electronic_check,basic,never
0,51.5,51.48,1,1,0,2.83,month-to-month,dsl,bank_transfer,basic,never
0,2.4,82.16,2,2,0,2.55,one-year,fiber,credit_card,basic,past
0,6.1,83.21,3,0,1,2.28,month-to-month,fiber,bank_transfer,premium,never
0,21.7,67.79,2,3,1,2.71,month-to-month,fiber,credit_card,basic,past
0,0.5,56.63,2,2,1,1.81,month-to-month,dsl,electronic_check,premium,never
0,15.9,46.77,2,0,1,1.81,month-to-month,none,electronic_check,plus,never
0,19.4,74.83,1,3,1,0.6,two-year,fiber,electronic_check,basic,current
1,30.7,113.17,2,4,2,3.55,month-to-month,fiber,bank_transfer,plus,past
0,6.0,83.72,0,0,1,2.19,one-year,none,electronic_check,plus,current
0,10.5,70.49,2,4,0,3.54,two-year,fiber,electronic_check,basic,never
0,22.0,41.98,1,0,1,5.11,month-to-month,fiber,bank_transfer,plus,current
0,13.6,83.43,1,2,0,0.94,month-to-month,dsl,electronic_check,basic,never
0,4.3,88.42,1,1,1,3.38,month-to-month,fiber,electronic_check,plus,never
0,20.8,81.15,1,1,0,2.38,one-year,fiber,electronic_check,plus,past
0,54.2,58.96,1,1,1,4.26,one-year,none,electronic_check,basic,never
0,9.6,55.61,2,5,2,2.13,one-year,fiber,bank_transfer,basic,never
0,2.0,51.96,2,1,0,2.89,two-year,dsl,electronic_check,basic,past
0,2.2,65.39,1,1,0,0.79,month-to-month,none,credit_card,plus,never
0,18.8,37.46,3,2,0,3.14,month-to-month,dsl,bank_transfer,plus,never
0,21.5,50.12,4,4,1,2.53,month-to-month,dsl,electronic_check,basic,past
1,55.7,136.87,1,0,0,3.04,two-year,fiber,credit_card,plus,never
0,17.9,63.82,2,3,1,1.85,month-to-month,fiber,bank_transfer,plus,past
0,0.7,80.56,2,2,0,3.66,one-year,fiber,electronic_check,plus,never
1,22.7,100.66,2,3,0,3.43,month-to-month,fiber,electronic_check,basic,past
0,25.0,84.52,3,3,1,1.75,month-to-month,none,credit_card,premium,never
0,1.5,56.0,2,0,0,0.99,month-to-month,fiber,electronic_check,premium,past
0,2.4,66.29,1,3,0,0.88,two-year,none,electronic_check,basic,past
0,39.7,54.44,2,3,0,2.92,month-to-month,dsl,credit_card,basic,past
0,17.2,64.43,2,1,0,1.84,one-year,fiber,electronic_check,basic,current
0,17.6,54.49,2,1,1,0.3,one-year,dsl,credit_card,premium,past
0,16.3,88.58,3,1,0,2.0,month-to-month,dsl,electronic_check,plus,never
0,3.2,86.45,3,1,1,0.31,month-to-month,dsl,electronic_check,plus,current
0,3.1,72.28,1,1,0,1.54,month-to-month,dsl,bank_transfer,basic,past
0,17.0,110.64,3,2,1,4.7,two-year,fiber,electronic_check,basic,never
0,20.5,86.4,1,4,1,2.31,one-year,fiber,bank_transfer,basic,current
1,5.3,44.51,2,2,1,2.32,month-to-month,fiber,bank_transfer,premium,never
0,9.7,44.22,3,1,1,0.6,two-year,fiber,bank_transfer,premium,never
0,5.1,66.78,1,2,1,2.14,one-year,fiber,bank_transfer,premium,past
0,9.3,52.76,2,1,0,2.63,one-year,fiber,electronic_check,basic,current
0,11.2,79.12,1,3,0,2.26,month-to-month,none,credit_card,basic,current
0,4.4,14.35,3,1,1,2.43,month-to-month,dsl,credit_card,premium,never
0,6.0,58.68,3,2,1,2.73,month-to-month,fiber,bank_transfer,basic,never
0,5.4,68.2,2,3,1,2.39,month-to-month,fiber,electronic_check,premium,past
0,0.8,95.2,2,4,1,3.75,two-year,none,credit_card,plus,never
0,62.1,65.93,1,3,1,0.0,month-to-month,dsl,electronic_check,basic,current
0,6.6,71.82,2,2,0,2.45,two-year,fiber,bank_transfer,plus,current
0,11.1,102.76,2,2,0,5.37,month-to-month,dsl,credit_card,basic,past
0,37.2,68.52,2,1,0,1.84,month-to-month,fiber,electronic_check,basic,never
1,11.0,113.92,4,5,1,3.2,month-to-month,fiber,bank_transfer,basic,never
0,21.5,62.26,2,2,0,1.66,month-to-month,dsl,credit_card,basic,current
0,1.7,56.98,1,2,1,1.31,one-year,fiber,bank_transfer,basic,never
0,3.3,51.34,2,3,0,0.81,one-year,fiber,bank_transfer,basic,current
0,11.1,95.83,3,0,2,3.17,month-to-month,fiber,bank_transfer,premium,past
0,26.5,83.02,1,1,1,1.37,month-to-month,dsl,electronic_check,plus,past
0,2.1,126.47,1,2,0,2.12,month-to-month,dsl,electronic_check,basic,current
0,23.0,75.16,3,2,0,2.63,one-year,dsl,electronic_check,basic,never
0,12.7,17.08,1,5,2,2.02,one-year,fiber,credit_card,basic,current
0,5.4,78.09,2,2,0,3.09,one-year,dsl,electronic_check,basic,never
0,15.9,105.43,1,4,1,0.88,one-year,fiber,credit_card,basic,past
0,1.0,55.68,1,0,2,1.52,month-to-month,none,credit_card,plus,current
0,12.0,91.17,2,2,1,1.24,month-to-month,dsl,electronic_check,basic,never
0,36.6,91.84,2,2,0,2.65,month-to-month,dsl,bank_transfer,premium,never
0,4.0,93.98,1,1,0,0.0,one-year,none,electronic_check,plus,never
1,6.7,69.1,3,4,2,3.38,month-to-month,fiber,electronic_check,basic,current
0,15.9,63.64,1,3,1,3.55,month-to-month,fiber,credit_card,basic,current
0,6.8,78.18,4,2,2,3.66,one-year,dsl,bank_transfer,basic,current
0,7.8,86.38,3,2,0,3.3,one-year,fiber,electronic_check,basic,current
0,33.2,68.92,2,0,1,2.79,month-to-month,fiber,bank_transfer,premium,never
0,0.6,60.77,4,2,1,1.67,month-to-month,dsl,electronic_check,plus,past
1,37.1,65.01,3,3,2,2.61,month-to-month,fiber,bank_transfer,basic,never
0,7.4,65.25,2,0,2,2.37,month-to-month,dsl,electronic_check,plus,past
0,40.1,95.72,2,4,0,1.15,month-to-month,dsl,credit_card,basic,never
0,0.4,61.38,1,4,0,4.41,two-year,fiber,electronic_check,basic,past
0,35.3,60.48,1,1,0,0.05,one-year,dsl,bank_transfer,plus,never
0,4.0,82.51,2,1,0,3.24,month-to-month,fiber,electronic_check,basic,past
1,15.3,100.34,3,2,0,0.25,month-to-month,dsl,electronic_check,plus,past
0,9.8,80.07,2,2,1,2.51,one-year,dsl,electronic_check,basic,past
0,24.3,91.91,1,2,1,2.71,two-year,dsl,bank_transfer,plus,past
1,33.0,76.9,2,4,0,2.46,month-to-month,fiber,electronic_check,basic,never
0,0.3,128.48,1,2,0,2.12,month-to-month,none,electronic_check,basic,past
0,22.0,60.24,2,1,1,3.3,two-year,fiber,credit_card,basic,never
0,8.5,91.53,2,1,0,2.24,two-year,none,credit_card,plus,past
0,18.9,105.13,2,3,0,3.29,one-year,fiber,bank_transfer,basic,never
0,10.3,62.45,1,4,0,2.27,one-year,none,credit_card,basic,past
0,1.7,38.86,2,2,0,2.47,month-to-month,dsl,credit_card,premium,past
0,28.1,57.55,1,4,0,2.88,one-year,fiber,bank_transfer,basic,never
0,2.6,91.23,4,1,0,1.77,month-to-month,dsl,credit_card,premium,never
1,7.0,92.75,2,3,0,1.84,month-to-month,fiber,electronic_check,basic,past
0,72.0,82.73,3,2,0,3.58,one-year,fiber,electronic_check,basic,current
0,16.5,70.74,3,1,0,4.3,one-year,fiber,bank_transfer,plus,never
0,24.2,92.48,3,0,0,0.75,one-year,fiber,credit_card,plus,never
0,2.4,75.36,3,3,2,1.6,month-to-month,fiber,electronic_check,basic,current
0,72.0,64.34,1,0,1,2.04,month-to-month,none,electronic_check,plus,current
0,27.4,87.09,1,2,0,2.61,month-to-month,dsl,bank_transfer,basic,never
0,4.7,95.01,2,1,0,3.37,one-year,fiber,electronic_check,basic,never
0,28.3,67.03,3,3,1,3.48,month-to-month,dsl,electronic_check,basic,past
0,13.7,50.07,1,0,0,1.38,month-to-month,fiber,bank_transfer,plus,past
0,27.5,71.56,3,0,0,2.75,month-to-month,fiber,credit_card,plus,current
0,30.5,67.72,2,2,1,3.28,month-to-month,fiber,electronic_check,basic,past
0,4.0,77.5,1,2,1,4.61,two-year,fiber,credit_card,premium,past
0,28.4,110.34,2,2,0,2.69,one-year,fiber,bank_transfer,basic,never
0,14.6,91.32,2,2,0,1.54,two-year,dsl,electronic_check,basic,current
0,32.8,79.46,1,3,0,3.8,month-to-month,fiber,credit_card,basic,past
0,2.1,11.15,3,1,0,3.33,one-year,fiber,electronic_check,basic,never
0,9.8,20.2,2,4,0,2.02,month-to-month,fiber,credit_card,basic,never
1,7.0,52.13,4,5,1,2.38,month-to-month,fiber,bank_transfer,basic,never
0,15.7,53.8,3,2,1,2.36,month-to-month,dsl,bank_transfer,basic,current
0,16.2,27.66,2,2,1,0.0,one-year,dsl,electronic_check,basic,never
0,1.1,79.49,1,2,1,1.24,one-year,none,credit_card,plus,past
0,2.8,34.03,1,3,2,3.13,one-year,fiber,bank_transfer,premium,never
0,52.6,101.7,3,0,0,3.16,month-to-month,fiber,electronic_check,plus,never
0,18.2,22.68,2,4,0,2.53,one-year,fiber,electronic_check,basic,never
0,8.6,72.63,1,0,0,0.9,month-to-month,none,credit_card,plus,past
1,47.5,115.25,3,1,1,3.05,one-year,dsl,electronic_check,basic,never
0,0.1,106.54,1,1,0,1.52,one-year,dsl,electronic_check,plus,past
0,0.9,85.98,3,1,0,3.29,month-to-month,fiber,credit_card,plus,never
0,8.4,79.41,4,1,2,1.25,month-to-month,dsl,electronic_check,plus,past
0,29.9,40.38,2,1,0,4.82,two-year,fiber,electronic_check,plus,past
0,16.8,53.2,1,4,0,2.1,month-to-month,dsl,electronic_check,basic,current
1,54.7,52.89,2,2,1,0.06,month-to-month,dsl,bank_transfer,basic,past
0,20.9,56.47,2,2,2,0.46,month-to-month,dsl,electronic_check,basic,never
0,16.4,89.86,3,2,1,2.64,one-year,fiber,credit_card,plus,past
0,33.7,88.87,1,0,0,1.45,month-to-month,fiber,bank_transfer,plus,never
0,0.2,66.11,1,4,0,1.58,two-year,dsl,electronic_check,basic,past
1,24.9,107.11,1,1,2,4.12,month-to-month,fiber,electronic_check,basic,never
0,51.1,89.87,1,2,2,2.11,two-year,none,electronic_check,basic,never
0,33.2,113.08,1,3,1,1.56,one-year,dsl,credit_card,basic,never
0,12.1,50.83,1,0,1,4.5,month-to-month,fiber,electronic_check,premium,never
0,13.7,64.98,2,0,0,3.58,month-to-month,dsl,electronic_check,premium,past
0,5.6,69.52,1,4,1,1.83,month-to-month,none,credit_card,basic,past
0,0.6,35.17,3,4,0,2.99,two-year,fiber,bank_transfer,basic,past
0,21.5,66.17,1,2,0,0.6,one-year,fiber,electronic_check,basic,never
0,6.3,55.02,1,0,2,0.86,one-year,none,bank_transfer,plus,never
0,14.6,104.74,2,1,3,3.23,month-to-month,none,credit_card,premium,never
0,36.3,37.17,2,3,1,5.49,two-year,fiber,electronic_check,basic,never
0,15.6,53.97,3,4,0,3.3,month-to-month,fiber,electronic_check,basic,past
0,5.7,59.03,1,1,0,0.64,month-to-month,dsl,credit_card,basic,past
1,6.3,121.48,2,3,0,1.84,month-to-month,fiber,electronic_check,basic,past
0,2.6,122.99,2,2,1,2.66,month-to-month,fiber,bank_transfer,plus,past
0,13.2,78.57,2,4,1,2.96,one-year,fiber,credit_card,basic,past
0,15.0,54.92,2,7,2,0.6,month-to-month,dsl,electronic_check,plus,never
0,6.3,109.28,2,4,0,0.5,month-to-month,dsl,bank_transfer,basic,past
0,23.7,73.39,2,1,0,1.85,month-to-month,none,bank_transfer,basic,past
0,72.0,85.97,2,3,2,1.24,one-year,fiber,electronic_check,basic,never
0,42.4,72.19,2,2,0,1.96,two-year,dsl,electronic_check,basic,past
0,72.0,89.21,0,2,0,2.86,two-year,none,bank_transfer,plus,current
1,3.4,59.47,4,2,1,5.29,one-year,fiber,electronic_check,basic,past
0,6.4,96.63,1,4,0,3.4,month-to-month,fiber,electronic_check,basic,current
0,24.9,60.91,2,2,1,0.56,two-year,dsl,credit_card,premium,never
0,1.9,83.55,2,3,0,2.83,two-year,dsl,bank_transfer,basic,past
0,20.6,16.57,1,1,1,2.73,month-to-month,fiber,electronic_check,plus,current
1,11.0,100.58,3,3,0,3.65,month-to-month,dsl,bank_transfer,basic,past
0,10.4,86.58,3,3,1,0.05,two-year,dsl,electronic_check,basic,past
0,9.8,125.18,1,0,1,2.9,month-to-month,fiber,credit_card,plus,never
0,11.4,59.19,2,2,0,3.05,two-year,dsl,credit_card,plus,current
0,56.8,33.94,2,4,0,1.83,month-to-month,none,bank_transfer,basic,never
0,5.2,66.14,2,3,0,2.09,month-to-month,fiber,bank_transfer,plus,past
1,39.7,70.32,2,4,0,2.17,month-to-month,none,electronic_check,basic,past
0,8.3,54.6,1,3,1,3.45,month-to-month,none,credit_card,plus,past
0,17.8,73.79,1,2,1,4.09,month-to-month,dsl,electronic_check,basic,never
0,33.1,64.12,4,3,1,3.78,month-to-month,dsl,bank_transfer,basic,never
1,13.2,74.15,2,3,1,2.77,month-to-month,fiber,bank_transfer,premium,past
0,18.8,79.68,1,4,0,2.55,one-year,none,bank_transfer,basic,past
0,14.5,41.03,2,2,0,0.56,two-year,dsl,credit_card,basic,never
0,6.6,48.38,2,1,0,2.98,month-to-month,fiber,electronic_check,premium,never
0,34.5,44.62,2,1,1,3.59,two-year,fiber,electronic_check,plus,never
0,23.4,116.89,2,0,0,4.39,two-year,fiber,bank_transfer,plus,never
0,1.9,53.27,1,1,0,0.92,month-to-month,dsl,credit_card,basic,never
0,27.0,36.89,1,2,0,3.29,one-year,none,credit_card,basic,current
1,10.4,72.49,2,1,1,2.57,month-to-month,dsl,electronic_check,basic,past
0,1.7,58.72,4,3,0,1.16,one-year,dsl,electronic_check,basic,current
0,33.7,46.88,2,5,1,2.98,month-to-month,fiber,electronic_check,basic,never
0,31.9,105.7,1,4,1,1.13,one-year,dsl,electronic_check,basic,never
0,43.1,59.29,3,3,0,1.23,month-to-month,dsl,credit_card,premium,past
0,10.8,74.19,2,0,0,2.76,month-to-month,fiber,electronic_check,plus,current
0,2.5,134.07,1,2,1,3.44,two-year,fiber,electronic_check,basic,past
0,27.1,43.15,1,2,1,1.62,two-year,none,credit_card,plus,past
0,17.0,93.95,0,2,1,2.17,two-year,none,electronic_check,basic,never
0,66.1,68.51,3,3,2,1.85,month-to-month,fiber,credit_card,basic,current
0,18.9,71.9,1,2,0,1.38,month-to-month,dsl,credit_card,plus,current
0,20.9,107.16,3,1,1,3.11,one-year,fiber,bank_transfer,plus,never
0,32.7,59.52,2,4,0,4.25,month-to-month,dsl,electronic_check,basic,never
0,17.5,75.43,2,1,2,0.79,one-year,dsl,credit_card,basic,current
0,2.7,60.82,2,3,0,2.9,two-year,fiber,credit_card,basic,current
1,8.6,63.15,2,2,0,2.64,month-to-month,fiber,credit_card,basic,past
0,3.5,46.8,1,1,0,4.39,one-year,fiber,electronic_check,basic,past
0,28.0,57.62,1,4,1,0.55,month-to-month,none,bank_transfer,basic,past
0,2.2,40.07,1,1,0,3.73,one-year,fiber,bank_transfer,plus,past
0,15.5,85.99,3,3,0,1.62,two-year,fiber,bank_transfer,basic,past
0,31.0,83.62,1,5,1,1.21,month-to-month,none,electronic_check,basic,past
0,1.0,39.39,1,3,0,2.48,one-year,fiber,electronic_check,plus,past
1,10.8,63.96,1,2,1,4.82,month-to-month,fiber,bank_transfer,basic,never
0,0.7,62.62,1,4,1,2.41,month-to-month,none,electronic_check,basic,never
0,31.8,61.3,3,2,0,1.35,month-to-month,dsl,bank_transfer,basic,current
0,31.8,92.43,2,1,0,1.91,month-to-month,fiber,credit_card,plus,never
0,39.2,54.47,2,1,1,3.97,month-to-month,fiber,credit_card,basic,never
0,36.7,72.84,2,0,1,3.92,one-year,none,credit_card,plus,current
0,26.3,101.35,2,1,0,0.11,month-to-month,dsl,electronic_check,plus,current
1,20.5,56.59,3,4,1,1.5,month-to-month,fiber,bank_transfer,basic,past
0,38.8,78.56,1,2,0,1.82,two-year,fiber,bank_transfer,plus,past
0,70.5,69.75,2,3,0,1.76,two-year,dsl,credit_card,basic,past
1,9.9,61.33,2,2,3,1.24,one-year,dsl,credit_card,plus,past
1,12.8,88.04,3,2,1,1.64,month-to-month,dsl,bank_transfer,basic,past
0,21.9,41.17,1,1,0,2.39,month-to-month,none,electronic_check,basic,never
0,28.8,70.0,2,2,1,2.43,month-to-month,dsl,credit_card,basic,current
0,5.5,90.25,3,1,1,0.13,month-to-month,dsl,bank_transfer,basic,past
0,34.3,48.29,1,1,0,1.78,one-year,dsl,bank_transfer,basic,past
1,11.6,94.1,2,0,0,3.18,month-to-month,fiber,credit_card,plus,past
0,20.9,82.9,1,1,1,3.37,month-to-month,fiber,credit_card,plus,current
0,16.4,73.87,2,3,0,0.88,month-to-month,fiber,electronic_check,basic,past
0,20.4,65.7,2,1,1,1.12,one-year,fiber,electronic_check,basic,current
1,1.5,79.24,3,3,1,2.24,one-year,fiber,electronic_check,basic,past
0,8.2,103.22,2,0,0,2.82,one-year,fiber,bank_transfer,plus,never
1,19.1,99.73,1,1,1,2.36,one-year,dsl,electronic_check,basic,past
0,3.8,54.71,3,1,0,3.33,one-year,fiber,credit_card,premium,never
0,16.0,85.16,3,2,0,1.07,month-to-month,fiber,electronic_check,plus,past
0,30.3,96.51,3,2,0,2.88,month-to-month,dsl,electronic_check,basic,never
0,15.2,40.37,1,2,1,1.71,one-year,dsl,electronic_check,basic,never
0,25.3,66.62,1,3,1,0.6,month-to-month,fiber,credit_card,basic,current
0,29.6,64.76,3,1,1,2.56,month-to-month,dsl,electronic_check,plus,past
1,3.1,92.47,2,3,0,2.54,month-to-month,dsl,credit_card,basic,past
0,19.7,50.02,2,2,0,2.0,two-year,fiber,electronic_check,basic,past
0,12.4,13.54,2,1,2,0.6,month-to-month,fiber,credit_card,basic,current
0,2.0,58.4,1,2,0,2.15,month-to-month,none,bank_transfer,basic,past
1,10.8,109.1,2,2,0,1.76,month-to-month,fiber,electronic_check,basic,past
0,2.5,61.39,3,2,1,1.9,one-year,fiber,bank_transfer,plus,never
1,12.4,80.13,0,2,0,2.27,month-to-month,none,credit_card,basic,past
0,0.5,51.86,1,1,0,3.64,month-to-month,fiber,credit_card,basic,past
0,35.8,93.88,3,3,0,1.68,one-year,fiber,credit_card,basic,past
0,25.9,36.51,1,3,0,3.11,month-to-month,fiber,electronic_check,basic,current
0,2.8,55.58,2,2,0,1.45,month-to-month,dsl,bank_transfer,basic,current
0,0.3,88.65,3,3,1,3.1,two-year,dsl,electronic_check,basic,current
0,5.3,84.18,1,1,0,1.73,month-to-month,fiber,electronic_check,plus,never
0,13.8,40.75,3,1,1,3.13,month-to-month,fiber,electronic_check,basic,past
0,6.1,66.07,1,1,1,3.68,month-to-month,none,electronic_check,plus,current
0,9.3,64.52,2,2,1,1.55,month-to-month,fiber,credit_card,basic,past
0,72.0,62.82,2,3,1,2.74,month-to-month,fiber,credit_card,basic,never
0,3.6,83.31,2,3,1,1.64,one-year,fiber,electronic_check,basic,past
0,12.2,32.6,2,3,0,2.74,two-year,fiber,electronic_check,basic,never
1,24.2,61.08,1,2,0,2.35,month-to-month,fiber,electronic_check,basic,current
0,31.8,98.63,1,0,1,2.12,two-year,fiber,credit_card,plus,past
0,25.8,51.9,2,2,0,1.9,month-to-month,dsl,electronic_check,basic,never
0,16.9,68.93,3,3,0,3.75,two-year,fiber,bank_transfer,basic,past
0,10.0,67.17,2,1,0,2.55,two-year,dsl,bank_transfer,plus,never
0,8.9,54.62,1,1,1,3.32,one-year,none,credit_card,basic,past
0,2.3,82.85,3,4,0,2.16,one-year,dsl,electronic_check,basic,never
1,12.7,57.67,4,2,1,2.4,month-to-month,fiber,bank_transfer,plus,past
0,14.4,42.28,3,2,2,5.38,month-to-month,fiber,credit_card,basic,never
1,22.2,78.82,1,3,0,1.63,month-to-month,fiber,electronic_check,plus,past
0,7.7,65.54,1,4,0,3.95,month-to-month,dsl,bank_transfer,basic,past
0,72.0,119.5,2,2,0,0.6,one-year,fiber,bank_transfer,basic,never
0,1.1,35.71,2,1,0,1.19,month-to-month,fiber,electronic_check,basic,past
1,13.6,63.28,2,3,0,2.45,month-to-month,dsl,bank_transfer,basic,past
0,12.5,32.59,2,2,1,2.29,one-year,fiber,electronic_check,plus,current
0,2.2,72.7,2,2,0,2.92,month-to-month,dsl,electronic_check,basic,never
0,26.4,82.85,3,3,0,3.21,two-year,dsl,credit_card,plus,past
1,72.0,54.8,1,3,0,1.37,month-to-month,fiber,electronic_check,basic,current
0,7.4,61.12,2,2,3,2.18,one-year,fiber,electronic_check,basic,current
0,39.5,89.05,2,1,0,2.29,one-year,dsl,credit_card,plus,never
0,29.8,77.34,2,2,0,3.23,two-year,dsl,bank_transfer,plus,never
0,52.7,35.2,1,4,1,1.08,one-year,fiber,bank_transfer,basic,never
0,23.2,108.71,3,3,1,2.28,two-year,dsl,electronic_check,basic,past
0,4.2,48.43,1,1,1,1.5,month-to-month,dsl,electronic_check,plus,never
0,44.1,63.05,2,3,1,2.81,one-year,none,bank_transfer,basic,never
0,13.0,68.43,2,5,1,2.15,month-to-month,fiber,credit_card,basic,past
1,11.9,92.8,3,2,1,1.7,month-to-month,fiber,credit_card,basic,never
0,8.5,108.24,2,3,1,4.26,month-to-month,fiber,electronic_check,basic,current
1,3.8,90.39,1,2,1,2.47,month-to-month,fiber,bank_transfer,basic,past
1,5.4,59.61,3,4,0,1.75,month-to-month,dsl,bank_transfer,basic,past
0,2.9,77.5,2,2,0,2.42,one-year,fiber,credit_card,basic,never
1,72.0,106.62,2,4,2,1.47,month-to-month,fiber,electronic_check,basic,past
0,14.7,46.41,2,1,0,3.17,one-year,fiber,bank_transfer,basic,past
1,18.2,83.31,2,3,1,0.0,month-to-month,dsl,credit_card,basic,never
0,8.2,83.98,2,3,0,0.59,month-to-month,dsl,bank_transfer,basic,past
0,9.8,50.28,2,2,1,2.54,one-year,fiber,electronic_check,basic,never
0,10.1,45.17,2,1,0,1.51,month-to-month,dsl,credit_card,plus,past
0,43.2,73.57,1,4,1,1.01,two-year,fiber,electronic_check,basic,current
0,0.5,71.1,2,3,1,3.87,two-year,dsl,credit_card,basic,past
0,17.3,57.74,2,5,1,1.82,month-to-month,dsl,electronic_check,plus,current
0,18.0,78.41,1,2,0,2.89,month-to-month,fiber,bank_transfer,basic,never
1,14.5,124.27,2,2,1,3.39,month-to-month,dsl,electronic_check,basic,never
0,14.3,71.5,2,2,1,1.48,month-to-month,dsl,electronic_check,plus,never
0,1.2,52.95,3,4,0,0.28,month-to-month,dsl,electronic_check,basic,past
0,14.6,96.92,3,0,0,1.27,two-year,fiber,electronic_check,plus,past
0,4.0,81.23,2,2,1,4.21,two-year,fiber,bank_transfer,basic,past
0,3.6,90.87,1,3,0,2.0,month-to-month,dsl,bank_transfer,plus,past
0,72.0,96.55,2,1,1,4.18,one-year,dsl,electronic_check,plus,never
0,8.7,91.54,2,1,3,2.46,one-year,dsl,bank_transfer,plus,current
0,10.4,68.11,2,4,2,0.86,month-to-month,none,credit_card,basic,past
0,6.8,61.66,3,0,0,3.43,one-year,dsl,bank_transfer,plus,past
0,72.0,74.31,3,4,0,0.83,month-to-month,fiber,electronic_check,basic,never
1,44.3,13.59,2,2,2,2.6,month-to-month,fiber,bank_transfer,basic,past
0,6.6,77.61,3,4,0,3.49,month-to-month,fiber,electronic_check,basic,never
0,36.4,61.24,2,2,0,3.22,month-to-month,dsl,credit_card,basic,never
0,1.9,111.78,2,1,0,1.55,two-year,fiber,electronic_check,plus,current
0,21.4,64.71,4,2,1,0.54,month-to-month,dsl,credit_card,premium,past
0,10.7,82.85,2,2,2,4.05,month-to-month,fiber,electronic_check,basic,past
0,2.5,30.35,3,3,1,4.66,month-to-month,fiber,electronic_check,plus,never
1,23.7,110.34,1,1,0,5.16,month-to-month,dsl,electronic_check,basic,current
0,37.9,77.9,3,2,2,1.96,two-year,fiber,electronic_check,premium,never
1,24.5,64.95,3,2,0,1.24,one-year,fiber,credit_card,plus,past
1,1.5,67.21,1,4,0,3.3,month-to-month,fiber,credit_card,basic,never
0,32.6,11.33,1,3,0,0.6,month-to-month,fiber,electronic_check,basic,past
0,25.5,61.27,3,4,0,1.62,two-year,dsl,electronic_check,basic,never
0,30.1,63.96,1,1,0,3.94,two-year,none,electronic_check,basic,past
0,1.7,68.94,2,3,1,0.48,month-to-month,dsl,electronic_check,basic,current
0,43.6,80.89,1,4,0,4.01,one-year,dsl,credit_card,basic,past
0,29.9,69.83,3,0,0,1.72,one-year,fiber,credit_card,plus,never
1,10.6,114.43,1,2,0,1.42,month-to-month,dsl,electronic_check,plus,current
0,7.0,43.78,4,6,1,2.22,month-to-month,fiber,credit_card,plus,past
1,12.2,84.5,2,2,2,3.01,month-to-month,fiber,bank_transfer,basic,past
1,4.3,99.41,2,2,1,2.7,month-to-month,dsl,credit_card,basic,current
0,24.0,37.81,2,2,2,4.37,month-to-month,dsl,electronic_check,basic,never
0,12.6,77.74,3,1,0,2.48,month-to-month,fiber,credit_card,basic,past
0,12.5,75.1,1,2,0,2.29,month-to-month,fiber,bank_transfer,basic,past
0,7.0,103.55,2,3,1,2.25,month-to-month,dsl,credit_card,basic,never
1,16.8,81.63,3,4,1,1.57,month-to-month,fiber,bank_transfer,basic,past
0,39.7,52.28,1,2,0,1.21,month-to-month,dsl,credit_card,basic,past
0,28.0,55.7,2,3,1,1.79,month-to-month,dsl,bank_transfer,premium,never
0,48.4,92.22,2,2,0,1.78,one-year,dsl,electronic_check,premium,never
0,2.2,65.48,2,2,0,2.87,one-year,none,bank_transfer,plus,current
0,30.9,54.93,2,1,1,2.59,two-year,none,credit_card,plus,current
0,7.9,80.58,1,3,0,2.28,month-to-month,none,electronic_check,basic,current
0,2.2,60.35,1,3,1,2.73,two-year,none,electronic_check,basic,never
0,6.7,46.24,2,2,0,3.85,month-to-month,fiber,bank_transfer,basic,current
0,13.7,54.2,1,1,0,2.08,month-to-month,fiber,bank_transfer,plus,past
0,12.7,23.96,2,5,1,1.61,month-to-month,fiber,electronic_check,basic,past
0,17.9,76.6,2,2,0,0.7,month-to-month,fiber,bank_transfer,plus,never
0,24.0,10.0,2,1,1,3.17,month-to-month,dsl,electronic_check,plus,never
0,20.0,94.87,0,2,0,0.71,month-to-month,none,electronic_check,basic,never
0,12.4,67.78,3,4,1,1.52,month-to-month,dsl,electronic_check,plus,never
0,11.1,84.98,1,1,1,1.83,one-year,dsl,bank_transfer,basic,never
1,3.6,126.54,2,3,0,1.21,month-to-month,fiber,bank_transfer,basic,never
0,16.1,32.19,3,2,2,4.32,month-to-month,fiber,bank_transfer,basic,past
0,21.8,34.97,1,0,1,2.25,month-to-month,dsl,electronic_check,plus,current
0,10.6,88.96,1,1,1,1.93,two-year,dsl,electronic_check,plus,never
0,13.2,79.28,2,3,0,3.58,one-year,dsl,electronic_check,basic,past
0,72.0,74.15,3,4,1,2.74,month-to-month,fiber,credit_card,basic,current
0,1.4,93.02,1,3,0,2.84,one-year,none,electronic_check,plus,current
0,23.0,113.02,2,2,1,1.28,month-to-month,dsl,electronic_check,plus,past
0,30.5,90.71,1,3,1,2.71,month-to-month,none,bank_transfer,basic,never
0,23.8,10.0,4,2,1,3.05,month-to-month,fiber,electronic_check,premium,current
0,36.1,103.07,4,3,2,2.57,one-year,dsl,credit_card,basic,past
0,20.3,54.47,2,1,0,3.26,two-year,fiber,bank_transfer,plus,past
0,5.0,65.38,2,3,1,0.25,two-year,none,bank_transfer,plus,current
0,10.9,40.98,4,3,0,3.8,one-year,dsl,electronic_check,basic,current
1,12.9,112.87,3,3,1,1.97,month-to-month,fiber,bank_transfer,basic,past
1,5.0,74.23,2,3,1,4.03,month-to-month,dsl,bank_transfer,basic,past
0,41.1,41.17,1,3,1,3.63,month-to-month,fiber,electronic_check,premium,current
0,3.8,54.68,2,4,0,1.85,month-to-month,fiber,bank_transfer,plus,never
1,3.5,61.67,3,4,1,3.28,month-to-month,fiber,bank_transfer,plus,past
1,6.2,120.65,3,6,1,2.01,month-to-month,fiber,electronic_check,basic,never
0,31.7,44.19,3,1,1,0.75,month-to-month,fiber,bank_transfer,plus,never
1,53.4,63.49,1,3,1,5.17,month-to-month,fiber,credit_card,basic,past
0,20.2,50.7,4,6,1,2.8,two-year,dsl,bank_transfer,basic,never
1,17.5,70.87,1,1,2,3.19,month-to-month,fiber,electronic_check,basic,past
0,41.4,53.9,1,0,1,2.45,month-to-month,fiber,electronic_check,plus,current
0,2.2,60.59,3,1,2,1.57,one-year,fiber,credit_card,basic,past
0,2.2,60.02,4,0,0,1.18,month-to-month,dsl,electronic_check,plus,past
0,7.7,89.93,3,2,0,1.89,one-year,fiber,credit_card,basic,never
0,8.3,58.16,3,3,1,2.64,month-to-month,dsl,credit_card,basic,never
0,7.0,106.67,2,2,0,1.15,one-year,dsl,electronic_check,basic,past
0,9.3,93.9,1,2,1,2.65,month-to-month,dsl,bank_transfer,basic,current
0,17.3,24.68,1,1,1,2.19,one-year,dsl,electronic_check,basic,past
0,13.3,73.9,2,1,0,1.45,month-to-month,fiber,electronic_check,basic,never
0,0.5,99.12,2,3,0,3.19,month-to-month,fiber,electronic_check,plus,never
0,50.9,78.28,3,3,0,1.76,month-to-month,dsl,bank_transfer,plus,never
0,27.4,46.08,2,0,0,3.81,month-to-month,dsl,electronic_check,plus,never
0,12.4,61.99,2,1,0,3.31,month-to-month,fiber,electronic_check,plus,past
0,13.0,53.81,1,3,0,2.37,month-to-month,fiber,credit_card,plus,current
0,6.7,77.27,1,4,1,3.27,month-to-month,dsl,electronic_check,basic,never
0,7.7,68.56,1,5,0,1.52,two-year,dsl,electronic_check,basic,never
0,67.7,111.83,2,1,1,1.28,month-to-month,fiber,electronic_check,plus,never
0,17.2,84.62,1,2,1,4.53,one-year,fiber,electronic_check,basic,never
0,17.3,51.74,3,3,0,3.69,month-to-month,none,electronic_check,plus,past
0,15.6,57.37,2,3,0,4.69,one-year,dsl,electronic_check,basic,current
0,14.3,102.85,2,0,1,2.94,two-year,fiber,credit_card,plus,past
0,28.2,84.12,2,1,0,3.92,month-to-month,fiber,bank_transfer,premium,never
0,5.3,67.9,2,1,1,1.35,month-to-month,fiber,credit_card,basic,never
0,22.9,25.89,2,1,0,4.28,month-to-month,fiber,credit_card,basic,current
0,13.0,82.5,1,1,0,2.34,month-to-month,dsl,bank_transfer,basic,never
0,0.2,98.8,3,1,2,1.45,one-year,dsl,bank_transfer,premium,never
0,22.8,63.73,1,3,0,3.01,one-year,none,credit_card,basic,never
0,27.5,99.36,3,1,0,2.37,month-to-month,fiber,bank_transfer,plus,current
0,9.9,54.02,2,1,2,1.48,month-to-month,dsl,credit_card,plus,past
1,1.2,77.42,1,2,1,1.65,month-to-month,fiber,electronic_check,basic,never
1,3.9,68.91,3,1,1,1.02,month-to-month,fiber,electronic_check,basic,past
0,25.0,28.37,1,2,0,2.38,month-to-month,fiber,credit_card,basic,current
0,4.8,18.62,3,1,0,3.86,one-year,fiber,electronic_check,basic,past
0,7.2,62.67,3,0,0,0.59,month-to-month,none,credit_card,plus,current
1,32.2,82.99,2,4,3,1.34,month-to-month,fiber,electronic_check,basic,never
1,11.9,100.16,3,4,0,2.14,one-year,fiber,electronic_check,basic,never
0,7.0,54.8,2,1,1,1.74,month-to-month,none,electronic_check,premium,never
0,15.1,85.69,1,1,0,3.73,month-to-month,dsl,credit_card,basic,past
0,6.9,14.54,3,1,0,2.78,month-to-month,dsl,electronic_check,plus,never
0,5.9,71.92,3,2,2,1.76,one-year,dsl,credit_card,plus,never
0,28.7,96.99,3,2,2,2.08,month-to-month,dsl,bank_transfer,basic,never
1,2.6,90.14,1,2,1,2.77,month-to-month,fiber,electronic_check,basic,past
0,6.4,54.17,4,1,0,3.02,month-to-month,fiber,credit_card,plus,past
0,2.9,77.3,1,3,1,2.04,month-to-month,dsl,electronic_check,plus,never
0,19.2,107.83,1,2,0,0.06,one-year,none,bank_transfer,basic,never
0,2.6,94.27,1,2,0,0.0,two-year,none,electronic_check,premium,past
1,14.7,98.76,2,4,1,2.12,one-year,dsl,electronic_check,basic,never
0,6.6,59.66,2,2,0,2.33,month-to-month,dsl,electronic_check,basic,past
1,22.3,75.71,2,2,1,3.59,month-to-month,fiber,credit_card,plus,past
0,0.1,94.43,2,3,0,1.86,one-year,fiber,electronic_check,basic,current
0,0.6,60.44,3,2,1,3.83,two-year,fiber,bank_transfer,basic,never
0,23.8,110.05,1,1,0,1.26,month-to-month,fiber,electronic_check,basic,never
0,41.7,105.87,3,1,1,1.36,two-year,dsl,bank_transfer,basic,current
0,20.1,114.87,3,0,0,0.4,month-to-month,dsl,bank_transfer,plus,past
0,24.8,50.85,2,3,0,1.42,month-to-month,fiber,electronic_check,basic,never
0,21.7,47.11,2,2,1,3.13,month-to-month,fiber,electronic_check,basic,past
0,24.2,76.29,1,0,1,2.85,month-to-month,none,credit_card,plus,never
0,2.6,66.08,3,1,0,4.25,month-to-month,dsl,electronic_check,basic,current
0,13.0,37.79,0,2,0,2.02,month-to-month,none,bank_transfer,plus,past
1,69.9,69.29,2,1,1,0.12,one-year,none,electronic_check,basic,never
1,32.5,123.84,1,2,0,4.02,month-to-month,fiber,electronic_check,basic,past
0,1.3,40.6,1,2,0,0.3,one-year,dsl,electronic_check,basic,past
1,11.5,90.43,3,2,0,2.54,month-to-month,fiber,electronic_check,premium,never
0,7.6,75.86,3,2,0,2.93,one-year,fiber,bank_transfer,basic,past
0,6.9,99.3,2,1,2,2.21,one-year,dsl,credit_card,plus,past
0,18.6,34.6,1,4,1,2.62,month-to-month,none,credit_card,basic,current
0,19.4,67.62,1,4,0,1.39,one-year,dsl,electronic_check,basic,never
0,17.3,49.27,3,2,0,4.11,month-to-month,dsl,credit_card,plus,never
0,44.4,48.69,2,3,0,1.73,month-to-month,fiber,electronic_check,basic,past
0,0.9,75.89,1,0,0,1.81,two-year,fiber,electronic_check,plus,never
0,0.9,101.54,2,2,0,1.74,one-year,fiber,electronic_check,basic,never
0,0.9,88.5,2,1,1,2.63,month-to-month,fiber,credit_card,basic,never
1,4.0,87.02,3,2,0,0.73,month-to-month,fiber,electronic_check,plus,past
1,16.1,64.77,3,2,1,3.12,month-to-month,fiber,credit_card,basic,current
0,42.7,85.51,2,4,0,0.95,month-to-month,dsl,electronic_check,premium,never
0,15.5,50.71,3,3,0,0.87,month-to-month,dsl,electronic_check,basic,never
0,18.8,48.55,1,3,1,3.46,one-year,fiber,bank_transfer,basic,past
0,10.8,68.43,3,4,1,4.52,month-to-month,fiber,electronic_check,basic,current
1,30.1,62.84,2,1,0,3.89,month-to-month,fiber,electronic_check,premium,never
1,14.9,71.07,1,4,0,1.16,month-to-month,fiber,bank_transfer,basic,never
0,15.4,69.86,3,6,0,2.54,month-to-month,dsl,bank_transfer,plus,never
0,15.1,57.62,1,2,0,2.23,month-to-month,dsl,credit_card,plus,past
0,60.7,74.42,2,0,0,2.49,one-year,dsl,bank_transfer,premium,current
0,2.0,107.32,2,2,0,1.61,month-to-month,dsl,bank_transfer,basic,past
0,8.1,55.08,2,3,1,3.06,month-to-month,fiber,bank_transfer,plus,current
0,17.9,15.17,2,3,1,3.86,two-year,fiber,electronic_check,basic,never
1,15.3,117.22,1,1,1,2.41,month-to-month,fiber,credit_card,basic,never
0,10.2,103.51,3,1,0,0.89,two-year,dsl,credit_card,premium,past
0,3.7,99.73,2,1,1,0.25,month-to-month,dsl,credit_card,basic,past
0,72.0,56.63,2,1,1,3.11,one-year,fiber,electronic_check,plus,past
0,12.8,82.67,1,2,0,0.6,month-to-month,fiber,bank_transfer,plus,past
1,14.4,86.13,3,1,1,1.84,month-to-month,fiber,electronic_check,basic,never
0,3.0,39.83,1,3,0,1.31,month-to-month,fiber,credit_card,plus,never
1,2.2,81.97,1,2,0,2.85,month-to-month,fiber,credit_card,basic,never
0,36.7,72.74,2,3,0,1.61,month-to-month,dsl,credit_card,basic,current
0,15.4,73.82,1,0,0,2.44,one-year,dsl,credit_card,premium,never
1,18.9,88.8,2,3,0,3.12,month-to-month,none,electronic_check,basic,past
0,2.1,43.16,2,2,0,1.25,month-to-month,none,bank_transfer,basic,past
0,3.3,83.91,2,3,0,0.32,one-year,dsl,electronic_check,basic,never
0,2.2,42.6,3,2,0,4.14,month-to-month,fiber,bank_transfer,plus,past
0,8.3,99.46,3,2,1,1.02,month-to-month,fiber,bank_transfer,plus,never
0,1.3,106.51,3,4,0,1.63,month-to-month,dsl,credit_card,basic,past
1,12.6,98.7,3,3,1,4.12,month-to-month,fiber,bank_transfer,basic,never
0,35.9,75.07,2,0,0,3.66,month-to-month,fiber,electronic_check,plus,past
1,9.2,96.87,3,2,0,2.59,month-to-month,fiber,electronic_check,basic,past
0,13.2,90.46,3,1,2,0.6,month-to-month,fiber,bank_transfer,basic,never
0,40.0,80.58,4,3,1,2.04,month-to-month,dsl,credit_card,basic,past
0,6.9,33.34,1,3,2,4.19,month-to-month,fiber,electronic_check,basic,never
0,3.1,90.49,2,1,1,1.84,month-to-month,fiber,electronic_check,plus,current
0,10.8,10.0,2,1,0,3.44,one-year,fiber,electronic_check,plus,past
0,17.0,58.6,1,4,1,1.43,month-to-month,none,bank_transfer,basic,past
1,1.9,56.37,4,2,1,2.97,month-to-month,fiber,electronic_check,basic,past
0,3.4,63.92,2,1,0,4.0,two-year,fiber,electronic_check,basic,never
0,11.8,50.21,2,3,1,4.59,month-to-month,fiber,electronic_check,basic,never
0,32.8,47.88,0,1,0,1.39,one-year,none,credit_card,basic,never
0,2.3,10.0,1,3,0,3.72,month-to-month,fiber,bank_transfer,basic,never
0,25.0,75.88,3,0,0,1.26,month-to-month,fiber,credit_card,plus,past
0,4.2,121.49,2,3,1,0.09,two-year,none,bank_transfer,basic,current
0,40.6,40.94,2,5,1,2.78,month-to-month,fiber,bank_transfer,basic,past
0,22.0,33.67,2,3,1,3.71,two-year,fiber,credit_card,basic,current
0,18.6,58.31,1,3,1,1.02,month-to-month,none,electronic_check,basic,never
0,4.1,12.96,3,2,0,1.83,month-to-month,fiber,electronic_check,basic,never
0,26.6,22.26,3,2,0,5.21,month-to-month,dsl,electronic_check,basic,current
0,21.3,77.68,2,0,0,2.52,one-year,dsl,electronic_check,premium,never
0,62.3,22.11,1,2,0,1.21,one-year,none,credit_card,basic,past
0,22.0,60.9,2,5,1,2.05,one-year,dsl,credit_card,basic,never
1,9.7,78.61,3,0,1,2.69,month-to-month,fiber,electronic_check,plus,past
0,0.1,54.79,3,2,0,1.98,two-year,dsl,credit_card,basic,never
0,35.4,72.13,0,3,0,1.8,month-to-month,none,electronic_check,premium,past
0,7.2,100.0,3,0,1,3.59,one-year,fiber,credit_card,premium,never
1,3.0,58.81,2,3,1,3.01,one-year,dsl,electronic_check,plus,current
0,2.2,72.31,1,2,1,1.64,month-to-month,none,bank_transfer,plus,current
0,17.9,55.82,1,2,0,2.87,month-to-month,fiber,electronic_check,plus,past
0,6.0,105.28,2,2,0,2.44,one-year,fiber,electronic_check,basic,never
0,8.9,59.99,2,1,0,0.0,month-to-month,dsl,electronic_check,plus,past
0,4.9,52.11,0,2,0,0.9,two-year,none,credit_card,basic,never
0,4.1,85.5,3,2,1,0.96,two-year,dsl,bank_transfer,plus,past
0,9.3,52.26,3,2,1,1.48,month-to-month,dsl,electronic_check,plus,never
0,10.6,89.49,2,1,0,1.69,one-year,fiber,electronic_check,basic,never
0,3.8,71.7,2,1,1,2.96,one-year,fiber,electronic_check,plus,past
0,21.5,107.69,2,2,0,0.0,one-year,none,bank_transfer,basic,current
0,19.1,94.52,1,0,0,1.49,month-to-month,dsl,electronic_check,premium,never
0,0.8,75.76,3,5,0,1.97,one-year,dsl,electronic_check,basic,past
0,2.1,97.81,3,3,1,1.02,month-to-month,dsl,electronic_check,basic,past
0,6.1,72.03,1,0,1,0.76,two-year,fiber,credit_card,premium,never
1,55.0,80.55,2,2,2,1.94,one-year,fiber,bank_transfer,basic,never
0,3.3,77.34,2,1,2,2.47,month-to-month,fiber,bank_transfer,basic,never
0,44.2,88.46,2,1,0,2.3,month-to-month,none,electronic_check,basic,past
0,3.2,109.64,2,0,1,0.72,month-to-month,dsl,electronic_check,plus,never
0,29.8,62.77,2,2,0,3.1,month-to-month,fiber,credit_card,basic,never
0,41.5,92.7,3,0,0,2.14,month-to-month,fiber,bank_transfer,plus,current
0,18.3,107.73,3,2,1,1.66,month-to-month,dsl,electronic_check,plus,never
0,31.7,44.64,2,1,0,2.96,month-to-month,fiber,bank_transfer,basic,past
0,5.1,85.98,0,2,0,1.48,month-to-month,none,electronic_check,plus,past
0,34.5,75.06,2,2,0,2.6,month-to-month,none,bank_transfer,basic,current
0,18.5,91.91,2,4,1,2.17,month-to-month,fiber,electronic_check,basic,current
0,21.6,52.05,3,3,1,2.67,one-year,dsl,electronic_check,premium,past
1,43.9,111.14,3,2,1,3.51,month-to-month,fiber,electronic_check,basic,never
0,70.1,64.01,3,5,0,0.99,month-to-month,fiber,electronic_check,basic,never
0,26.8,113.63,2,0,0,0.6,month-to-month,fiber,credit_card,plus,current
0,8.0,79.47,2,1,1,0.6,month-to-month,fiber,electronic_check,plus,never
0,16.9,126.8,3,1,0,2.73,one-year,dsl,electronic_check,plus,never
0,10.3,56.09,1,1,1,1.0,month-to-month,dsl,electronic_check,basic,never
1,2.8,79.38,1,4,0,2.43,two-year,fiber,credit_card,basic,never
0,12.6,88.05,2,2,1,1.49,month-to-month,fiber,electronic_check,basic,never
0,11.0,28.02,2,1,0,1.15,month-to-month,dsl,bank_transfer,basic,never
0,13.6,57.27,2,2,0,4.48,month-to-month,fiber,electronic_check,basic,past
0,42.3,66.16,2,0,0,3.93,two-year,none,electronic_check,plus,never
0,12.5,103.35,3,2,1,2.7,two-year,fiber,electronic_check,basic,never
0,13.0,81.63,2,2,1,3.99,month-to-month,dsl,electronic_check,basic,never
0,6.1,68.87,0,3,0,2.9,month-to-month,none,electronic_check,basic,never
0,50.3,108.37,1,4,0,0.87,month-to-month,none,electronic_check,basic,never
0,2.6,77.83,2,2,0,0.65,month-to-month,dsl,electronic_check,basic,never
0,32.8,80.6,2,1,1,3.36,two-year,none,bank_transfer,basic,past
0,31.6,93.82,2,1,1,1.99,two-year,fiber,electronic_check,basic,never
0,8.6,74.77,2,3,0,0.0,one-year,none,bank_transfer,basic,current
0,48.5,41.36,2,1,1,2.23,one-year,fiber,bank_transfer,basic,never
0,25.1,99.14,0,2,0,3.04,one-year,none,electronic_check,basic,current
0,4.9,40.9,2,2,0,4.2,one-year,fiber,electronic_check,premium,past
0,25.9,71.42,2,2,0,3.29,two-year,dsl,bank_transfer,basic,never
0,7.0,76.94,1,2,1,2.82,one-year,fiber,electronic_check,basic,never
0,37.8,87.46,3,4,2,0.52,month-to-month,dsl,electronic_check,basic,past
0,24.8,53.84,1,3,1,0.66,month-to-month,fiber,electronic_check,plus,current
0,8.9,79.79,2,3,0,4.78,one-year,fiber,bank_transfer,basic,current
0,16.6,97.72,1,2,0,3.57,two-year,none,electronic_check,basic,never
0,72.0,69.78,2,2,0,2.59,month-to-month,fiber,electronic_check,plus,never
0,20.1,59.06,2,2,1,2.64,two-year,fiber,electronic_check,plus,past
0,65.1,64.81,3,1,1,1.59,month-to-month,fiber,bank_transfer,basic,current
0,60.5,60.16,3,0,1,4.65,month-to-month,dsl,bank_transfer,plus,past
0,25.2,90.33,0,1,0,0.0,one-year,none,credit_card,plus,past
0,23.2,101.56,2,1,1,4.83,two-year,fiber,electronic_check,basic,never
0,10.0,65.74,2,3,2,1.57,month-to-month,fiber,credit_card,plus,current
0,1.1,56.38,1,1,1,2.19,month-to-month,dsl,bank_transfer,basic,past
0,58.8,23.28,1,3,1,4.36,month-to-month,dsl,credit_card,basic,past
1,29.7,75.75,3,2,1,2.2,month-to-month,fiber,electronic_check,basic,never
0,27.9,79.97,2,2,0,3.48,one-year,fiber,electronic_check,basic,past
1,38.1,30.38,3,3,1,3.17,month-to-month,fiber,electronic_check,basic,past
0,72.0,12.1,3,2,1,2.85,one-year,fiber,electronic_check,basic,never
0,37.4,63.61,3,3,1,2.71,month-to-month,dsl,electronic_check,basic,never
0,1.9,30.12,2,1,2,1.19,month-to-month,fiber,credit_card,basic,past
0,1.4,73.99,1,1,0,1.41,two-year,none,electronic_check,plus,past
0,21.7,72.76,1,0,0,0.99,one-year,dsl,electronic_check,plus,current
0,0.4,75.23,1,3,1,2.95,two-year,none,bank_transfer,basic,never
0,32.2,102.21,1,2,1,4.99,one-year,dsl,bank_transfer,basic,never
0,33.2,84.52,2,5,2,1.56,month-to-month,fiber,electronic_check,basic,current
0,31.9,59.87,1,1,1,2.99,two-year,dsl,credit_card,plus,past
0,29.8,99.2,1,1,2,2.69,month-to-month,fiber,electronic_check,plus,never
0,1.9,80.85,1,1,0,1.6,month-to-month,dsl,electronic_check,basic,current
1,2.2,98.76,3,3,1,2.99,month-to-month,fiber,bank_transfer,basic,past
0,17.5,70.31,2,1,0,1.75,one-year,dsl,electronic_check,premium,current
0,6.6,116.39,3,0,1,2.75,month-to-month,fiber,credit_card,plus,past
0,8.3,34.57,2,3,0,2.69,month-to-month,fiber,bank_transfer,basic,current
0,13.3,57.6,0,0,2,0.43,month-to-month,none,bank_transfer,plus,current
0,50.0,53.58,3,2,1,0.0,month-to-month,dsl,electronic_check,basic,past
0,1.0,51.98,2,2,0,0.57,month-to-month,dsl,credit_card,plus,past
0,13.1,84.12,2,1,0,2.83,two-year,fiber,bank_transfer,basic,current
0,32.1,122.03,3,2,0,4.06,month-to-month,dsl,bank_transfer,plus,past
0,3.9,57.22,2,3,1,0.6,two-year,fiber,electronic_check,premium,past
0,7.1,68.77,2,4,2,1.85,month-to-month,dsl,electronic_check,basic,past
1,35.7,105.71,1,2,0,4.14,month-to-month,dsl,electronic_check,basic,never
1,4.9,52.21,2,4,0,4.84,month-to-month,fiber,electronic_check,basic,past
0,31.8,141.61,1,1,1,1.77,one-year,dsl,bank_transfer,premium,past
0,31.4,72.02,2,1,0,3.56,month-to-month,fiber,electronic_check,basic,current
0,10.5,32.89,1,3,1,3.16,one-year,fiber,electronic_check,basic,never
1,9.1,118.95,4,3,3,4.45,month-to-month,fiber,electronic_check,basic,past
0,3.8,89.5,2,1,1,2.56,month-to-month,dsl,bank_transfer,plus,never
0,31.8,36.02,2,2,0,0.77,two-year,none,electronic_check,plus,current
0,6.1,81.94,2,2,1,2.3,month-to-month,fiber,credit_card,basic,past
1,3.6,75.61,0,4,1,1.01,month-to-month,none,credit_card,basic,past
0,72.0,37.89,1,3,1,2.56,one-year,fiber,electronic_check,basic,never
0,15.7,60.36,2,1,0,3.13,two-year,fiber,credit_card,plus,never
0,12.0,112.4,2,2,1,2.1,month-to-month,fiber,electronic_check,basic,current
0,2.0,53.88,2,2,1,2.49,one-year,fiber,electronic_check,basic,never
0,29.4,51.68,2,1,2,3.31,month-to-month,dsl,bank_transfer,basic,never
0,19.1,59.05,2,1,1,0.92,two-year,fiber,electronic_check,premium,past
0,7.4,82.76,3,1,0,3.49,month-to-month,fiber,credit_card,basic,past
0,15.4,70.48,2,5,0,2.72,month-to-month,dsl,credit_card,basic,past
0,16.7,50.85,4,3,0,0.87,month-to-month,dsl,electronic_check,basic,current
0,10.7,26.61,3,2,1,1.71,one-year,fiber,bank_transfer,plus,never
0,9.0,73.56,4,6,0,2.72,one-year,fiber,electronic_check,basic,past
0,4.5,105.98,3,3,2,2.9,month-to-month,dsl,credit_card,premium,past
0,37.1,101.57,2,2,0,2.68,two-year,dsl,bank_transfer,premium,never
0,24.4,109.52,3,2,0,4.23,month-to-month,fiber,bank_transfer,basic,never
1,0.9,67.68,1,2,0,1.32,month-to-month,fiber,bank_transfer,basic,never
0,12.7,73.52,2,0,0,2.51,two-year,none,bank_transfer,plus,past
0,8.4,75.72,2,2,0,0.0,month-to-month,none,credit_card,basic,never
0,41.6,85.73,2,3,0,1.26,one-year,dsl,electronic_check,basic,never
0,44.8,90.95,0,5,0,2.43,one-year,none,electronic_check,basic,never
0,5.0,68.91,2,3,1,3.44,month-to-month,fiber,credit_card,basic,current
0,2.1,87.72,2,2,0,0.6,month-to-month,fiber,credit_card,premium,never
0,5.6,13.61,3,1,1,1.13,two-year,fiber,credit_card,basic,past
0,0.8,52.75,1,3,1,2.17,one-year,none,electronic_check,basic,never
0,35.6,83.36,2,3,1,0.0,one-year,dsl,bank_transfer,basic,past
0,4.2,39.39,2,2,0,2.26,month-to-month,fiber,credit_card,basic,past
0,10.8,44.83,2,0,1,0.6,month-to-month,fiber,credit_card,plus,past
0,72.0,92.52,4,2,1,4.85,month-to-month,fiber,credit_card,premium,never
0,14.2,72.43,1,2,0,2.45,month-to-month,fiber,bank_transfer,basic,never
0,2.0,81.59,3,2,0,2.04,month-to-month,dsl,electronic_check,plus,current
0,0.9,68.21,1,2,0,3.07,one-year,dsl,electronic_check,basic,current
0,0.5,63.18,1,2,0,2.2,month-to-month,dsl,electronic_check,plus,current
0,32.1,88.43,3,1,0,1.89,one-year,dsl,bank_transfer,basic,current
0,6.2,55.7,1,4,0,1.75,month-to-month,fiber,electronic_check,basic,past
1,30.2,75.02,4,2,1,2.27,month-to-month,fiber,electronic_check,basic,never
0,3.7,52.51,2,3,2,1.39,month-to-month,none,electronic_check,basic,past
0,11.6,82.78,1,2,0,4.65,two-year,fiber,electronic_check,premium,past
0,4.3,64.26,2,1,2,2.56,one-year,dsl,credit_card,plus,past
1,0.9,91.17,3,2,2,2.03,month-to-month,fiber,bank_transfer,premium,past
0,72.0,46.35,1,3,0,2.82,month-to-month,dsl,electronic_check,premium,never
0,17.8,59.83,1,1,0,2.22,one-year,none,electronic_check,basic,never
0,2.4,91.05,2,3,0,1.6,one-year,dsl,electronic_check,plus,past
0,49.4,82.22,2,1,0,2.43,one-year,fiber,electronic_check,basic,past
0,14.7,81.31,1,2,0,3.65,month-to-month,fiber,electronic_check,basic,current
0,71.5,47.7,3,0,0,1.81,month-to-month,fiber,electronic_check,plus,never
0,3.9,33.51,1,1,2,2.61,month-to-month,none,credit_card,plus,never
0,1.8,38.36,3,1,1,2.59,month-to-month,fiber,electronic_check,basic,past
0,16.7,46.75,3,1,0,3.14,month-to-month,dsl,electronic_check,basic,current
0,1.7,59.91,2,1,0,2.19,month-to-month,none,electronic_check,plus,never
0,5.7,48.45,3,2,0,1.28,one-year,dsl,bank_transfer,basic,past
0,22.5,84.25,2,2,0,1.57,two-year,fiber,credit_card,basic,never
0,8.9,70.12,3,5,2,1.83,two-year,dsl,bank_transfer,basic,past
0,12.6,131.72,1,2,0,3.25,one-year,dsl,bank_transfer,plus,past
0,25.6,14.74,2,2,0,4.46,one-year,fiber,bank_transfer,plus,never
1,0.3,89.59,1,3,0,3.36,month-to-month,fiber,electronic_check,premium,never
0,72.0,106.49,1,4,1,2.71,one-year,none,bank_transfer,basic,never
0,35.2,63.1,1,1,0,4.06,two-year,fiber,electronic_check,premium,never
0,1.0,72.46,3,2,1,0.7,month-to-month,dsl,credit_card,basic,never
0,11.2,61.97,3,1,0,2.31,month-to-month,fiber,electronic_check,plus,never
0,16.9,77.87,2,4,0,4.52,two-year,none,electronic_check,basic,never
0,60.2,54.97,3,2,0,1.93,month-to-month,dsl,electronic_check,plus,never
1,3.4,118.06,2,2,0,1.36,month-to-month,fiber,electronic_check,basic,never
0,30.6,53.42,3,3,0,2.94,one-year,dsl,credit_card,basic,never
0,49.3,117.67,2,4,0,1.85,one-year,none,electronic_check,basic,current
1,2.9,26.62,2,4,0,3.09,month-to-month,fiber,electronic_check,plus,past
0,4.9,90.44,2,1,1,2.95,month-to-month,fiber,bank_transfer,plus,never
0,9.3,101.09,2,2,0,5.03,month-to-month,fiber,credit_card,plus,current
1,53.7,70.93,3,2,2,2.58,month-to-month,fiber,electronic_check,plus,never
1,15.8,82.42,2,1,0,2.35,one-year,fiber,credit_card,plus,past
0,10.6,46.9,1,3,2,3.99,month-to-month,dsl,electronic_check,plus,current
1,61.4,116.8,2,1,1,0.23,month-to-month,dsl,electronic_check,premium,past
0,4.0,68.52,3,1,1,1.53,month-to-month,fiber,electronic_check,plus,current
0,7.9,88.92,1,0,1,0.71,month-to-month,dsl,electronic_check,plus,never
0,4.5,72.81,2,1,1,0.75,one-year,dsl,electronic_check,basic,never
0,33.7,95.7,4,1,1,2.03,month-to-month,dsl,bank_transfer,premium,past
0,1.2,100.35,2,3,1,1.9,month-to-month,dsl,electronic_check,basic,past
0,8.7,86.5,2,3,0,3.22,two-year,dsl,credit_card,premium,past
0,25.7,83.01,2,1,0,2.01,month-to-month,none,bank_transfer,plus,past
0,4.1,68.08,2,2,0,4.19,month-to-month,fiber,electronic_check,premium,past
0,0.9,18.92,1,0,1,2.36,two-year,dsl,electronic_check,plus,never
0,8.7,72.4,2,1,0,2.13,two-year,dsl,electronic_check,premium,never
1,4.4,68.97,2,4,2,5.22,month-to-month,fiber,bank_transfer,basic,never
0,22.9,49.12,3,2,1,1.13,month-to-month,dsl,electronic_check,basic,current
1,0.7,127.68,2,3,1,0.45,month-to-month,dsl,electronic_check,plus,never
0,53.4,45.01,2,1,3,0.6,month-to-month,fiber,electronic_check,basic,never
0,10.7,107.29,3,4,0,1.33,month-to-month,fiber,electronic_check,plus,current
1,54.6,69.88,1,5,0,1.36,month-to-month,fiber,electronic_check,basic,past
1,16.8,84.67,3,6,0,2.85,month-to-month,fiber,electronic_check,basic,never
0,8.8,38.02,1,2,0,1.89,month-to-month,dsl,electronic_check,basic,never
0,18.4,80.27,3,1,0,2.25,month-to-month,fiber,credit_card,plus,past
0,5.1,68.12,2,2,2,2.08,one-year,fiber,electronic_check,basic,never
0,10.1,96.98,2,3,1,3.31,month-to-month,dsl,electronic_check,basic,never
0,26.5,37.07,2,1,0,2.47,month-to-month,dsl,credit_card,plus,never
0,19.1,78.95,3,2,0,0.22,one-year,dsl,electronic_check,plus,never
0,6.5,29.05,2,1,0,2.62,month-to-month,fiber,electronic_check,plus,never
0,16.4,85.72,1,1,0,1.85,month-to-month,none,electronic_check,plus,past
0,35.2,54.48,1,1,1,3.17,one-year,fiber,credit_card,basic,past
0,32.8,92.46,2,3,0,2.78,month-to-month,fiber,electronic_check,basic,current
0,15.6,46.28,2,0,0,2.82,one-year,fiber,electronic_check,plus,never
0,25.2,103.2,3,2,0,3.28,month-to-month,fiber,bank_transfer,basic,never
0,2.2,52.7,2,2,1,0.82,month-to-month,fiber,electronic_check,basic,current
0,17.8,71.5,2,1,1,1.98,month-to-month,dsl,electronic_check,basic,never
0,10.3,87.47,3,2,1,2.22,month-to-month,dsl,bank_transfer,plus,past
0,35.9,40.35,2,2,1,2.81,two-year,none,electronic_check,basic,current
0,0.2,83.62,3,1,0,2.22,two-year,fiber,electronic_check,basic,past
1,3.4,81.3,2,2,1,1.66,month-to-month,dsl,electronic_check,basic,past
0,32.5,42.32,2,3,0,3.17,month-to-month,fiber,credit_card,basic,past
0,36.0,73.58,3,5,1,1.85,month-to-month,fiber,credit_card,basic,never
0,3.4,57.78,2,2,2,2.42,month-to-month,dsl,credit_card,plus,current
0,45.9,57.61,3,2,1,1.31,month-to-month,fiber,credit_card,plus,past
0,10.1,73.76,3,2,1,1.89,month-to-month,fiber,electronic_check,basic,past
0,13.3,67.19,2,3,0,3.5,month-to-month,dsl,electronic_check,premium,never
0,43.5,18.55,0,2,1,1.25,month-to-month,none,credit_card,basic,past
1,22.4,123.81,1,1,0,1.92,one-year,none,credit_card,basic,past
0,10.6,19.89,1,1,0,1.85,one-year,dsl,credit_card,plus,never
0,22.1,72.75,2,0,0,2.1,month-to-month,none,credit_card,plus,past
0,39.0,70.95,1,3,2,4.38,month-to-month,dsl,electronic_check,basic,current
1,11.1,70.13,1,2,0,1.62,month-to-month,none,bank_transfer,basic,past
0,13.7,56.91,2,3,0,2.31,two-year,none,electronic_check,basic,never
0,17.5,62.35,1,1,0,3.9,month-to-month,fiber,credit_card,plus,never
0,2.8,24.98,3,1,0,1.7,month-to-month,dsl,electronic_check,plus,never
0,43.5,70.81,2,4,0,4.24,month-to-month,dsl,electronic_check,plus,past
0,33.2,74.43,0,2,0,3.59,month-to-month,none,bank_transfer,plus,past
0,27.1,104.5,3,3,0,2.06,one-year,fiber,bank_transfer,basic,past
0,3.1,65.09,1,1,2,1.85,two-year,fiber,credit_card,plus,never
0,0.5,51.3,1,2,0,0.68,month-to-month,none,electronic_check,basic,current
0,3.0,55.7,3,1,1,3.03,month-to-month,dsl,electronic_check,basic,past
0,1.5,42.37,3,0,0,2.28,two-year,dsl,electronic_check,plus,current
0,1.8,44.48,2,0,0,0.0,month-to-month,dsl,bank_transfer,plus,past
0,14.7,92.99,2,3,1,3.02,month-to-month,none,electronic_check,basic,never
0,31.4,72.25,2,2,0,2.73,month-to-month,dsl,electronic_check,premium,current
0,4.4,103.41,3,2,1,0.63,two-year,dsl,electronic_check,plus,past
1,27.7,88.63,4,3,0,0.76,month-to-month,fiber,credit_card,basic,past
0,12.3,67.92,2,2,0,0.47,month-to-month,dsl,electronic_check,premium,current
0,0.5,116.69,3,0,2,2.56,month-to-month,fiber,credit_card,plus,past
0,12.5,77.96,2,3,1,4.0,month-to-month,fiber,electronic_check,basic,current
1,72.0,32.3,2,1,1,2.75,month-to-month,fiber,electronic_check,basic,past
0,13.9,44.32,1,2,1,1.85,one-year,none,electronic_check,plus,never
0,3.9,89.44,2,1,0,3.82,month-to-month,fiber,electronic_check,basic,past
0,40.6,81.12,0,3,0,1.54,month-to-month,none,electronic_check,basic,never
0,25.6,71.49,3,2,0,3.64,month-to-month,dsl,electronic_check,plus,current
0,20.7,52.57,1,1,0,1.84,one-year,fiber,credit_card,basic,past
0,2.1,67.03,1,2,0,1.8,two-year,dsl,bank_transfer,basic,never
0,42.6,90.68,2,3,0,0.88,two-year,fiber,bank_transfer,plus,past
0,2.9,76.47,1,1,0,3.25,month-to-month,none,electronic_check,plus,never
0,25.1,87.65,1,4,0,2.04,month-to-month,dsl,electronic_check,basic,current
1,6.3,83.26,1,2,0,3.35,month-to-month,dsl,credit_card,basic,never
1,3.4,80.79,2,4,0,3.55,month-to-month,fiber,electronic_check,basic,never
0,5.4,66.93,1,2,2,0.88,one-year,none,electronic_check,basic,never
0,15.8,106.87,3,1,0,0.6,two-year,fiber,electronic_check,plus,past
0,18.2,40.35,0,1,1,0.91,month-to-month,none,electronic_check,plus,past
0,8.7,56.57,3,3,1,2.22,month-to-month,fiber,credit_card,premium,current
0,3.2,68.47,3,2,0,2.24,two-year,dsl,electronic_check,basic,never
0,0.7,73.25,1,2,1,1.68,month-to-month,dsl,electronic_check,plus,never
0,23.1,51.04,3,4,1,0.91,month-to-month,dsl,credit_card,basic,current
0,33.6,96.8,2,3,0,2.9,month-to-month,dsl,bank_transfer,basic,current
1,12.5,55.66,2,2,1,2.08,month-to-month,fiber,electronic_check,basic,past
0,4.8,53.26,1,1,0,3.35,month-to-month,fiber,bank_transfer,basic,past
0,16.0,70.32,1,2,0,3.76,month-to-month,fiber,bank_transfer,basic,past
0,5.3,78.54,1,1,2,4.09,month-to-month,dsl,bank_transfer,basic,never
1,25.4,68.71,0,3,1,3.47,month-to-month,none,credit_card,basic,never
0,3.4,57.44,1,2,1,3.88,one-year,fiber,electronic_check,plus,never
1,13.1,94.02,3,2,1,1.74,month-to-month,fiber,electronic_check,plus,never
0,2.9,43.21,2,2,1,3.21,month-to-month,fiber,credit_card,basic,past
0,0.2,48.95,2,2,0,2.48,month-to-month,fiber,bank_transfer,basic,past
0,1.2,120.68,3,0,0,1.92,month-to-month,fiber,bank_transfer,plus,never
0,50.1,82.0,1,2,1,3.2,two-year,dsl,bank_transfer,premium,current
1,26.1,98.6,3,2,0,1.26,month-to-month,dsl,credit_card,basic,past
0,11.2,72.27,1,2,0,2.02,one-year,dsl,electronic_check,plus,current
0,1.8,78.62,1,1,0,2.53,month-to-month,fiber,bank_transfer,plus,past
0,44.6,43.78,0,2,0,2.58,month-to-month,none,bank_transfer,plus,never
1,2.2,102.29,1,1,0,0.68,month-to-month,dsl,electronic_check,premium,past
1,39.5,61.44,1,4,4,1.57,month-to-month,dsl,credit_card,basic,past
0,16.0,31.25,2,1,0,2.14,month-to-month,fiber,bank_transfer,plus,never
0,35.5,39.13,1,1,0,2.37,two-year,dsl,credit_card,basic,never
0,2.0,97.95,1,0,2,3.2,month-to-month,dsl,bank_transfer,plus,never
1,1.6,89.6,3,2,0,4.08,month-to-month,fiber,electronic_check,basic,never
0,45.4,66.99,2,1,1,3.61,one-year,fiber,electronic_check,basic,never
0,18.3,61.73,2,1,0,0.94,month-to-month,dsl,credit_card,plus,past
0,12.8,91.48,1,1,1,1.61,month-to-month,dsl,electronic_check,basic,never
0,16.9,90.29,0,4,0,3.87,month-to-month,none,bank_transfer,basic,past
0,54.2,65.5,2,1,0,1.0,two-year,dsl,electronic_check,premium,never
0,30.9,99.96,3,3,1,2.16,month-to-month,dsl,electronic_check,basic,never
0,1.4,10.0,2,3,0,1.41,two-year,dsl,credit_card,basic,past
0,2.1,60.94,1,2,0,3.18,month-to-month,none,electronic_check,basic,never
0,13.5,64.15,2,2,0,2.67,one-year,fiber,credit_card,basic,never
0,37.3,84.52,3,2,0,2.0,month-to-month,fiber,electronic_check,basic,past
0,4.3,46.87,2,2,0,3.47,month-to-month,fiber,credit_card,basic,never
0,6.0,109.98,1,5,0,2.14,two-year,dsl,bank_transfer,basic,current
0,7.2,81.14,1,1,0,2.76,one-year,dsl,bank_transfer,plus,past
1,52.2,126.34,3,0,2,4.64,month-to-month,dsl,credit_card,plus,past
1,1.1,90.49,2,3,1,2.59,month-to-month,fiber,electronic_check,basic,past
1,5.0,75.87,2,2,1,1.85,month-to-month,none,credit_card,basic,past
0,55.2,108.31,0,4,2,2.05,one-year,none,bank_transfer,basic,current
0,0.9,62.36,2,2,0,0.97,month-to-month,fiber,bank_transfer,basic,never
0,9.5,36.79,1,1,0,1.61,two-year,fiber,bank_transfer,plus,past
0,32.2,125.04,2,3,1,2.34,month-to-month,fiber,credit_card,plus,never
0,21.1,87.3,2,3,1,1.35,month-to-month,fiber,bank_transfer,plus,current
0,13.2,89.48,1,1,0,5.03,month-to-month,fiber,bank_transfer,basic,past
0,35.1,99.57,1,2,0,2.24,one-year,dsl,electronic_check,plus,current
0,2.5,126.88,2,3,1,1.18,month-to-month,dsl,bank_transfer,premium,past
0,4.6,79.77,1,1,0,0.6,month-to-month,fiber,credit_card,plus,never
1,15.2,135.89,3,1,1,5.0,month-to-month,fiber,electronic_check,premium,past
0,6.1,24.95,1,3,1,2.81,month-to-month,fiber,electronic_check,basic,current
0,2.5,88.83,2,3,2,3.47,two-year,fiber,bank_transfer,basic,never
0,27.4,56.14,2,1,0,2.31,month-to-month,fiber,bank_transfer,plus,past
1,27.9,19.23,2,3,0,2.18,month-to-month,fiber,bank_transfer,basic,current
0,19.5,97.58,3,1,0,3.25,month-to-month,fiber,electronic_check,basic,never
0,4.6,166.29,2,1,1,5.66,two-year,fiber,electronic_check,premium,past
0,10.5,95.72,2,5,1,2.06,two-year,none,electronic_check,basic,never
0,21.5,59.21,1,2,2,3.98,month-to-month,dsl,electronic_check,basic,current
0,32.5,54.88,3,3,1,2.6,month-to-month,fiber,electronic_check,plus,never
0,4.2,47.13,2,2,1,1.02,month-to-month,fiber,electronic_check,basic,past
0,18.4,70.97,2,2,0,1.59,month-to-month,dsl,bank_transfer,basic,past
0,45.3,85.27,2,3,0,1.07,one-year,dsl,bank_transfer,basic,never
0,3.9,84.33,1,2,0,0.14,month-to-month,dsl,bank_transfer,basic,past
1,10.8,67.22,3,2,1,3.32,month-to-month,fiber,credit_card,plus,never
1,34.4,72.32,2,1,0,3.37,month-to-month,fiber,electronic_check,basic,past
0,2.5,89.22,2,2,1,2.54,two-year,fiber,electronic_check,basic,past
0,4.2,103.46,1,3,0,3.5,month-to-month,none,bank_transfer,basic,never
1,0.5,98.25,1,3,1,3.17,month-to-month,fiber,electronic_check,basic,past
1,1.5,88.63,2,2,1,2.32,month-to-month,fiber,electronic_check,plus,never
0,5.6,57.7,2,3,0,4.0,month-to-month,none,credit_card,basic,never
0,9.6,58.0,4,2,0,1.81,one-year,dsl,bank_transfer,plus,current
0,15.1,70.25,3,4,0,1.35,month-to-month,dsl,bank_transfer,basic,past
1,36.6,142.43,3,1,1,4.89,month-to-month,dsl,electronic_check,basic,never
0,4.8,76.99,1,2,2,1.8,month-to-month,none,bank_transfer,basic,past
1,3.3,62.47,1,1,0,0.6,month-to-month,fiber,credit_card,basic,past
1,8.7,58.5,2,1,0,2.21,month-to-month,dsl,electronic_check,basic,past
0,15.6,76.57,1,1,1,3.95,two-year,fiber,electronic_check,plus,past
0,4.2,48.97,1,2,0,2.25,month-to-month,fiber,bank_transfer,basic,current
0,14.1,29.61,3,2,0,4.49,month-to-month,fiber,electronic_check,basic,current
0,13.2,56.9,1,0,0,2.38,month-to-month,none,electronic_check,plus,current
0,3.1,49.32,2,1,0,2.91,month-to-month,fiber,bank_transfer,plus,past
0,9.1,86.01,1,1,0,1.87,one-year,dsl,bank_transfer,plus,never
0,1.7,75.68,0,1,0,1.92,two-year,none,bank_transfer,basic,past
0,32.4,67.39,2,3,0,0.61,month-to-month,fiber,credit_card,basic,current
0,38.4,34.86,3,4,0,1.37,two-year,dsl,credit_card,basic,never
0,14.7,65.87,3,4,0,2.86,month-to-month,fiber,electronic_check,plus,past
0,7.3,67.1,3,2,1,4.17,one-year,fiber,electronic_check,basic,past
0,37.7,44.44,1,2,0,2.65,month-to-month,dsl,credit_card,plus,past
0,9.5,69.63,1,1,3,2.41,month-to-month,fiber,electronic_check,basic,past
0,0.1,51.98,2,2,0,1.03,month-to-month,dsl,electronic_check,basic,past
1,9.9,99.22,4,2,0,4.49,month-to-month,fiber,credit_card,premium,never
0,20.8,114.27,3,7,2,2.1,one-year,dsl,electronic_check,basic,past
0,1.3,76.37,2,4,0,3.55,two-year,dsl,electronic_check,basic,current
0,23.4,68.7,1,4,1,1.14,one-year,fiber,electronic_check,plus,past
0,1.1,85.94,1,0,0,0.63,one-year,fiber,bank_transfer,plus,current
0,1.4,36.14,2,0,0,2.46,month-to-month,dsl,bank_transfer,plus,current
0,4.9,68.35,3,3,0,3.8,month-to-month,fiber,bank_transfer,plus,never
1,40.2,95.97,2,2,1,1.9,month-to-month,dsl,electronic_check,basic,past
0,15.7,50.67,3,3,0,3.8,month-to-month,fiber,credit_card,basic,never
0,8.2,96.16,2,0,0,3.41,month-to-month,fiber,electronic_check,plus,never
0,43.2,66.16,2,2,0,1.85,one-year,none,electronic_check,basic,current
0,72.0,115.47,2,3,0,3.86,month-to-month,none,electronic_check,basic,never
0,15.5,60.91,1,2,0,2.81,month-to-month,none,credit_card,basic,never
0,15.0,90.19,3,3,0,2.13,two-year,fiber,credit_card,basic,never
0,19.7,33.95,2,1,1,2.19,month-to-month,fiber,electronic_check,plus,current
0,6.5,73.0,3,2,0,2.36,month-to-month,fiber,credit_card,basic,current
0,0.5,41.61,4,3,2,2.81,one-year,dsl,credit_card,basic,never
0,20.6,72.82,2,0,0,3.31,one-year,dsl,electronic_check,premium,never
0,3.1,28.6,2,4,2,3.33,month-to-month,fiber,bank_transfer,basic,current
0,25.3,63.34,2,1,0,5.27,month-to-month,fiber,credit_card,premium,never
0,25.5,42.36,2,1,1,2.83,one-year,fiber,bank_transfer,basic,past
0,20.6,25.89,1,1,0,3.28,month-to-month,fiber,credit_card,basic,past
0,7.4,56.55,0,3,1,2.77,one-year,none,credit_card,basic,past
0,2.4,123.13,2,1,0,3.35,month-to-month,fiber,electronic_check,plus,past
0,14.9,47.22,1,0,1,2.21,month-to-month,fiber,electronic_check,plus,current
0,2.6,56.74,3,2,2,3.85,month-to-month,fiber,electronic_check,basic,never
0,34.3,50.45,2,4,1,2.17,one-year,fiber,electronic_check,premium,never
0,2.9,25.02,2,1,0,2.78,month-to-month,fiber,credit_card,plus,never
0,1.5,52.93,2,0,1,1.87,one-year,fiber,credit_card,plus,past
0,0.2,42.88,3,2,2,2.48,month-to-month,fiber,bank_transfer,plus,past
0,10.1,52.18,1,4,1,2.06,month-to-month,none,bank_transfer,basic,never
1,19.8,88.05,2,1,2,3.0,one-year,fiber,electronic_check,premium,past
0,2.9,92.67,2,3,0,2.23,two-year,dsl,credit_card,basic,never
0,22.2,64.21,1,4,1,2.84,month-to-month,none,electronic_check,basic,never
0,0.8,105.11,3,4,0,2.58,one-year,fiber,electronic_check,basic,past
0,8.9,104.87,2,0,0,2.7,one-year,dsl,bank_transfer,premium,current
0,30.5,72.6,4,2,0,0.24,month-to-month,dsl,bank_transfer,basic,never
1,7.6,71.43,3,4,1,3.28,month-to-month,dsl,bank_transfer,basic,past
0,21.5,67.36,2,0,1,2.65,month-to-month,none,electronic_check,plus,current
0,17.7,73.68,3,0,1,0.48,month-to-month,none,bank_transfer,plus,never
0,28.2,74.12,0,0,0,2.35,two-year,none,bank_transfer,premium,past
0,35.9,82.0,2,1,0,2.56,one-year,dsl,bank_transfer,plus,never
0,53.2,88.35,1,1,0,1.32,one-year,none,electronic_check,plus,past
0,55.6,69.23,1,5,0,1.57,month-to-month,fiber,electronic_check,basic,current
0,0.2,95.73,2,1,1,0.6,month-to-month,fiber,credit_card,basic,current
0,18.5,74.97,2,2,0,1.99,two-year,dsl,bank_transfer,basic,current
0,15.3,27.75,2,2,1,1.39,month-to-month,fiber,electronic_check,premium,never
0,10.4,58.2,2,1,0,1.77,month-to-month,dsl,electronic_check,basic,never
0,9.7,68.04,3,4,0,3.92,month-to-month,dsl,electronic_check,basic,past
0,16.1,117.11,3,2,0,3.75,one-year,fiber,credit_card,basic,current
0,5.2,64.16,2,1,1,0.6,month-to-month,fiber,electronic_check,basic,past
0,35.7,55.22,3,3,1,1.9,month-to-month,dsl,bank_transfer,basic,current
0,16.8,98.1,3,2,2,0.83,month-to-month,dsl,bank_transfer,basic,current
1,11.1,102.8,2,1,0,3.52,month-to-month,fiber,electronic_check,basic,never
0,50.1,10.0,2,1,0,2.34,month-to-month,none,electronic_check,basic,past
0,12.2,65.02,3,3,1,0.42,two-year,dsl,electronic_check,plus,past
0,7.6,76.07,2,5,1,3.1,month-to-month,fiber,electronic_check,plus,never
0,23.1,64.44,2,1,0,4.12,two-year,fiber,electronic_check,premium,never
0,8.0,66.03,1,1,0,1.86,month-to-month,dsl,credit_card,basic,past
0,0.4,132.57,0,2,1,3.19,month-to-month,none,bank_transfer,basic,never
0,11.4,63.1,2,1,1,2.73,two-year,dsl,credit_card,premium,current
0,1.0,21.41,2,3,1,3.12,month-to-month,dsl,bank_transfer,plus,current
1,1.4,89.49,2,2,1,2.23,month-to-month,fiber,bank_transfer,basic,never
1,1.3,47.56,2,3,1,2.32,month-to-month,dsl,electronic_check,basic,never
0,8.0,105.69,3,2,1,1.52,two-year,fiber,credit_card,basic,past
0,1.7,69.2,2,3,0,3.79,month-to-month,dsl,electronic_check,basic,current
0,17.1,70.7,2,0,0,1.76,one-year,dsl,electronic_check,plus,never
0,29.9,65.26,3,3,1,1.69,one-year,dsl,credit_card,basic,current
0,0.2,28.75,3,3,0,2.34,two-year,dsl,electronic_check,basic,past
1,15.4,103.23,2,3,0,2.77,one-year,fiber,bank_transfer,basic,past
0,15.0,63.25,3,2,0,0.0,month-to-month,dsl,electronic_check,basic,past
0,48.9,46.03,1,2,0,2.12,month-to-month,fiber,credit_card,basic,past
0,0.2,49.18,3,2,3,1.41,two-year,fiber,electronic_check,basic,current
0,38.1,70.97,2,1,1,2.24,two-year,fiber,credit_card,plus,current
1,22.3,106.71,1,2,0,3.1,month-to-month,fiber,credit_card,basic,never
1,5.0,82.55,2,1,0,3.04,month-to-month,fiber,electronic_check,basic,current
0,1.5,49.12,2,4,0,1.75,one-year,dsl,bank_transfer,basic,never
0,23.7,71.64,3,2,1,2.88,month-to-month,dsl,electronic_check,basic,never
0,4.2,67.03,2,2,0,0.22,month-to-month,none,credit_card,basic,never
0,2.2,35.22,3,0,1,0.6,two-year,fiber,electronic_check,plus,never
1,0.3,77.97,4,2,0,4.05,month-to-month,fiber,credit_card,basic,never
0,15.1,69.82,1,1,0,2.94,month-to-month,fiber,electronic_check,plus,never
0,15.1,78.59,2,3,2,4.38,month-to-month,dsl,electronic_check,basic,past
0,38.9,87.99,1,1,1,0.6,two-year,fiber,electronic_check,plus,past
0,7.1,88.26,1,3,1,1.81,month-to-month,fiber,credit_card,basic,past
0,29.1,115.99,2,0,0,1.71,month-to-month,fiber,credit_card,plus,current
1,4.3,59.59,2,2,0,4.09,month-to-month,fiber,electronic_check,basic,past
0,24.4,85.36,3,2,0,3.49,two-year,fiber,electronic_check,basic,past
1,5.9,92.77,2,3,0,1.95,month-to-month,dsl,electronic_check,plus,past
1,56.7,99.98,4,2,2,2.14,month-to-month,fiber,bank_transfer,plus,past
1,1.5,44.4,1,2,1,2.98,month-to-month,dsl,bank_transfer,basic,past
0,38.3,76.83,1,2,1,2.16,two-year,none,bank_transfer,plus,current
0,72.0,55.94,3,3,1,1.85,two-year,fiber,credit_card,basic,past
1,14.9,97.64,3,1,1,2.09,month-to-month,fiber,bank_transfer,plus,past
0,1.9,48.69,2,2,3,1.84,month-to-month,none,electronic_check,basic,never
0,4.2,71.07,2,4,1,4.97,month-to-month,fiber,credit_card,basic,never
0,37.3,74.13,2,3,0,3.81,month-to-month,dsl,electronic_check,basic,never
0,1.7,81.66,1,2,0,3.82,one-year,fiber,electronic_check,basic,current
0,46.2,92.04,2,1,0,1.47,two-year,none,bank_transfer,basic,current
0,8.7,60.96,2,4,0,0.9,two-year,dsl,electronic_check,basic,past
1,5.4,68.47,2,2,1,3.45,month-to-month,fiber,electronic_check,basic,past
0,12.9,32.15,1,2,0,3.22,month-to-month,none,electronic_check,basic,past
0,39.0,56.44,3,1,1,1.84,month-to-month,dsl,credit_card,basic,never
0,11.6,89.88,2,3,0,2.68,month-to-month,dsl,bank_transfer,premium,current
0,9.4,20.56,1,3,1,0.87,month-to-month,none,electronic_check,basic,current
0,61.9,47.94,2,1,1,3.13,one-year,none,bank_transfer,basic,past
0,20.2,79.37,1,1,1,2.75,one-year,dsl,electronic_check,basic,never
0,28.6,50.0,3,3,0,2.8,month-to-month,fiber,credit_card,premium,current
0,1.0,28.31,2,0,1,3.66,one-year,fiber,credit_card,plus,past
0,9.5,57.92,1,1,0,0.64,one-year,dsl,electronic_check,basic,never
1,3.9,61.44,1,2,0,1.68,month-to-month,dsl,electronic_check,basic,past
0,9.4,74.08,1,0,1,0.84,month-to-month,dsl,electronic_check,plus,past
0,11.4,71.04,3,2,2,1.53,month-to-month,dsl,electronic_check,basic,current
0,12.4,86.12,3,3,0,3.31,one-year,fiber,bank_transfer,plus,past
0,1.6,43.07,2,2,0,1.68,two-year,fiber,credit_card,basic,never
0,72.0,48.63,2,2,0,2.63,month-to-month,fiber,credit_card,basic,past
0,4.7,93.43,3,3,1,4.2,two-year,fiber,electronic_check,basic,past
0,21.0,81.96,1,1,0,2.75,two-year,none,bank_transfer,plus,never
0,35.1,78.45,3,4,0,4.08,month-to-month,dsl,credit_card,basic,never
0,1.6,95.7,1,3,1,0.77,month-to-month,none,electronic_check,basic,never
1,11.9,78.78,3,1,1,3.13,month-to-month,dsl,bank_transfer,plus,past
0,1.3,25.8,2,3,0,2.59,one-year,fiber,credit_card,basic,never
0,58.8,115.04,3,4,0,0.6,month-to-month,dsl,electronic_check,basic,never
0,12.5,65.09,0,3,0,4.48,month-to-month,none,bank_transfer,premium,never
0,22.6,72.25,2,1,1,3.79,one-year,fiber,bank_transfer,basic,never
0,5.2,72.66,2,2,0,2.32,month-to-month,fiber,electronic_check,plus,current
0,5.9,92.44,1,3,2,1.19,month-to-month,none,electronic_check,basic,never
0,5.1,56.88,3,1,0,2.57,one-year,fiber,electronic_check,basic,never
0,1.6,95.47,3,3,0,3.76,one-year,dsl,electronic_check,basic,past
0,12.9,79.9,1,1,0,2.54,two-year,dsl,electronic_check,basic,past
0,55.8,82.24,3,1,1,4.46,two-year,fiber,bank_transfer,basic,current
0,7.3,108.53,2,0,1,1.77,one-year,dsl,electronic_check,premium,current
0,16.4,82.52,3,1,0,3.04,two-year,dsl,bank_transfer,plus,past
0,17.7,68.48,2,1,0,1.8,month-to-month,dsl,electronic_check,basic,current
0,35.9,76.05,2,1,0,1.53,two-year,dsl,credit_card,basic,never
0,55.7,71.02,3,1,1,1.4,month-to-month,dsl,credit_card,plus,never
0,3.1,61.84,1,1,0,3.39,one-year,fiber,electronic_check,premium,current
0,29.0,60.3,1,0,1,1.67,month-to-month,dsl,electronic_check,plus,past
0,24.5,68.68,3,0,1,0.6,month-to-month,fiber,bank_transfer,plus,never
0,10.1,92.95,2,4,0,0.6,one-year,fiber,bank_transfer,basic,current
0,3.3,103.59,2,2,0,2.89,one-year,dsl,electronic_check,basic,past
0,0.0,94.6,2,1,2,1.77,month-to-month,fiber,electronic_check,plus,never
0,54.2,77.18,2,4,1,2.77,one-year,dsl,bank_transfer,basic,past
1,5.6,55.75,3,2,1,2.02,month-to-month,fiber,electronic_check,basic,current
1,13.3,47.47,4,3,1,3.19,one-year,dsl,electronic_check,basic,past
0,3.0,80.3,1,1,0,1.93,month-to-month,none,electronic_check,premium,past
1,22.4,68.54,1,4,1,4.06,month-to-month,fiber,electronic_check,basic,never
0,13.9,82.61,0,1,0,2.47,month-to-month,none,electronic_check,premium,past
0,2.8,62.87,3,2,0,4.34,month-to-month,dsl,electronic_check,basic,never
0,24.9,39.91,2,0,0,1.82,two-year,fiber,bank_transfer,premium,never
0,16.0,55.49,1,4,1,1.35,month-to-month,fiber,electronic_check,basic,never
0,5.2,102.21,1,2,0,1.01,month-to-month,fiber,electronic_check,basic,past
0,1.4,55.67,4,1,1,4.28,month-to-month,fiber,bank_transfer,basic,never
0,14.0,82.1,2,2,1,0.58,month-to-month,none,electronic_check,basic,current
0,7.6,89.43,2,5,1,1.86,two-year,fiber,bank_transfer,basic,current
0,10.1,94.62,1,5,1,3.97,two-year,none,electronic_check,basic,past
0,3.0,42.72,1,3,0,2.72,one-year,fiber,bank_transfer,basic,past
0,3.7,76.09,2,3,0,2.75,month-to-month,fiber,electronic_check,basic,current
0,49.6,81.34,1,1,1,2.35,month-to-month,dsl,electronic_check,basic,past
1,8.5,66.34,0,1,0,1.64,month-to-month,none,electronic_check,basic,current
0,15.2,112.04,3,4,1,0.56,month-to-month,dsl,bank_transfer,basic,current
0,72.0,61.94,2,0,0,4.2,month-to-month,fiber,electronic_check,premium,current
0,11.0,71.32,4,3,0,2.61,one-year,dsl,electronic_check,basic,current
0,9.9,85.07,2,0,2,2.66,month-to-month,dsl,electronic_check,plus,current
0,2.8,55.51,3,0,0,4.76,month-to-month,fiber,credit_card,premium,past
0,22.0,43.77,3,5,1,0.0,month-to-month,dsl,electronic_check,basic,current
1,0.3,93.31,2,4,3,3.19,month-to-month,fiber,electronic_check,basic,never
0,14.2,65.46,0,1,0,3.44,month-to-month,none,bank_transfer,basic,never
0,34.3,70.36,2,0,1,4.24,month-to-month,dsl,electronic_check,plus,past
1,4.2,79.23,3,4,0,4.75,month-to-month,fiber,electronic_check,basic,never
0,4.5,77.64,2,2,0,1.59,month-to-month,dsl,credit_card,basic,never
1,10.6,68.18,1,3,0,4.31,month-to-month,fiber,electronic_check,basic,never
0,31.8,62.17,3,3,1,3.32,month-to-month,fiber,bank_transfer,basic,past
0,11.6,39.65,2,1,1,3.19,month-to-month,dsl,credit_card,basic,never
0,8.2,63.13,2,2,0,2.36,two-year,none,electronic_check,basic,past
0,8.7,84.65,0,1,1,0.43,month-to-month,none,electronic_check,plus,never
1,9.3,115.56,1,4,0,3.25,one-year,fiber,credit_card,basic,never
0,49.5,110.45,1,2,2,0.61,month-to-month,none,electronic_check,plus,past
0,2.3,74.94,2,1,1,1.14,two-year,fiber,credit_card,premium,never
0,5.6,76.76,3,2,0,5.05,month-to-month,fiber,bank_transfer,plus,current
0,2.7,40.32,2,3,0,2.01,two-year,fiber,credit_card,basic,past
0,13.3,41.89,3,0,0,4.35,two-year,fiber,bank_transfer,plus,current
1,8.4,115.27,2,2,1,2.97,month-to-month,fiber,credit_card,basic,past
0,3.4,40.8,2,2,0,1.33,month-to-month,dsl,electronic_check,plus,never
0,2.6,87.66,2,3,1,3.03,month-to-month,fiber,electronic_check,basic,past
0,13.4,64.76,2,4,0,2.52,month-to-month,fiber,electronic_check,basic,past
0,22.6,38.36,1,2,1,0.92,month-to-month,dsl,electronic_check,basic,past
0,45.3,61.39,1,2,1,2.43,two-year,none,electronic_check,basic,never
0,5.8,83.83,1,2,1,1.41,month-to-month,dsl,electronic_check,premium,never
0,30.0,20.05,2,1,1,2.32,one-year,fiber,bank_transfer,basic,current
0,43.3,105.54,2,2,0,0.0,month-to-month,dsl,credit_card,basic,never
0,35.8,86.06,2,2,0,3.64,month-to-month,fiber,bank_transfer,plus,never
0,15.7,86.77,2,2,0,0.78,month-to-month,fiber,bank_transfer,plus,never
1,8.3,67.79,3,2,1,1.06,month-to-month,dsl,electronic_check,basic,past
0,3.9,42.94,3,2,2,3.22,two-year,dsl,electronic_check,basic,never
0,33.5,46.63,2,3,1,1.42,month-to-month,dsl,electronic_check,basic,current
0,35.2,85.6,4,1,2,3.21,two-year,dsl,electronic_check,premium,past
0,50.3,36.19,4,1,1,1.95,month-to-month,dsl,credit_card,basic,past
0,37.1,30.73,2,1,1,1.53,month-to-month,dsl,electronic_check,basic,never
0,7.0,36.76,2,3,0,2.1,month-to-month,fiber,bank_transfer,basic,past
0,1.4,32.38,0,2,0,0.06,one-year,none,bank_transfer,premium,past
0,12.6,78.53,2,3,3,0.0,one-year,dsl,electronic_check,basic,never
0,7.7,73.13,2,3,0,0.97,one-year,fiber,bank_transfer,basic,past
0,72.0,62.16,3,5,1,3.38,two-year,fiber,electronic_check,basic,current
0,4.8,77.07,2,2,0,2.69,month-to-month,dsl,electronic_check,premium,past
0,10.1,77.17,2,1,0,4.16,two-year,fiber,credit_card,plus,current
1,16.8,112.02,0,3,1,2.0,month-to-month,none,electronic_check,basic,past
0,44.0,60.16,3,4,1,3.25,one-year,dsl,electronic_check,basic,past
0,24.4,85.18,1,2,0,2.98,month-to-month,dsl,electronic_check,basic,never
0,15.7,95.28,2,1,0,1.59,two-year,fiber,bank_transfer,plus,never
0,2.1,84.92,0,1,1,2.38,month-to-month,none,credit_card,plus,past
0,31.9,10.0,1,1,0,4.64,month-to-month,fiber,bank_transfer,plus,past
0,0.8,67.17,1,2,0,2.96,month-to-month,fiber,electronic_check,plus,current
1,2.3,110.65,2,3,0,2.64,month-to-month,fiber,credit_card,basic,never
0,5.7,94.01,2,3,4,3.75,two-year,fiber,bank_transfer,basic,past
0,16.2,53.92,2,2,5,2.98,one-year,dsl,electronic_check,basic,current
0,11.1,46.51,1,2,0,1.51,one-year,dsl,electronic_check,plus,never
0,22.6,22.01,1,0,1,1.39,two-year,dsl,bank_transfer,plus,never
0,31.2,34.69,2,1,0,3.23,one-year,dsl,credit_card,basic,current
0,8.2,42.92,3,2,1,1.45,month-to-month,fiber,credit_card,plus,past
0,3.3,69.06,1,0,1,1.57,month-to-month,dsl,bank_transfer,plus,never
1,5.8,107.07,2,0,1,2.57,month-to-month,fiber,credit_card,premium,past
0,12.3,33.1,1,2,1,3.79,two-year,dsl,bank_transfer,plus,past
0,22.1,28.82,1,4,0,1.04,two-year,fiber,electronic_check,plus,current
0,37.0,71.98,2,1,0,3.45,two-year,none,electronic_check,plus,past
0,39.4,83.58,2,1,0,1.31,month-to-month,dsl,bank_transfer,basic,past
1,10.9,61.33,3,4,1,3.29,one-year,fiber,electronic_check,basic,past
0,14.9,17.41,1,1,0,0.4,month-to-month,dsl,credit_card,basic,current
1,24.6,110.9,3,1,0,0.73,month-to-month,fiber,electronic_check,plus,past
0,0.4,49.96,1,2,0,1.73,month-to-month,none,credit_card,basic,never
0,19.4,90.94,2,1,1,1.89,month-to-month,dsl,electronic_check,plus,never
0,42.3,108.74,1,3,1,2.87,month-to-month,dsl,electronic_check,premium,never
0,16.9,65.59,2,1,1,2.97,month-to-month,fiber,bank_transfer,plus,past
0,14.4,72.72,3,2,0,3.25,month-to-month,dsl,credit_card,plus,current
0,17.6,90.86,2,3,1,3.07,month-to-month,fiber,electronic_check,basic,never
0,19.7,62.02,3,1,0,1.36,month-to-month,fiber,electronic_check,plus,current
0,3.0,90.79,3,1,0,1.68,month-to-month,dsl,credit_card,plus,past
0,7.9,49.92,1,2,1,0.48,one-year,dsl,electronic_check,premium,past
0,12.5,83.85,3,0,0,0.6,one-year,fiber,electronic_check,plus,past
0,22.1,61.72,2,4,1,1.62,month-to-month,fiber,credit_card,basic,never
0,7.3,48.56,2,0,0,2.3,two-year,fiber,electronic_check,plus,never
1,3.8,98.95,2,2,0,0.92,month-to-month,fiber,credit_card,basic,never
0,7.0,33.19,3,1,2,4.47,month-to-month,fiber,credit_card,premium,current
0,26.0,91.68,1,1,0,0.77,month-to-month,none,bank_transfer,plus,never
0,10.8,59.45,2,1,2,2.29,two-year,fiber,credit_card,plus,never
0,0.7,94.28,2,2,0,4.98,month-to-month,fiber,electronic_check,basic,current
1,18.2,39.26,0,3,1,3.27,month-to-month,none,credit_card,basic,past
0,11.3,44.84,3,1,0,1.03,month-to-month,dsl,bank_transfer,premium,never
0,23.7,40.56,2,2,0,1.38,two-year,dsl,electronic_check,basic,past
1,3.2,138.9,2,3,0,2.11,month-to-month,fiber,credit_card,basic,past
0,16.0,57.17,2,0,0,2.89,month-to-month,none,credit_card,premium,past
0,3.1,68.81,2,1,0,2.98,one-year,fiber,electronic_check,plus,past
0,30.9,10.0,3,2,0,1.74,month-to-month,dsl,electronic_check,basic,never
0,44.3,83.05,2,4,0,3.17,month-to-month,fiber,bank_transfer,basic,past
1,62.2,93.96,1,1,1,4.33,month-to-month,dsl,bank_transfer,basic,never
0,1.0,46.18,2,1,1,1.16,month-to-month,dsl,credit_card,basic,past
0,7.2,50.17,0,4,0,2.11,one-year,none,bank_transfer,basic,past
1,6.1,73.63,3,2,2,3.28,month-to-month,fiber,electronic_check,basic,never
0,39.0,84.92,3,3,0,2.48,two-year,fiber,electronic_check,plus,never
1,72.0,80.79,2,4,0,1.94,month-to-month,fiber,electronic_check,basic,never
0,48.6,62.55,3,4,0,1.22,one-year,fiber,credit_card,plus,past
0,68.4,90.39,2,2,1,1.75,one-year,dsl,credit_card,plus,past
0,0.6,75.92,2,4,0,1.87,month-to-month,fiber,bank_transfer,basic,never
1,2.5,81.62,1,2,1,2.01,month-to-month,fiber,credit_card,plus,past
0,72.0,66.16,2,3,0,4.47,one-year,dsl,bank_transfer,basic,never
0,18.7,61.72,1,2,1,3.84,one-year,fiber,bank_transfer,plus,never
0,16.4,89.81,2,4,0,1.18,two-year,none,electronic_check,basic,current
0,11.8,107.66,2,2,0,1.37,one-year,none,electronic_check,basic,past
0,16.8,56.15,2,3,2,0.65,month-to-month,dsl,credit_card,basic,never
1,3.5,64.75,2,2,1,0.0,month-to-month,dsl,electronic_check,basic,never
0,27.7,23.91,2,2,1,2.75,one-year,fiber,electronic_check,plus,past
0,27.1,54.67,2,4,0,1.33,two-year,dsl,bank_transfer,basic,never
0,17.8,87.72,1,2,0,3.43,month-to-month,fiber,bank_transfer,basic,past
0,66.5,86.08,0,2,0,0.0,month-to-month,none,electronic_check,basic,past
0,6.6,61.56,2,0,0,2.43,month-to-month,dsl,credit_card,plus,never
0,2.1,68.27,1,2,1,5.0,month-to-month,fiber,electronic_check,plus,current
0,9.7,37.98,2,4,1,1.34,month-to-month,fiber,electronic_check,basic,past
0,13.8,65.9,0,1,0,4.46,month-to-month,none,credit_card,plus,past
0,4.5,100.54,4,2,1,0.0,month-to-month,dsl,credit_card,basic,current
0,4.5,97.76,2,2,1,2.23,month-to-month,fiber,bank_transfer,basic,current
0,26.7,114.9,1,0,2,1.12,month-to-month,dsl,bank_transfer,plus,current
0,72.0,102.57,2,2,2,2.55,one-year,fiber,bank_transfer,basic,current
0,6.3,61.38,2,2,2,4.35,month-to-month,dsl,credit_card,basic,never
0,54.1,94.18,3,2,2,1.22,month-to-month,fiber,electronic_check,premium,current
0,24.7,59.19,1,3,2,1.03,two-year,fiber,credit_card,basic,current
0,21.0,44.95,2,2,1,2.13,month-to-month,dsl,electronic_check,basic,past
0,3.8,59.46,3,5,0,2.86,two-year,dsl,electronic_check,plus,current
0,3.7,57.47,2,2,1,4.65,one-year,fiber,electronic_check,plus,past
0,37.8,111.44,1,2,0,2.27,month-to-month,fiber,electronic_check,basic,current
0,1.1,64.88,1,2,0,1.74,month-to-month,dsl,electronic_check,basic,past
0,1.7,78.76,1,2,2,2.92,month-to-month,none,electronic_check,basic,never
1,29.4,73.52,2,1,1,0.0,month-to-month,none,electronic_check,plus,past
0,3.5,73.34,1,3,1,0.91,one-year,fiber,bank_transfer,basic,past
0,7.1,75.05,1,4,0,3.08,month-to-month,fiber,bank_transfer,basic,past
0,3.2,45.52,2,3,0,3.27,two-year,none,credit_card,basic,never
0,6.7,68.79,3,2,1,2.92,month-to-month,fiber,bank_transfer,premium,past
0,42.7,81.45,1,0,2,2.26,one-year,none,bank_transfer,plus,never
0,59.6,28.85,1,0,0,1.74,one-year,dsl,electronic_check,premium,current
0,8.2,66.09,2,3,0,2.04,month-to-month,fiber,credit_card,basic,current
0,1.7,95.12,1,4,1,1.34,two-year,fiber,electronic_check,basic,never
0,37.6,57.47,3,3,1,2.03,one-year,dsl,bank_transfer,plus,current
0,35.3,79.35,3,4,1,0.6,month-to-month,fiber,electronic_check,basic,current
0,0.3,31.98,1,2,1,1.44,one-year,fiber,electronic_check,plus,never
0,24.9,25.05,3,2,1,1.81,month-to-month,fiber,bank_transfer,premium,never
0,21.0,99.09,1,1,0,4.49,month-to-month,dsl,electronic_check,plus,current
0,9.5,59.23,3,1,2,1.3,month-to-month,fiber,electronic_check,plus,past
0,20.1,81.2,2,2,1,2.71,one-year,fiber,bank_transfer,plus,current
0,3.9,73.02,3,2,0,1.87,month-to-month,dsl,electronic_check,plus,never
0,10.6,62.59,2,1,0,1.22,month-to-month,fiber,bank_transfer,premium,never
0,8.7,81.92,2,2,0,2.66,one-year,dsl,credit_card,basic,past
0,7.6,66.7,1,1,1,1.44,one-year,fiber,electronic_check,premium,past
0,12.7,81.15,3,4,0,2.4,month-to-month,fiber,electronic_check,basic,past
0,23.9,50.94,1,2,0,2.52,month-to-month,fiber,electronic_check,basic,never
0,4.0,73.89,2,1,2,1.0,month-to-month,dsl,credit_card,plus,never
0,12.1,95.72,1,0,0,1.73,two-year,dsl,credit_card,plus,never
0,13.1,89.54,1,1,1,2.59,month-to-month,none,bank_transfer,basic,never
0,6.5,75.29,2,4,0,5.58,month-to-month,fiber,credit_card,plus,past
1,7.4,41.97,2,6,0,1.64,one-year,dsl,bank_transfer,basic,current
0,4.3,100.51,3,1,1,3.66,one-year,fiber,electronic_check,basic,never
0,21.9,88.09,1,2,0,3.4,month-to-month,dsl,electronic_check,basic,past
0,4.5,60.86,3,1,0,1.77,month-to-month,fiber,credit_card,basic,never
1,24.3,54.45,1,2,0,1.5,one-year,fiber,electronic_check,basic,never
0,8.4,102.57,3,3,1,2.87,one-year,dsl,credit_card,basic,past
0,14.1,39.5,3,3,0,1.78,month-to-month,dsl,electronic_check,basic,past
0,34.2,105.16,3,2,0,1.72,month-to-month,dsl,electronic_check,basic,never
0,10.7,74.98,2,4,0,3.61,two-year,fiber,electronic_check,basic,never
0,18.4,36.54,2,2,0,3.63,two-year,fiber,electronic_check,plus,past
0,35.9,52.76,2,1,2,0.66,month-to-month,fiber,credit_card,plus,past
1,1.1,70.86,1,2,0,2.55,month-to-month,dsl,credit_card,basic,current
0,5.5,85.79,1,1,0,3.47,month-to-month,dsl,electronic_check,plus,never
0,38.0,81.46,4,2,0,0.0,month-to-month,dsl,electronic_check,plus,never
0,11.9,122.67,2,1,0,1.52,one-year,fiber,bank_transfer,plus,past
0,14.3,86.53,2,1,0,3.47,month-to-month,fiber,electronic_check,basic,never
1,3.1,91.11,2,1,1,3.64,month-to-month,fiber,electronic_check,plus,never
0,1.4,54.2,2,3,1,2.77,month-to-month,fiber,electronic_check,basic,never
0,4.3,77.58,2,2,0,3.92,month-to-month,dsl,bank_transfer,basic,current
0,22.3,97.9,2,0,0,3.77,month-to-month,fiber,bank_transfer,plus,never
0,19.9,48.36,1,2,0,2.54,one-year,none,electronic_check,plus,never
0,16.6,63.9,1,0,0,2.59,two-year,dsl,electronic_check,premium,never
0,24.0,96.6,1,2,2,0.17,month-to-month,dsl,bank_transfer,plus,never
0,22.7,22.21,1,1,0,1.88,two-year,none,electronic_check,premium,current
0,13.0,63.1,2,5,0,0.6,month-to-month,fiber,bank_transfer,basic,current
0,4.9,10.0,2,3,0,2.04,month-to-month,fiber,electronic_check,basic,never
0,15.5,119.03,2,2,1,1.88,one-year,dsl,electronic_check,basic,never
0,27.6,90.41,2,2,0,0.9,month-to-month,dsl,credit_card,plus,past
0,12.8,87.18,2,2,0,4.23,two-year,none,electronic_check,basic,past
0,6.6,44.52,2,5,0,3.03,month-to-month,fiber,electronic_check,basic,never
0,10.0,67.68,2,2,1,2.03,month-to-month,fiber,electronic_check,basic,never
0,15.5,73.67,2,1,2,3.56,month-to-month,fiber,electronic_check,basic,past
0,1.2,43.07,2,3,0,4.39,month-to-month,fiber,bank_transfer,basic,current
0,19.6,88.84,1,3,0,4.66,one-year,fiber,electronic_check,basic,current
1,7.4,19.1,1,2,1,2.16,month-to-month,none,electronic_check,basic,current
0,7.4,48.81,1,2,2,3.13,one-year,dsl,bank_transfer,plus,past
0,71.8,36.87,2,2,1,2.97,month-to-month,dsl,bank_transfer,basic,past
0,0.3,68.32,3,2,2,3.89,month-to-month,fiber,bank_transfer,basic,never
0,40.0,85.93,3,2,1,4.09,month-to-month,fiber,credit_card,basic,never
0,50.4,45.47,2,0,0,3.23,one-year,fiber,bank_transfer,premium,never
0,22.4,74.2,2,2,1,2.6,month-to-month,dsl,credit_card,basic,never
0,31.0,124.67,1,1,2,2.26,two-year,dsl,bank_transfer,basic,current
0,29.9,84.71,2,1,0,2.09,month-to-month,dsl,credit_card,basic,current
0,1.4,23.16,3,3,2,3.08,month-to-month,dsl,electronic_check,basic,current
1,26.8,68.83,2,2,0,2.48,one-year,fiber,electronic_check,basic,past
0,5.7,79.38,2,1,1,4.22,one-year,fiber,credit_card,basic,past
0,1.9,39.32,3,0,1,2.42,month-to-month,dsl,credit_card,plus,never
0,4.9,71.9,1,6,0,1.12,month-to-month,dsl,electronic_check,basic,current
0,6.2,31.35,1,0,0,5.36,month-to-month,fiber,bank_transfer,plus,never
0,8.2,98.05,1,2,0,2.95,month-to-month,fiber,electronic_check,plus,never
0,7.7,65.55,1,1,1,2.55,one-year,dsl,bank_transfer,plus,current
0,26.3,38.88,2,4,0,0.0,two-year,dsl,electronic_check,basic,never
0,4.8,29.44,3,3,0,2.72,month-to-month,fiber,electronic_check,basic,past
0,15.1,117.2,3,2,0,1.37,two-year,dsl,electronic_check,plus,past
1,2.9,118.09,2,0,0,5.31,month-to-month,fiber,bank_transfer,premium,past
0,17.7,82.77,2,1,0,3.02,month-to-month,dsl,bank_transfer,plus,never
0,4.0,124.75,3,2,1,1.89,one-year,dsl,bank_transfer,basic,never
0,7.6,21.73,2,4,0,0.6,two-year,fiber,credit_card,basic,past
0,20.1,26.21,2,4,0,3.64,month-to-month,dsl,credit_card,basic,current
0,1.8,104.35,4,0,0,2.03,two-year,fiber,credit_card,plus,never
0,8.9,68.92,1,5,0,3.47,two-year,fiber,credit_card,basic,never
0,33.0,94.58,4,3,1,2.46,month-to-month,dsl,credit_card,basic,past
1,1.2,71.85,2,5,0,0.14,month-to-month,dsl,electronic_check,plus,past
1,27.4,58.51,2,4,2,4.99,month-to-month,fiber,credit_card,basic,never
1,3.9,57.97,1,3,1,1.21,month-to-month,fiber,bank_transfer,basic,past
0,3.8,85.16,2,2,0,1.86,month-to-month,dsl,bank_transfer,basic,past
1,15.0,68.75,3,3,0,1.89,month-to-month,fiber,electronic_check,basic,past
0,7.8,51.11,2,1,1,2.52,month-to-month,dsl,electronic_check,plus,never
0,38.3,91.7,2,3,0,1.7,month-to-month,dsl,electronic_check,premium,current
0,1.3,65.61,2,1,0,2.09,two-year,fiber,electronic_check,basic,never
0,37.8,51.54,3,2,0,2.53,two-year,fiber,electronic_check,basic,never
0,23.9,75.14,3,3,1,1.62,month-to-month,fiber,electronic_check,basic,past
0,41.2,74.48,1,3,1,2.9,one-year,fiber,bank_transfer,basic,past
0,22.0,90.63,3,2,1,1.97,month-to-month,fiber,electronic_check,basic,never
0,43.2,69.91,3,2,0,2.08,month-to-month,dsl,electronic_check,basic,past
1,38.8,100.98,2,4,1,3.28,two-year,fiber,electronic_check,basic,past
0,15.9,79.03,2,0,0,1.22,one-year,fiber,credit_card,plus,past
0,50.2,94.41,1,3,0,0.14,one-year,none,electronic_check,basic,current
0,15.8,39.7,3,3,1,3.46,month-to-month,fiber,electronic_check,basic,never
0,6.9,68.6,1,2,0,1.91,month-to-month,dsl,bank_transfer,basic,never
0,26.2,67.92,4,1,0,3.77,one-year,fiber,electronic_check,plus,past
0,3.6,76.37,1,1,0,1.46,one-year,fiber,credit_card,basic,never
0,6.6,80.55,2,1,0,3.18,one-year,dsl,electronic_check,basic,never
0,25.1,41.82,2,2,1,2.3,one-year,dsl,credit_card,plus,past
0,44.2,53.51,0,2,0,2.99,month-to-month,none,electronic_check,basic,past
0,9.4,21.48,2,4,0,2.7,month-to-month,fiber,credit_card,basic,never
0,50.9,51.47,2,2,1,3.22,one-year,fiber,credit_card,basic,current
0,64.2,69.09,2,2,0,3.02,month-to-month,dsl,bank_transfer,plus,never
0,14.0,98.32,3,2,1,3.01,one-year,fiber,credit_card,basic,current
1,25.3,103.87,1,4,0,2.13,month-to-month,fiber,electronic_check,basic,current
0,56.1,97.81,1,2,0,1.63,one-year,none,electronic_check,basic,current
1,9.8,54.12,2,2,0,3.8,two-year,none,electronic_check,basic,past
1,12.9,47.22,2,2,0,1.88,month-to-month,none,credit_card,basic,past
0,14.2,32.27,1,0,0,1.82,month-to-month,fiber,electronic_check,plus,never
0,72.0,30.94,2,2,1,1.04,two-year,fiber,credit_card,basic,never
0,28.6,42.73,2,3,1,3.38,one-year,dsl,bank_transfer,basic,current
1,25.6,72.26,2,2,0,2.4,month-to-month,fiber,electronic_check,premium,past
0,2.5,54.27,3,1,0,1.25,one-year,fiber,bank_transfer,basic,past
1,66.1,104.85,3,1,0,2.34,one-year,fiber,bank_transfer,basic,past
0,13.8,74.4,1,3,1,5.07,month-to-month,none,electronic_check,basic,never
0,10.5,63.69,2,2,0,2.65,two-year,fiber,bank_transfer,basic,current
0,10.8,71.84,1,3,0,2.13,month-to-month,fiber,credit_card,basic,past
0,0.6,39.07,0,1,1,3.03,two-year,none,electronic_check,premium,past
0,0.2,43.63,4,0,0,1.68,month-to-month,dsl,credit_card,plus,past
1,2.0,92.74,3,1,0,2.33,month-to-month,dsl,electronic_check,basic,never
0,9.0,37.64,3,4,2,0.62,month-to-month,fiber,electronic_check,plus,current
0,49.6,84.01,4,3,0,3.09,one-year,dsl,bank_transfer,premium,never
1,19.4,53.39,2,0,0,2.95,month-to-month,dsl,electronic_check,plus,past
0,6.3,128.27,1,0,0,2.75,two-year,fiber,credit_card,plus,never
0,3.7,50.88,3,1,0,5.54,month-to-month,fiber,bank_transfer,plus,past
1,3.1,75.67,4,2,3,2.41,month-to-month,fiber,electronic_check,basic,never
0,53.6,62.01,2,0,0,1.37,one-year,dsl,electronic_check,plus,current
1,0.0,35.42,2,4,0,3.01,two-year,fiber,electronic_check,plus,never
0,10.5,50.41,1,3,1,2.89,one-year,fiber,credit_card,basic,never
0,12.8,29.54,2,0,0,1.02,month-to-month,fiber,electronic_check,plus,current
0,11.1,59.73,1,1,1,2.49,month-to-month,dsl,bank_transfer,basic,past
0,56.2,100.44,3,4,1,3.78,month-to-month,dsl,bank_transfer,basic,never
0,57.0,33.27,2,2,0,1.24,two-year,fiber,electronic_check,basic,past
0,11.4,71.15,3,2,2,0.0,month-to-month,dsl,electronic_check,basic,never
1,13.5,106.88,1,1,1,2.29,month-to-month,dsl,bank_transfer,basic,past
0,4.3,93.24,3,1,1,3.66,one-year,fiber,electronic_check,plus,current
1,9.9,71.39,1,2,1,1.85,month-to-month,fiber,electronic_check,premium,never
0,11.2,82.2,1,2,0,2.89,one-year,none,bank_transfer,plus,current
0,16.9,105.49,2,1,0,2.2,month-to-month,dsl,credit_card,premium,current
0,17.9,93.76,1,3,0,1.83,month-to-month,dsl,electronic_check,basic,past
0,44.4,38.48,3,3,1,2.36,month-to-month,fiber,electronic_check,plus,past
0,7.2,71.23,2,3,0,2.57,month-to-month,fiber,electronic_check,basic,past
0,11.9,59.14,3,2,1,2.46,month-to-month,fiber,electronic_check,premium,never
1,2.1,55.02,2,0,1,4.12,month-to-month,fiber,bank_transfer,plus,never
0,5.8,57.87,2,3,1,3.24,month-to-month,dsl,bank_transfer,basic,past
0,24.9,69.38,1,2,0,1.69,month-to-month,fiber,credit_card,basic,past
1,9.8,51.09,3,1,1,3.17,month-to-month,fiber,electronic_check,basic,past
0,4.6,77.66,2,3,0,2.04,one-year,dsl,electronic_check,basic,past
0,17.3,34.87,2,1,0,2.69,month-to-month,dsl,electronic_check,plus,past
0,7.8,52.41,3,0,1,2.29,one-year,fiber,credit_card,plus,past
1,16.4,67.96,2,1,1,3.68,month-to-month,fiber,electronic_check,plus,past
1,36.7,45.03,2,3,1,3.08,one-year,fiber,bank_transfer,basic,past
0,22.0,58.81,2,1,1,1.54,month-to-month,fiber,bank_transfer,plus,never
0,14.3,70.0,1,2,1,3.26,month-to-month,fiber,credit_card,basic,current
1,28.9,61.26,4,0,1,2.53,one-year,fiber,electronic_check,plus,past
0,9.4,28.2,2,1,1,3.37,month-to-month,fiber,electronic_check,plus,current
0,3.3,59.65,2,0,0,3.75,one-year,fiber,credit_card,plus,never
1,14.7,82.82,0,1,0,3.21,month-to-month,none,electronic_check,basic,past
0,13.2,96.5,1,1,1,0.65,month-to-month,none,credit_card,premium,past
1,10.0,76.49,1,0,1,1.65,month-to-month,none,electronic_check,premium,past
0,3.5,56.61,2,4,0,2.74,month-to-month,none,electronic_check,plus,past
0,5.0,77.89,1,3,0,3.08,one-year,dsl,credit_card,basic,past
0,10.9,112.49,2,1,1,1.06,month-to-month,none,electronic_check,plus,past
1,13.2,75.17,2,3,1,0.89,month-to-month,none,electronic_check,basic,past
0,10.8,61.22,2,3,0,4.5,month-to-month,dsl,credit_card,plus,past
0,20.4,54.12,2,2,0,2.19,month-to-month,fiber,electronic_check,premium,never
0,8.3,19.18,1,1,1,1.68,month-to-month,dsl,electronic_check,plus,never
0,36.9,82.75,2,2,0,0.6,month-to-month,fiber,credit_card,basic,never
0,26.8,57.92,2,3,0,2.43,one-year,dsl,electronic_check,basic,never
0,1.1,21.43,2,1,2,2.29,month-to-month,fiber,electronic_check,basic,never
0,18.1,56.46,2,5,1,2.77,month-to-month,dsl,bank_transfer,basic,never
1,34.8,88.94,2,1,0,1.93,month-to-month,fiber,credit_card,basic,past
0,9.8,56.99,1,3,1,4.03,one-year,fiber,credit_card,basic,never
1,7.8,96.05,1,3,0,5.08,month-to-month,fiber,bank_transfer,plus,past
0,7.7,29.78,2,3,0,1.61,month-to-month,fiber,electronic_check,plus,past
0,6.6,69.55,0,3,0,0.85,month-to-month,none,bank_transfer,basic,never
0,7.0,68.19,1,1,1,2.32,month-to-month,dsl,electronic_check,basic,current
0,50.9,97.75,1,3,0,0.7,two-year,none,credit_card,basic,never
0,2.4,82.65,1,2,2,3.16,one-year,fiber,credit_card,basic,current
0,18.6,61.85,2,5,1,1.97,one-year,dsl,bank_transfer,basic,never
0,3.3,54.23,3,1,1,3.0,month-to-month,dsl,credit_card,plus,never
0,15.6,62.82,3,3,0,2.84,month-to-month,fiber,electronic_check,basic,never
0,28.5,49.98,1,3,1,4.9,month-to-month,fiber,electronic_check,basic,never
1,4.3,124.37,3,1,0,2.36,month-to-month,fiber,bank_transfer,plus,never
0,19.1,109.33,2,3,0,4.07,month-to-month,none,credit_card,basic,past
0,54.2,86.03,2,1,0,2.43,month-to-month,fiber,electronic_check,basic,past
0,3.2,44.07,1,3,0,3.32,month-to-month,none,electronic_check,basic,past
1,61.5,111.83,1,3,0,1.19,month-to-month,fiber,electronic_check,basic,never
0,7.0,76.86,2,2,0,3.27,two-year,dsl,credit_card,premium,never
0,7.1,85.48,2,3,1,1.7,one-year,dsl,electronic_check,basic,never
1,10.5,120.82,3,2,0,5.27,one-year,fiber,electronic_check,plus,never
1,17.6,95.66,1,1,1,1.7,month-to-month,fiber,bank_transfer,basic,current
0,13.2,79.54,1,3,1,1.82,month-to-month,none,credit_card,basic,current
0,19.1,10.33,2,2,0,4.33,two-year,fiber,credit_card,basic,never
0,5.3,63.38,1,3,0,3.6,two-year,fiber,credit_card,basic,past
1,3.9,95.38,2,2,0,1.83,month-to-month,fiber,electronic_check,basic,past
0,25.4,66.35,2,2,0,0.6,month-to-month,fiber,electronic_check,plus,past
0,4.8,76.57,2,1,0,2.09,two-year,fiber,bank_transfer,plus,never
0,22.4,53.05,2,2,0,1.9,one-year,dsl,credit_card,basic,never
0,34.5,51.77,1,1,0,2.99,one-year,dsl,bank_transfer,basic,past
0,3.3,46.46,1,3,1,3.16,one-year,none,bank_transfer,basic,current
0,1.6,72.53,2,2,1,2.93,month-to-month,fiber,electronic_check,basic,never
0,1.4,75.3,2,0,0,1.82,one-year,fiber,bank_transfer,plus,never
0,9.5,119.69,2,4,0,1.59,month-to-month,dsl,credit_card,basic,never
0,19.2,31.8,3,2,0,0.88,month-to-month,dsl,credit_card,basic,past
1,21.0,63.93,1,2,1,2.86,month-to-month,dsl,credit_card,basic,past
0,6.2,62.83,1,2,0,1.14,month-to-month,fiber,credit_card,premium,past
0,19.3,53.43,3,4,0,3.88,one-year,fiber,bank_transfer,basic,never
0,1.6,45.32,1,1,1,2.34,one-year,none,credit_card,premium,past
1,3.6,65.08,2,4,2,1.2,month-to-month,fiber,electronic_check,basic,never
0,6.7,78.66,1,3,0,3.24,one-year,fiber,electronic_check,basic,current
0,20.4,47.77,3,4,0,0.99,month-to-month,fiber,credit_card,premium,past
0,17.2,71.14,2,1,0,1.67,month-to-month,dsl,electronic_check,plus,past
0,28.1,104.41,4,1,0,1.95,one-year,fiber,bank_transfer,basic,current
0,30.0,75.4,2,0,0,1.45,two-year,dsl,electronic_check,premium,past
1,13.2,32.12,3,1,2,3.38,month-to-month,fiber,electronic_check,basic,never
0,13.6,78.0,2,3,0,2.73,month-to-month,fiber,bank_transfer,basic,past
0,36.1,28.81,2,3,1,1.65,two-year,fiber,credit_card,basic,never
0,3.9,56.12,3,3,0,2.26,two-year,fiber,bank_transfer,basic,never
0,9.2,82.59,1,3,1,1.41,month-to-month,dsl,credit_card,plus,never
0,24.3,60.09,1,2,1,2.51,month-to-month,fiber,bank_transfer,basic,never
0,11.2,74.28,2,3,1,2.23,month-to-month,dsl,credit_card,basic,past
0,27.3,71.79,2,2,1,2.76,month-to-month,fiber,electronic_check,plus,past
0,16.2,49.5,1,4,0,2.12,month-to-month,fiber,electronic_check,basic,current
0,0.1,130.42,4,0,1,1.66,two-year,dsl,electronic_check,plus,past
0,4.5,73.31,0,1,2,2.42,month-to-month,none,electronic_check,plus,past
0,8.4,69.47,3,4,0,1.95,two-year,fiber,electronic_check,basic,past
0,17.4,45.89,1,4,0,2.62,month-to-month,fiber,bank_transfer,basic,never
0,5.1,52.72,2,1,2,1.28,two-year,dsl,credit_card,premium,never
0,18.9,56.04,3,3,1,1.27,month-to-month,fiber,electronic_check,basic,current
0,46.3,102.52,3,4,0,4.4,month-to-month,fiber,electronic_check,basic,past
1,4.5,93.29,3,1,1,3.07,month-to-month,dsl,electronic_check,basic,past
1,19.6,130.44,2,2,1,1.74,month-to-month,dsl,electronic_check,basic,past
1,13.4,106.85,3,1,0,2.1,month-to-month,dsl,electronic_check,plus,never
0,6.1,77.43,1,2,0,4.7,month-to-month,fiber,bank_transfer,basic,never
0,11.5,55.3,2,1,1,2.93,month-to-month,fiber,bank_transfer,plus,never
0,6.4,43.21,4,4,1,4.33,month-to-month,fiber,electronic_check,basic,past
1,13.0,110.7,1,3,0,4.68,month-to-month,dsl,electronic_check,basic,never
0,20.9,17.33,2,1,0,3.09,one-year,dsl,electronic_check,plus,never
0,22.2,112.72,2,1,2,2.67,month-to-month,dsl,electronic_check,basic,never
0,1.6,67.52,3,2,1,2.98,two-year,fiber,credit_card,basic,current
0,47.7,60.32,2,2,0,1.68,two-year,dsl,credit_card,basic,past
0,6.8,61.36,2,3,1,3.63,one-year,dsl,electronic_check,basic,current
0,2.3,98.82,3,3,1,2.16,two-year,fiber,electronic_check,plus,past
0,1.4,40.87,2,1,1,1.76,one-year,fiber,credit_card,basic,past
0,11.5,80.48,2,3,1,4.43,one-year,fiber,bank_transfer,basic,never
0,10.0,51.91,1,3,0,2.2,month-to-month,dsl,credit_card,basic,never
0,3.5,30.97,2,2,2,1.93,two-year,dsl,bank_transfer,premium,never
0,4.6,72.09,2,2,0,1.19,month-to-month,fiber,electronic_check,premium,current
0,20.6,83.34,1,0,0,1.42,month-to-month,fiber,credit_card,plus,never
0,9.9,43.27,1,4,0,2.28,one-year,fiber,credit_card,basic,never
0,46.7,67.7,2,3,1,2.2,one-year,fiber,bank_transfer,basic,past
0,10.8,51.83,1,4,0,3.6,month-to-month,none,electronic_check,premium,past
0,7.2,42.7,2,1,1,4.07,month-to-month,fiber,electronic_check,premium,current
0,19.4,38.73,2,2,1,3.03,two-year,none,electronic_check,basic,never
1,59.4,113.47,2,6,2,4.29,month-to-month,none,electronic_check,plus,past
0,35.1,16.48,3,0,1,2.79,two-year,fiber,electronic_check,plus,past
0,18.4,90.42,3,2,1,1.71,one-year,dsl,bank_transfer,basic,never
1,8.3,101.83,3,2,0,1.42,one-year,fiber,credit_card,basic,never
0,3.4,80.11,2,1,0,0.6,month-to-month,fiber,bank_transfer,basic,past
0,5.5,33.79,2,2,2,1.61,two-year,fiber,electronic_check,basic,past
0,11.2,52.61,3,1,0,2.39,month-to-month,fiber,electronic_check,basic,current
0,23.4,11.49,2,4,1,0.55,two-year,dsl,credit_card,basic,never
0,22.6,81.24,3,1,0,2.63,one-year,dsl,electronic_check,basic,current
0,1.9,70.92,4,0,1,0.0,two-year,dsl,credit_card,premium,never
0,25.2,82.88,3,2,0,0.01,two-year,dsl,credit_card,plus,past
0,40.2,84.65,3,2,1,2.33,month-to-month,dsl,bank_transfer,basic,past
0,20.2,96.65,1,3,1,2.74,month-to-month,fiber,credit_card,basic,current
0,25.1,78.49,3,3,0,4.38,month-to-month,fiber,bank_transfer,basic,past
0,22.8,77.22,2,3,1,0.0,two-year,none,bank_transfer,basic,never
0,8.0,68.11,2,1,0,1.97,two-year,none,credit_card,plus,never
0,16.6,39.73,3,3,1,5.73,month-to-month,dsl,bank_transfer,plus,never
1,2.0,92.26,3,1,1,3.38,two-year,dsl,electronic_check,basic,past
0,9.1,102.23,1,3,1,1.68,two-year,dsl,electronic_check,basic,current
0,6.0,48.65,2,3,0,0.74,one-year,dsl,electronic_check,basic,never
0,0.3,34.03,2,3,0,3.0,month-to-month,fiber,electronic_check,basic,never
0,61.3,55.34,2,2,0,2.72,month-to-month,fiber,bank_transfer,plus,past
0,13.3,85.07,1,1,1,1.41,month-to-month,dsl,electronic_check,premium,current
0,20.8,71.81,3,1,0,0.99,month-to-month,fiber,credit_card,plus,never
0,65.9,125.47,2,1,0,0.0,month-to-month,dsl,electronic_check,premium,never
0,27.7,51.63,3,5,3,3.79,month-to-month,fiber,electronic_check,basic,never
1,37.1,78.7,2,1,1,3.7,month-to-month,fiber,electronic_check,plus,never
0,18.0,77.53,4,3,0,2.09,month-to-month,dsl,bank_transfer,basic,never
1,3.5,124.32,2,2,1,0.6,month-to-month,fiber,electronic_check,basic,current
1,30.1,108.32,2,2,1,4.0,month-to-month,fiber,bank_transfer,basic,past
0,48.3,95.44,4,1,0,1.81,month-to-month,fiber,bank_transfer,basic,past
0,36.3,87.24,2,1,0,2.06,month-to-month,fiber,electronic_check,basic,current
0,34.9,30.0,1,1,0,0.96,month-to-month,fiber,electronic_check,plus,current
0,49.2,72.54,2,1,0,2.55,month-to-month,fiber,credit_card,basic,never
0,20.0,82.15,3,1,1,3.28,month-to-month,dsl,bank_transfer,basic,never
0,39.9,69.41,3,2,0,0.76,month-to-month,dsl,electronic_check,basic,current
0,29.3,86.14,2,3,1,2.57,one-year,fiber,bank_transfer,premium,never
1,0.7,46.78,2,3,1,2.03,one-year,fiber,electronic_check,basic,never
0,6.5,51.13,3,2,0,4.43,one-year,fiber,electronic_check,basic,past
0,10.7,97.57,2,2,2,1.53,month-to-month,fiber,electronic_check,plus,current
0,9.3,100.95,3,1,2,0.93,month-to-month,dsl,bank_transfer,premium,past
0,11.2,98.67,3,1,1,2.5,one-year,dsl,credit_card,plus,never
0,2.4,55.08,3,1,0,0.29,two-year,dsl,bank_transfer,plus,past
0,1.3,53.19,1,2,1,4.0,month-to-month,fiber,bank_transfer,basic,current
0,4.4,52.64,2,0,0,0.6,month-to-month,fiber,credit_card,plus,past
0,22.0,49.48,3,2,1,1.65,month-to-month,dsl,electronic_check,plus,past
0,20.7,50.16,2,0,0,2.75,two-year,dsl,electronic_check,premium,never
0,1.3,54.61,2,4,1,3.36,one-year,dsl,electronic_check,basic,never
0,10.8,53.74,1,2,1,2.53,month-to-month,fiber,credit_card,basic,never
0,0.5,82.54,3,4,1,2.61,month-to-month,dsl,bank_transfer,basic,never
0,69.5,85.5,2,2,0,2.81,two-year,dsl,electronic_check,basic,never
1,41.2,115.23,3,2,1,2.28,month-to-month,fiber,bank_transfer,basic,past
1,7.3,16.09,2,3,0,4.52,month-to-month,fiber,bank_transfer,basic,past
0,0.8,55.49,2,1,0,1.9,month-to-month,dsl,bank_transfer,premium,past
0,9.9,93.94,2,0,0,6.27,month-to-month,fiber,electronic_check,plus,never
1,37.2,91.05,2,3,2,1.96,month-to-month,fiber,bank_transfer,basic,never
0,13.8,49.69,1,1,0,2.49,two-year,fiber,bank_transfer,basic,current
0,31.3,102.21,2,2,0,1.18,one-year,fiber,electronic_check,basic,past
0,40.8,24.21,3,1,1,2.2,one-year,dsl,electronic_check,basic,never
0,4.6,32.3,3,2,0,1.57,month-to-month,dsl,bank_transfer,basic,never
0,25.6,98.97,1,3,0,1.46,one-year,dsl,bank_transfer,plus,past
0,7.5,81.86,1,4,0,1.72,month-to-month,dsl,credit_card,basic,never
0,24.1,69.71,2,3,1,4.13,one-year,fiber,electronic_check,plus,never
0,29.7,65.65,3,3,0,3.67,one-year,fiber,credit_card,basic,past
0,10.9,67.71,2,1,1,0.86,month-to-month,dsl,bank_transfer,plus,past
0,1.9,92.69,3,0,1,2.24,month-to-month,dsl,credit_card,plus,never
0,14.6,81.35,1,5,1,1.91,month-to-month,dsl,credit_card,basic,past
0,0.4,74.45,2,1,0,3.71,month-to-month,fiber,bank_transfer,plus,never
0,13.0,74.04,1,2,0,2.41,one-year,fiber,bank_transfer,basic,current
1,8.0,70.61,2,2,0,2.06,month-to-month,dsl,electronic_check,plus,never
1,4.7,62.12,3,1,2,3.01,one-year,fiber,bank_transfer,plus,never
1,14.6,82.31,2,4,0,1.62,one-year,dsl,electronic_check,basic,past
0,16.3,58.17,2,1,4,2.4,month-to-month,dsl,bank_transfer,basic,past
0,30.4,113.16,2,0,1,0.0,month-to-month,dsl,bank_transfer,premium,never
0,1.5,86.33,2,2,1,2.82,one-year,dsl,bank_transfer,basic,current
0,6.4,85.14,2,4,2,1.92,month-to-month,fiber,bank_transfer,basic,past
0,14.0,59.86,3,1,0,1.12,one-year,fiber,bank_transfer,basic,current
1,1.7,109.85,2,3,1,0.87,month-to-month,dsl,electronic_check,basic,past
0,4.7,67.72,3,2,0,1.48,one-year,fiber,electronic_check,basic,never
0,2.7,58.03,2,1,2,3.17,month-to-month,fiber,electronic_check,plus,never
0,1.0,48.3,2,2,1,3.04,month-to-month,fiber,bank_transfer,basic,current
0,11.7,49.99,1,1,1,3.08,one-year,none,bank_transfer,premium,never
0,26.9,75.61,3,4,1,2.08,one-year,dsl,credit_card,basic,never
0,19.1,60.23,2,1,1,4.52,month-to-month,dsl,credit_card,premium,past
0,1.2,70.35,2,1,0,1.58,two-year,fiber,bank_transfer,basic,never
0,31.8,70.46,2,2,1,0.0,two-year,none,electronic_check,plus,never
0,0.6,43.98,2,1,1,1.92,one-year,fiber,electronic_check,plus,past
0,37.5,44.41,3,4,0,0.75,one-year,fiber,electronic_check,plus,past
0,38.4,39.59,2,2,0,1.8,one-year,dsl,bank_transfer,plus,current
0,10.1,60.44,2,1,0,1.94,one-year,fiber,electronic_check,basic,never
0,3.7,80.65,1,0,0,1.77,month-to-month,fiber,credit_card,premium,past
0,8.6,96.44,3,1,1,2.06,one-year,fiber,bank_transfer,basic,never
0,22.9,79.29,3,2,0,2.1,one-year,fiber,electronic_check,premium,past
0,3.8,26.41,1,4,1,1.75,month-to-month,dsl,bank_transfer,basic,current
0,11.1,33.1,3,2,1,0.0,two-year,dsl,credit_card,plus,current
1,1.2,11.87,3,2,0,2.06,one-year,fiber,bank_transfer,basic,past
0,7.8,100.7,2,1,0,3.59,month-to-month,dsl,bank_transfer,plus,never
0,37.9,95.54,3,0,1,2.3,month-to-month,fiber,electronic_check,plus,current
1,39.7,114.59,2,2,0,3.19,one-year,fiber,electronic_check,basic,never
1,29.2,44.21,1,0,0,3.68,month-to-month,fiber,credit_card,plus,past
0,60.7,95.44,3,2,1,1.51,month-to-month,dsl,electronic_check,basic,never
1,2.9,126.71,3,3,0,1.84,month-to-month,dsl,credit_card,basic,never
0,18.2,79.53,3,3,0,0.05,month-to-month,dsl,credit_card,basic,past
0,26.6,61.59,3,1,0,0.22,one-year,dsl,electronic_check,basic,never
0,3.2,109.85,2,3,1,2.11,two-year,none,electronic_check,basic,current
0,3.4,68.81,0,3,1,2.68,month-to-month,none,credit_card,basic,past
0,4.7,36.5,1,5,1,4.15,month-to-month,dsl,electronic_check,basic,current
0,3.8,33.99,1,4,2,4.02,month-to-month,none,bank_transfer,basic,never
0,4.0,50.31,2,1,1,2.8,month-to-month,fiber,electronic_check,plus,current
0,15.0,94.51,2,2,0,3.82,month-to-month,fiber,electronic_check,premium,past
0,27.8,56.67,3,2,1,1.93,two-year,dsl,electronic_check,plus,past
0,7.8,27.06,2,0,0,1.62,month-to-month,fiber,bank_transfer,plus,current
0,3.3,101.27,2,3,0,2.02,month-to-month,dsl,credit_card,basic,current
0,14.4,78.63,2,3,0,0.6,two-year,fiber,credit_card,basic,current
0,1.9,83.33,3,1,2,2.65,month-to-month,fiber,electronic_check,basic,past
0,3.1,74.91,4,2,0,1.88,month-to-month,fiber,credit_card,plus,past
0,20.9,84.24,3,1,1,2.99,month-to-month,fiber,credit_card,premium,never
0,3.4,125.9,1,4,0,1.02,one-year,none,credit_card,plus,never
0,14.9,75.52,1,2,0,2.65,month-to-month,fiber,electronic_check,basic,past
0,1.6,34.37,4,2,1,2.2,one-year,fiber,bank_transfer,basic,never
0,15.2,67.44,2,2,1,2.57,one-year,fiber,bank_transfer,basic,past
0,2.8,48.61,0,2,1,3.33,one-year,none,electronic_check,basic,never
1,49.0,111.55,2,0,1,0.62,month-to-month,fiber,electronic_check,premium,past
0,22.4,107.37,2,1,1,0.69,two-year,fiber,bank_transfer,plus,past
0,6.9,57.1,1,1,0,0.6,month-to-month,fiber,electronic_check,plus,never
0,14.7,76.87,2,1,1,3.11,month-to-month,dsl,electronic_check,basic,past
0,17.9,54.7,2,1,0,3.01,month-to-month,dsl,electronic_check,basic,past
0,12.0,42.46,2,0,2,1.0,one-year,dsl,electronic_check,plus,past
0,3.4,70.16,1,2,1,2.89,two-year,dsl,bank_transfer,basic,past
0,21.8,78.98,3,4,0,0.0,one-year,dsl,credit_card,plus,never
0,12.0,92.87,1,3,1,2.29,month-to-month,fiber,electronic_check,basic,never
0,1.6,64.75,2,1,0,4.27,two-year,fiber,bank_transfer,plus,past
0,0.9,76.4,2,1,0,2.57,month-to-month,none,electronic_check,plus,never
0,8.4,80.25,4,4,0,3.08,one-year,dsl,bank_transfer,basic,never
0,44.3,69.35,2,3,1,2.52,month-to-month,none,electronic_check,basic,current
1,4.3,75.69,1,5,1,0.94,month-to-month,dsl,electronic_check,basic,never
0,72.0,63.53,3,2,0,2.88,month-to-month,dsl,bank_transfer,basic,never
0,6.6,40.45,3,4,0,2.11,month-to-month,dsl,credit_card,basic,past
0,13.4,28.08,2,3,0,1.77,two-year,fiber,electronic_check,basic,past
0,3.0,35.59,2,1,1,1.8,month-to-month,fiber,credit_card,plus,never
0,41.1,43.04,0,1,0,4.36,month-to-month,none,electronic_check,basic,never
0,3.5,28.33,1,2,1,2.24,month-to-month,fiber,credit_card,basic,never
1,16.7,134.67,1,1,2,0.0,month-to-month,dsl,electronic_check,basic,current
0,31.0,94.96,1,5,0,0.0,month-to-month,dsl,electronic_check,basic,past
0,14.3,53.07,2,3,1,3.24,month-to-month,fiber,electronic_check,basic,never
0,49.9,72.07,0,1,0,2.67,one-year,none,electronic_check,basic,past
1,0.1,106.9,2,2,1,2.91,month-to-month,dsl,electronic_check,basic,never
0,24.0,76.75,2,2,0,5.99,two-year,fiber,electronic_check,basic,current
0,30.3,66.53,1,1,0,4.41,one-year,dsl,credit_card,basic,never
0,12.3,59.3,2,3,0,2.82,month-to-month,dsl,bank_transfer,plus,never
1,39.5,90.59,2,3,0,3.17,month-to-month,fiber,bank_transfer,premium,never
0,20.7,69.32,2,3,0,3.93,month-to-month,fiber,credit_card,basic,never
0,27.4,43.99,2,4,1,2.01,month-to-month,fiber,credit_card,plus,current
1,1.0,92.45,2,0,0,3.11,month-to-month,fiber,electronic_check,plus,never
0,15.3,64.25,2,2,0,1.89,month-to-month,dsl,electronic_check,basic,past
0,15.8,75.87,1,4,2,2.79,two-year,fiber,credit_card,basic,current
0,20.2,80.26,1,1,0,0.54,one-year,dsl,credit_card,plus,never
0,43.6,64.73,2,3,0,0.75,month-to-month,dsl,electronic_check,basic,current
1,58.3,70.49,3,3,0,0.6,month-to-month,fiber,electronic_check,basic,current
0,10.8,60.97,2,4,2,2.7,month-to-month,fiber,credit_card,plus,current
1,41.5,85.09,3,6,0,4.14,month-to-month,fiber,bank_transfer,basic,past
1,9.4,108.5,2,3,1,0.94,month-to-month,fiber,electronic_check,basic,current
0,7.7,66.93,2,1,0,1.51,two-year,fiber,electronic_check,basic,never
0,3.6,77.9,1,2,0,0.83,one-year,none,electronic_check,basic,never
0,72.0,80.97,2,4,0,1.03,month-to-month,dsl,credit_card,basic,current
0,28.5,52.82,2,2,1,0.0,month-to-month,none,credit_card,basic,never
0,18.1,24.85,2,1,0,1.68,two-year,fiber,credit_card,premium,never
0,2.9,75.14,1,4,2,4.53,month-to-month,none,bank_transfer,basic,never
0,4.6,68.78,3,1,0,0.6,month-to-month,fiber,credit_card,premium,current
0,19.3,71.16,1,4,0,1.02,month-to-month,none,credit_card,basic,past
0,20.2,94.25,1,8,0,0.92,one-year,fiber,electronic_check,basic,past
0,31.6,73.09,1,1,1,2.78,month-to-month,fiber,bank_transfer,premium,never
1,20.6,145.85,3,3,0,1.67,month-to-month,fiber,electronic_check,basic,current
0,4.1,73.06,0,1,1,2.31,month-to-month,none,credit_card,premium,never
0,15.7,73.78,2,2,1,0.83,one-year,dsl,electronic_check,basic,past
0,10.9,55.34,2,2,0,0.64,one-year,none,electronic_check,basic,never
1,14.8,69.66,4,2,0,1.15,month-to-month,fiber,electronic_check,premium,current
0,4.1,103.55,1,2,0,2.83,month-to-month,fiber,electronic_check,basic,current
0,0.8,64.39,2,2,1,4.72,month-to-month,dsl,electronic_check,basic,current
0,8.5,72.25,1,3,1,1.77,two-year,fiber,bank_transfer,basic,never
1,13.8,50.89,4,3,0,1.18,month-to-month,fiber,bank_transfer,plus,never
0,8.0,88.23,3,3,0,3.53,month-to-month,fiber,electronic_check,basic,current
0,26.6,112.07,3,2,1,3.75,one-year,dsl,electronic_check,basic,past
0,13.7,99.67,4,0,0,3.5,two-year,fiber,electronic_check,plus,never
0,6.2,46.78,3,2,0,2.67,month-to-month,dsl,bank_transfer,basic,past
0,6.3,112.82,1,2,0,3.31,one-year,dsl,electronic_check,basic,never
0,4.4,64.47,1,3,0,3.47,month-to-month,fiber,credit_card,plus,past
0,21.2,50.23,2,1,0,2.27,month-to-month,dsl,bank_transfer,premium,past
0,0.1,75.28,3,4,0,2.08,month-to-month,fiber,electronic_check,basic,never
1,9.8,43.46,2,2,0,3.62,month-to-month,fiber,credit_card,premium,never
1,6.2,112.13,2,5,1,2.99,month-to-month,none,electronic_check,basic,never
0,33.1,101.17,3,3,1,0.6,two-year,fiber,electronic_check,basic,never
0,34.4,70.62,1,2,0,2.39,one-year,dsl,electronic_check,basic,past
0,23.1,80.29,1,1,1,1.95,one-year,fiber,bank_transfer,basic,past
0,4.1,37.89,2,2,0,2.26,month-to-month,fiber,credit_card,basic,never
0,25.3,64.85,2,3,0,1.49,two-year,fiber,electronic_check,plus,current
0,12.3,73.48,2,1,0,2.3,month-to-month,none,electronic_check,basic,past
0,21.3,98.9,3,2,0,3.11,month-to-month,fiber,credit_card,premium,past
0,6.7,121.27,2,3,0,1.51,month-to-month,none,bank_transfer,plus,past
1,2.2,54.4,2,3,1,4.3,month-to-month,fiber,electronic_check,basic,never
0,27.8,83.77,2,4,0,0.85,month-to-month,fiber,electronic_check,plus,past
0,0.1,105.91,2,7,0,0.6,month-to-month,fiber,electronic_check,premium,past
0,6.3,74.32,2,3,0,0.83,one-year,fiber,electronic_check,basic,never
0,0.6,49.0,3,2,0,3.61,two-year,fiber,electronic_check,plus,past
0,15.2,85.24,2,1,0,1.18,one-year,dsl,electronic_check,premium,past
0,0.5,79.39,0,1,0,2.58,month-to-month,none,credit_card,basic,never
0,21.2,43.33,2,1,2,3.84,month-to-month,fiber,credit_card,plus,never
0,21.5,79.82,2,2,0,0.6,one-year,fiber,electronic_check,basic,past
0,15.0,65.83,3,4,0,3.33,one-year,dsl,bank_transfer,basic,past
1,6.0,82.78,1,2,1,0.6,month-to-month,fiber,electronic_check,basic,never
0,68.8,59.57,1,2,1,0.64,one-year,dsl,electronic_check,basic,past
0,6.9,54.83,2,1,0,1.7,month-to-month,dsl,credit_card,premium,past
0,11.3,47.75,2,0,1,2.28,month-to-month,fiber,electronic_check,plus,current
0,2.3,80.69,1,4,1,1.55,month-to-month,dsl,electronic_check,basic,never
0,2.8,71.66,1,0,0,1.43,month-to-month,dsl,electronic_check,plus,past
0,5.6,75.74,2,2,0,1.77,two-year,dsl,electronic_check,basic,past
1,32.4,93.29,4,1,0,3.04,month-to-month,fiber,electronic_check,premium,never
0,0.6,72.61,3,1,0,2.19,month-to-month,fiber,electronic_check,plus,never
0,5.3,90.05,3,3,2,5.34,month-to-month,fiber,bank_transfer,basic,past
0,2.9,61.84,2,0,2,2.93,month-to-month,none,bank_transfer,premium,past
0,0.7,111.78,3,4,0,2.41,month-to-month,dsl,electronic_check,plus,past
0,7.5,117.48,2,1,0,1.16,one-year,dsl,credit_card,plus,past
1,25.5,79.93,1,2,0,0.1,month-to-month,none,electronic_check,basic,never
0,39.9,21.85,2,1,1,2.75,one-year,dsl,bank_transfer,basic,never
0,7.9,87.28,1,0,1,1.6,one-year,fiber,electronic_check,plus,past
1,3.3,25.83,2,3,0,3.81,month-to-month,fiber,bank_transfer,plus,past
0,2.6,60.02,2,3,1,2.25,month-to-month,dsl,electronic_check,basic,never
0,50.2,89.9,2,1,1,4.46,month-to-month,fiber,electronic_check,plus,past
0,29.0,85.73,2,0,1,1.35,one-year,dsl,electronic_check,plus,past
0,1.9,33.33,1,2,0,2.08,month-to-month,fiber,electronic_check,basic,never
0,19.6,112.38,1,2,1,3.13,one-year,fiber,credit_card,basic,never
0,2.4,51.89,2,1,1,3.27,month-to-month,fiber,electronic_check,basic,past
0,4.3,101.95,1,0,0,2.39,month-to-month,none,electronic_check,plus,current
0,3.4,83.33,1,5,0,1.49,month-to-month,dsl,bank_transfer,basic,past
0,5.8,89.95,2,3,1,1.63,month-to-month,fiber,bank_transfer,basic,past
1,8.1,75.19,2,4,0,3.81,one-year,fiber,electronic_check,basic,past
0,16.0,38.15,3,1,0,2.1,month-to-month,fiber,electronic_check,basic,past
0,11.4,89.32,1,1,1,3.7,month-to-month,fiber,electronic_check,premium,past
0,1.7,99.66,2,4,1,2.11,month-to-month,fiber,credit_card,basic,past
0,10.0,76.39,3,3,1,1.34,month-to-month,dsl,credit_card,plus,past
0,6.1,44.45,2,0,0,3.19,month-to-month,dsl,credit_card,premium,past
1,10.1,106.25,4,2,0,1.99,one-year,fiber,bank_transfer,premium,past
0,9.6,67.26,1,1,1,2.26,month-to-month,dsl,electronic_check,plus,current
0,0.9,10.0,1,3,1,2.13,month-to-month,fiber,credit_card,basic,never
0,0.9,73.41,1,3,0,2.63,month-to-month,fiber,electronic_check,basic,never
0,26.1,52.68,2,2,3,1.92,month-to-month,fiber,bank_transfer,basic,never
0,9.5,71.63,1,3,0,1.09,two-year,none,electronic_check,basic,past
0,17.5,49.34,2,2,1,1.72,month-to-month,dsl,credit_card,plus,never
0,8.7,69.94,2,3,0,1.55,month-to-month,fiber,electronic_check,basic,never
1,9.0,111.19,3,2,0,3.49,one-year,fiber,electronic_check,basic,never
0,5.3,31.28,1,3,1,3.34,month-to-month,fiber,bank_transfer,basic,past
0,8.2,64.68,2,2,0,4.3,month-to-month,fiber,credit_card,plus,current
0,48.7,65.1,3,2,0,2.73,two-year,dsl,electronic_check,plus,current
0,0.4,118.35,3,2,1,0.62,one-year,dsl,credit_card,basic,current
1,15.2,70.46,2,5,0,1.75,month-to-month,dsl,credit_card,basic,past
0,16.0,56.86,2,2,0,0.46,month-to-month,dsl,electronic_check,premium,past
0,31.8,22.79,2,1,1,2.08,month-to-month,fiber,electronic_check,plus,never
0,22.2,27.77,2,1,0,1.39,month-to-month,dsl,electronic_check,plus,past
0,16.0,56.9,2,2,0,3.56,one-year,fiber,electronic_check,plus,past
0,4.3,54.42,3,3,1,2.96,one-year,fiber,credit_card,basic,never
0,23.8,71.33,3,3,0,4.0,month-to-month,dsl,bank_transfer,basic,never
0,1.7,58.77,2,1,1,2.87,month-to-month,dsl,bank_transfer,basic,never
0,20.0,85.87,2,2,1,1.71,month-to-month,dsl,electronic_check,basic,never
1,15.2,120.18,1,1,0,3.18,one-year,dsl,bank_transfer,basic,past
0,6.9,100.19,1,0,1,2.1,one-year,none,bank_transfer,premium,current
0,3.0,97.01,3,2,1,2.5,month-to-month,dsl,electronic_check,basic,past
0,0.9,55.26,2,2,0,2.18,month-to-month,fiber,bank_transfer,basic,never
0,0.1,47.77,2,1,0,0.83,month-to-month,fiber,electronic_check,plus,current
0,13.5,46.52,2,3,1,1.81,month-to-month,dsl,bank_transfer,plus,past
0,21.4,73.1,3,3,0,3.5,month-to-month,fiber,bank_transfer,basic,never
0,8.9,64.02,1,2,0,4.1,month-to-month,fiber,bank_transfer,basic,current
0,5.6,75.54,2,2,0,5.25,two-year,fiber,electronic_check,basic,past
0,22.3,51.86,1,1,0,5.44,month-to-month,dsl,electronic_check,premium,current
0,8.5,88.86,1,2,0,3.04,month-to-month,none,electronic_check,basic,past
0,55.0,69.5,3,3,1,2.77,month-to-month,dsl,bank_transfer,basic,current
0,20.3,107.76,3,2,0,1.09,two-year,fiber,electronic_check,basic,past
0,14.5,74.64,4,2,1,1.87,month-to-month,dsl,credit_card,basic,never
0,2.2,66.07,2,0,0,0.63,month-to-month,dsl,bank_transfer,premium,never
0,5.6,79.24,2,2,1,0.6,two-year,fiber,credit_card,plus,current
0,35.4,68.9,2,1,2,2.43,month-to-month,fiber,electronic_check,plus,past
0,5.6,59.29,2,2,0,1.24,month-to-month,fiber,electronic_check,basic,never
0,32.0,89.94,3,5,0,1.25,month-to-month,dsl,electronic_check,basic,past
0,29.4,83.24,2,4,0,0.62,month-to-month,fiber,credit_card,basic,past
0,59.3,87.0,2,0,0,4.38,month-to-month,dsl,bank_transfer,plus,never
0,6.8,79.09,3,1,1,1.49,one-year,dsl,electronic_check,plus,current
0,3.7,50.35,1,1,1,1.16,month-to-month,dsl,bank_transfer,basic,never
0,20.8,83.61,1,2,1,3.44,month-to-month,fiber,electronic_check,plus,past
0,2.2,30.41,2,1,1,2.82,one-year,dsl,electronic_check,plus,never
0,8.5,92.72,3,3,0,2.09,month-to-month,dsl,bank_transfer,basic,current
1,11.0,76.99,4,2,2,1.19,month-to-month,dsl,credit_card,premium,never
0,72.0,71.74,2,3,0,4.25,month-to-month,fiber,electronic_check,basic,past
1,3.4,92.32,2,2,0,1.85,month-to-month,fiber,bank_transfer,basic,current
0,69.3,89.05,1,3,0,2.62,two-year,fiber,credit_card,basic,current
0,72.0,107.13,2,0,1,1.91,two-year,fiber,electronic_check,plus,past
0,8.3,73.06,2,2,0,0.86,one-year,dsl,electronic_check,basic,current
1,14.3,89.99,3,1,0,3.32,month-to-month,fiber,electronic_check,basic,past
0,1.4,61.81,2,4,0,2.6,one-year,dsl,bank_transfer,basic,past
0,16.0,54.2,0,3,1,1.76,month-to-month,none,electronic_check,basic,never
0,8.4,48.05,2,2,1,2.29,two-year,fiber,credit_card,basic,current
0,2.0,77.82,1,4,0,2.1,month-to-month,fiber,credit_card,basic,past
0,8.8,60.39,2,1,0,2.84,one-year,fiber,electronic_check,premium,never
0,2.2,36.36,3,0,0,1.59,one-year,dsl,electronic_check,plus,current
0,49.8,77.76,2,1,0,3.43,month-to-month,none,electronic_check,premium,never
0,18.3,75.38,3,2,2,3.13,month-to-month,fiber,electronic_check,basic,never
0,8.8,82.5,1,2,0,0.93,month-to-month,none,electronic_check,premium,never
0,36.6,58.09,2,2,1,2.43,two-year,fiber,electronic_check,basic,current
0,7.1,44.24,3,2,0,4.87,month-to-month,fiber,electronic_check,basic,never
0,16.8,16.49,2,1,0,1.65,month-to-month,fiber,electronic_check,plus,current
1,20.2,64.75,1,1,0,5.07,one-year,fiber,electronic_check,plus,past
0,4.2,33.82,1,2,1,0.89,one-year,none,electronic_check,basic,never
0,18.4,76.43,2,2,2,4.02,month-to-month,dsl,bank_transfer,basic,never
0,3.2,76.48,1,2,0,0.36,month-to-month,dsl,credit_card,basic,never
0,13.9,48.07,2,1,1,3.04,one-year,fiber,electronic_check,basic,never
0,5.7,93.09,3,3,2,2.77,month-to-month,fiber,bank_transfer,plus,current
0,40.1,54.33,1,1,1,1.19,month-to-month,dsl,credit_card,basic,current
0,47.0,15.26,2,2,0,5.3,two-year,fiber,bank_transfer,plus,current
0,2.6,89.5,2,3,1,0.0,month-to-month,dsl,electronic_check,basic,current
0,5.2,66.34,1,4,1,1.81,two-year,fiber,electronic_check,basic,current
0,24.4,42.94,0,2,0,0.0,month-to-month,none,credit_card,plus,never
1,16.5,16.4,3,2,1,2.33,one-year,dsl,electronic_check,basic,past
0,12.9,58.35,4,3,0,0.73,month-to-month,fiber,electronic_check,premium,never
0,14.9,57.81,3,2,0,1.96,month-to-month,dsl,electronic_check,basic,never
0,0.2,96.58,1,1,1,3.63,month-to-month,fiber,credit_card,basic,never
0,7.3,57.69,4,2,0,0.47,month-to-month,dsl,electronic_check,basic,past
0,2.3,82.97,2,3,0,4.38,month-to-month,dsl,credit_card,basic,never
0,23.2,102.84,3,3,0,1.06,month-to-month,fiber,electronic_check,basic,current
0,11.2,62.15,0,0,0,0.93,month-to-month,none,bank_transfer,premium,past
0,33.7,59.75,1,0,0,2.21,two-year,dsl,credit_card,plus,never
0,6.1,118.17,1,2,0,2.78,month-to-month,fiber,electronic_check,plus,current
0,19.8,72.14,2,1,1,0.0,month-to-month,dsl,bank_transfer,basic,current
0,18.5,55.58,1,1,0,4.24,month-to-month,fiber,electronic_check,plus,never
0,11.1,43.53,2,2,1,3.53,month-to-month,fiber,electronic_check,basic,never
0,29.2,62.62,2,3,0,0.7,month-to-month,none,bank_transfer,basic,past
1,15.5,65.7,2,2,0,2.37,one-year,dsl,electronic_check,basic,past
0,20.7,63.43,1,0,0,2.36,month-to-month,dsl,credit_card,premium,past
0,3.3,98.53,2,3,1,4.03,month-to-month,fiber,bank_transfer,basic,current
1,33.1,80.29,2,0,1,2.19,one-year,fiber,electronic_check,plus,never
0,24.4,92.86,4,4,1,0.81,two-year,dsl,electronic_check,premium,past
0,27.3,40.02,2,2,0,0.0,month-to-month,dsl,bank_transfer,basic,current
0,17.0,111.07,1,2,0,2.64,month-to-month,dsl,bank_transfer,basic,past
0,50.3,96.25,1,2,1,1.97,month-to-month,none,credit_card,plus,current
1,26.4,59.55,3,1,1,3.35,two-year,dsl,credit_card,basic,never
0,31.7,77.32,3,2,0,1.32,month-to-month,fiber,bank_transfer,premium,past
1,32.1,92.54,2,3,0,2.48,month-to-month,dsl,credit_card,plus,current
0,43.1,90.7,2,2,0,2.63,one-year,fiber,electronic_check,basic,current
0,15.1,64.11,3,3,0,3.88,month-to-month,fiber,credit_card,basic,past
1,13.6,63.33,2,2,1,2.45,month-to-month,dsl,electronic_check,plus,past
0,72.0,71.04,2,1,1,2.65,month-to-month,dsl,bank_transfer,plus,past
0,27.7,100.46,2,3,3,0.0,month-to-month,none,credit_card,basic,current
0,3.7,36.92,4,2,1,1.37,one-year,dsl,bank_transfer,plus,past
0,60.0,59.78,2,5,1,1.0,one-year,fiber,bank_transfer,plus,past
0,32.0,102.72,2,2,1,1.89,one-year,fiber,electronic_check,basic,current
0,17.3,70.09,2,3,0,1.48,one-year,dsl,credit_card,plus,past
0,17.3,80.28,2,3,1,2.55,month-to-month,dsl,credit_card,basic,current
0,22.7,86.62,2,1,0,0.09,month-to-month,dsl,credit_card,plus,never
0,64.1,10.17,3,2,1,1.23,one-year,fiber,bank_transfer,basic,past
0,16.2,89.14,2,4,0,2.24,month-to-month,fiber,bank_transfer,basic,past
0,47.3,121.77,3,1,1,1.28,two-year,dsl,electronic_check,plus,never
0,4.8,55.04,3,0,0,1.49,two-year,dsl,bank_transfer,plus,current
0,46.3,64.01,1,1,0,2.32,month-to-month,none,electronic_check,basic,never
1,0.5,98.96,1,5,2,2.33,month-to-month,fiber,electronic_check,basic,never
0,4.0,110.07,2,1,1,1.69,one-year,fiber,electronic_check,plus,current
0,28.7,64.77,2,1,0,2.1,one-year,fiber,electronic_check,basic,never
0,0.8,76.15,2,2,1,3.15,two-year,fiber,electronic_check,premium,never
0,59.9,115.5,3,3,1,1.47,two-year,fiber,electronic_check,plus,never
0,3.0,83.69,2,2,0,3.4,month-to-month,dsl,credit_card,premium,past
0,32.1,68.51,1,0,0,0.6,month-to-month,fiber,electronic_check,premium,past
1,1.1,108.01,2,2,1,0.71,month-to-month,none,electronic_check,premium,past
1,16.2,66.92,1,3,3,3.23,month-to-month,fiber,electronic_check,basic,past
0,5.6,66.4,4,3,0,2.92,two-year,fiber,electronic_check,plus,never
1,38.3,85.59,3,1,1,2.67,one-year,fiber,electronic_check,basic,past
0,39.0,75.37,2,1,0,1.68,month-to-month,fiber,electronic_check,plus,past
0,42.1,48.96,1,3,0,3.66,month-to-month,fiber,electronic_check,plus,past
0,45.4,46.18,2,3,1,2.05,month-to-month,fiber,electronic_check,plus,past
0,17.2,87.27,2,3,1,3.48,two-year,dsl,electronic_check,basic,never
0,8.3,64.78,2,2,1,1.13,two-year,dsl,electronic_check,basic,current
0,19.7,112.41,2,4,1,4.51,two-year,fiber,electronic_check,basic,past
0,35.4,69.02,1,2,1,2.52,month-to-month,dsl,credit_card,plus,never
0,21.6,33.8,0,1,0,2.09,month-to-month,none,bank_transfer,plus,current
0,6.5,97.49,3,3,0,2.9,one-year,fiber,credit_card,basic,past
0,14.3,39.07,3,2,0,1.03,month-to-month,fiber,credit_card,basic,never
0,38.5,85.62,2,1,0,2.49,one-year,fiber,credit_card,basic,never
0,16.6,41.43,2,3,1,4.97,month-to-month,fiber,credit_card,basic,current
0,12.6,63.93,1,3,0,2.5,month-to-month,none,electronic_check,premium,never
0,16.3,10.69,2,3,0,0.0,two-year,dsl,electronic_check,basic,current
0,10.3,85.26,4,2,0,1.57,two-year,dsl,bank_transfer,basic,never
0,17.5,89.27,2,3,0,0.79,one-year,dsl,bank_transfer,basic,past
0,66.9,55.49,1,3,0,1.67,month-to-month,none,credit_card,basic,past
0,5.9,107.01,1,2,0,1.92,month-to-month,fiber,electronic_check,basic,past
0,7.4,72.69,1,1,1,0.48,month-to-month,dsl,electronic_check,basic,never
0,10.8,45.61,2,6,2,6.92,month-to-month,fiber,credit_card,basic,past
0,5.1,78.07,3,2,0,1.64,two-year,dsl,electronic_check,basic,never
0,26.4,63.32,2,3,2,3.15,month-to-month,none,electronic_check,plus,past
0,34.0,50.47,2,2,0,1.18,month-to-month,fiber,electronic_check,basic,past
0,2.8,85.5,4,2,1,1.4,one-year,dsl,electronic_check,basic,past
0,11.1,95.8,2,2,2,1.73,month-to-month,dsl,bank_transfer,basic,current
0,24.0,96.96,2,1,0,1.2,month-to-month,none,electronic_check,premium,never
0,23.0,40.59,1,3,1,1.96,two-year,none,credit_card,basic,past
0,1.2,45.64,1,1,0,4.49,month-to-month,fiber,electronic_check,basic,current
1,5.1,76.44,2,5,2,1.14,month-to-month,dsl,electronic_check,plus,past
0,22.4,107.3,1,2,1,2.6,one-year,fiber,credit_card,basic,past
0,0.7,48.54,3,1,1,5.45,month-to-month,fiber,electronic_check,basic,past
0,19.9,62.13,0,2,1,0.03,one-year,none,bank_transfer,basic,past
1,3.1,79.77,2,3,0,1.91,one-year,none,bank_transfer,basic,never
0,3.1,100.2,4,2,1,2.64,one-year,fiber,bank_transfer,plus,past
0,8.6,57.35,2,2,0,3.21,two-year,dsl,electronic_check,plus,never
1,10.6,72.76,3,1,0,1.94,month-to-month,dsl,credit_card,plus,past
0,5.2,68.8,2,2,0,0.6,one-year,fiber,electronic_check,basic,never
0,23.8,29.17,2,0,0,0.68,month-to-month,none,credit_card,plus,never
0,2.0,46.7,2,2,0,4.63,month-to-month,dsl,electronic_check,basic,current
0,4.2,32.79,2,4,1,1.91,two-year,none,electronic_check,basic,current
0,30.4,99.24,1,3,1,0.77,two-year,dsl,credit_card,basic,past
0,0.3,87.39,1,1,0,1.85,month-to-month,dsl,bank_transfer,basic,current
0,6.3,118.36,1,2,0,2.07,one-year,fiber,bank_transfer,premium,never
0,20.0,72.91,2,4,1,3.69,month-to-month,none,electronic_check,basic,never
0,6.9,58.02,2,2,0,1.86,month-to-month,dsl,bank_transfer,plus,never
0,5.9,28.17,2,4,0,2.38,month-to-month,dsl,electronic_check,basic,past
0,27.9,82.6,3,3,1,0.5,two-year,dsl,electronic_check,basic,past
1,2.6,74.02,2,2,0,2.04,month-to-month,fiber,bank_transfer,basic,current
0,60.0,111.68,3,1,2,0.63,one-year,dsl,bank_transfer,basic,current
0,38.8,47.64,1,5,1,2.52,month-to-month,dsl,credit_card,basic,past
0,6.8,36.78,2,2,2,0.82,month-to-month,fiber,bank_transfer,basic,past
0,0.7,69.45,1,2,0,3.93,month-to-month,none,bank_transfer,basic,past
0,0.7,45.35,1,3,1,3.64,two-year,none,bank_transfer,basic,past
0,16.5,61.72,2,2,2,2.08,one-year,dsl,electronic_check,basic,never
0,31.3,65.34,1,2,1,3.46,month-to-month,fiber,electronic_check,basic,never
0,1.9,65.68,1,1,0,2.73,two-year,fiber,electronic_check,basic,past
0,17.2,88.51,1,2,2,3.28,month-to-month,fiber,bank_transfer,basic,current
0,11.4,68.95,1,2,0,2.53,month-to-month,dsl,electronic_check,basic,current
0,19.3,53.2,1,1,0,2.17,one-year,fiber,electronic_check,premium,never
0,9.3,49.96,2,1,1,3.16,one-year,fiber,bank_transfer,basic,past
0,0.9,42.4,3,2,1,1.21,two-year,dsl,electronic_check,premium,past
0,25.9,36.48,2,3,0,2.64,month-to-month,dsl,credit_card,basic,past
0,11.4,101.22,3,3,0,2.18,month-to-month,none,credit_card,basic,past
1,10.5,70.85,3,1,2,4.39,month-to-month,fiber,credit_card,basic,past
0,62.1,55.29,3,1,1,0.95,month-to-month,fiber,electronic_check,plus,current
1,17.1,44.37,2,1,0,3.08,month-to-month,fiber,electronic_check,basic,never
0,20.3,98.39,2,0,2,0.84,one-year,fiber,electronic_check,plus,never
0,14.8,53.47,4,0,1,2.42,one-year,dsl,electronic_check,premium,never
0,11.1,69.23,0,2,1,1.89,month-to-month,none,bank_transfer,plus,never
0,8.4,78.84,2,2,0,1.29,month-to-month,fiber,electronic_check,basic,never
0,1.8,67.31,2,2,1,0.0,month-to-month,dsl,credit_card,basic,current
0,67.0,85.74,3,2,0,4.45,month-to-month,fiber,credit_card,basic,past
0,20.4,33.14,2,0,0,1.92,month-to-month,dsl,bank_transfer,plus,past
1,33.1,70.4,1,4,1,2.69,month-to-month,none,bank_transfer,plus,never
0,31.2,79.64,1,3,2,3.41,one-year,dsl,electronic_check,plus,never
0,10.6,16.61,2,4,1,2.26,one-year,dsl,credit_card,plus,never
0,12.8,89.61,2,1,0,3.24,one-year,fiber,bank_transfer,plus,current
0,0.4,77.68,1,1,0,2.95,month-to-month,dsl,bank_transfer,premium,never
1,53.7,57.82,1,1,0,2.84,month-to-month,fiber,electronic_check,basic,past
0,4.7,58.64,3,0,1,2.27,month-to-month,none,electronic_check,plus,past
1,1.0,54.24,3,2,0,2.45,two-year,dsl,electronic_check,basic,never
0,34.0,95.83,1,4,0,2.06,one-year,none,electronic_check,premium,past
1,16.6,76.01,3,1,1,4.75,one-year,fiber,electronic_check,basic,never
0,5.5,75.96,3,1,1,2.16,month-to-month,dsl,electronic_check,premium,current
0,28.0,48.24,3,2,0,0.32,month-to-month,dsl,electronic_check,plus,past
0,24.2,86.4,3,3,0,3.31,two-year,dsl,electronic_check,basic,never
1,9.0,112.35,3,2,0,2.04,month-to-month,fiber,bank_transfer,basic,past
0,72.0,91.06,3,1,0,1.6,two-year,fiber,bank_transfer,basic,current
0,8.8,92.78,3,2,1,3.04,month-to-month,dsl,credit_card,plus,never
0,9.5,38.06,3,3,1,3.46,one-year,fiber,electronic_check,basic,past
0,11.7,82.27,2,3,1,4.91,month-to-month,fiber,credit_card,basic,past
1,26.0,68.4,1,1,1,2.88,month-to-month,fiber,electronic_check,plus,past
0,21.1,57.53,2,3,0,4.18,month-to-month,dsl,electronic_check,premium,never
0,9.2,115.43,0,5,1,0.0,month-to-month,none,electronic_check,basic,never
0,25.8,74.18,2,2,1,2.88,month-to-month,fiber,bank_transfer,basic,never
0,4.6,53.78,1,2,0,2.64,two-year,dsl,bank_transfer,plus,past
0,28.4,78.22,3,1,0,1.97,two-year,fiber,electronic_check,basic,past
0,7.9,82.04,2,2,2,2.76,two-year,dsl,credit_card,basic,current
1,26.2,122.54,2,1,1,2.28,month-to-month,fiber,credit_card,basic,current
0,25.6,44.62,0,4,0,3.66,month-to-month,none,electronic_check,basic,current
0,21.3,108.53,2,2,0,2.22,one-year,fiber,electronic_check,basic,never
1,27.6,49.92,1,2,1,3.87,month-to-month,fiber,electronic_check,plus,past
0,13.7,32.82,2,1,0,2.12,month-to-month,dsl,credit_card,basic,never
0,0.2,108.44,2,1,0,2.11,one-year,dsl,credit_card,basic,current
0,0.1,63.01,3,2,2,2.32,one-year,fiber,electronic_check,plus,current
0,16.4,59.41,1,3,1,2.98,one-year,fiber,electronic_check,basic,never
0,50.1,37.92,2,2,0,1.74,month-to-month,none,electronic_check,basic,never
0,38.2,59.67,2,2,0,3.22,month-to-month,dsl,credit_card,basic,never
0,8.9,32.59,1,3,1,0.0,two-year,none,bank_transfer,basic,past
0,4.9,84.8,2,4,0,1.05,month-to-month,fiber,credit_card,basic,current
1,72.0,112.3,2,2,1,2.36,month-to-month,fiber,electronic_check,basic,never
0,40.2,92.34,3,2,1,1.01,month-to-month,dsl,electronic_check,basic,current
0,12.2,72.53,2,2,0,2.4,one-year,fiber,bank_transfer,premium,never
1,3.6,44.88,1,0,0,4.08,one-year,dsl,electronic_check,plus,never
0,10.8,60.11,3,3,2,0.35,month-to-month,dsl,electronic_check,basic,never
0,5.9,55.53,2,2,1,0.19,two-year,dsl,electronic_check,premium,never
0,15.9,75.1,2,3,0,2.25,two-year,dsl,bank_transfer,premium,never
0,7.9,34.13,3,2,2,2.92,month-to-month,fiber,electronic_check,basic,never
0,10.2,89.36,2,1,0,2.83,month-to-month,fiber,electronic_check,plus,current
0,9.3,107.48,2,0,1,1.92,two-year,dsl,electronic_check,premium,never
0,13.2,72.29,4,2,1,1.11,month-to-month,fiber,electronic_check,basic,never
0,12.0,103.21,3,3,1,3.48,one-year,dsl,electronic_check,basic,current
1,4.8,57.59,1,0,0,3.74,month-to-month,fiber,electronic_check,plus,past
0,4.9,52.53,2,3,0,4.0,month-to-month,fiber,electronic_check,basic,never
0,63.7,62.8,4,2,0,3.16,month-to-month,fiber,bank_transfer,basic,current
0,19.1,61.68,2,2,0,3.27,one-year,fiber,credit_card,plus,never
0,3.1,80.41,2,3,0,1.05,one-year,none,bank_transfer,basic,past
1,13.9,64.27,1,4,3,3.12,month-to-month,dsl,credit_card,basic,never
0,2.8,93.17,1,3,0,3.52,one-year,fiber,electronic_check,plus,never
0,46.1,70.11,1,1,1,1.85,one-year,dsl,electronic_check,basic,never
0,71.2,67.35,2,7,2,2.58,one-year,dsl,electronic_check,basic,past
0,7.9,34.35,3,0,1,3.19,month-to-month,fiber,bank_transfer,plus,current
0,2.6,60.44,2,1,1,2.26,one-year,dsl,credit_card,plus,past
0,4.5,78.34,2,4,1,2.3,month-to-month,fiber,credit_card,plus,never
0,62.7,101.16,2,2,1,5.62,one-year,dsl,electronic_check,basic,current
0,9.9,17.41,1,1,0,0.0,one-year,dsl,bank_transfer,basic,past
0,1.9,21.25,2,2,0,2.9,two-year,dsl,electronic_check,plus,never
0,10.6,10.0,2,3,1,3.14,month-to-month,dsl,bank_transfer,basic,past
1,0.6,105.35,2,2,0,2.05,month-to-month,dsl,bank_transfer,plus,past
0,5.5,66.46,3,2,0,1.51,two-year,dsl,electronic_check,basic,current
0,20.0,83.5,3,2,0,2.17,month-to-month,dsl,electronic_check,basic,current
0,5.5,43.51,2,1,1,2.01,one-year,fiber,credit_card,basic,never
0,3.4,71.51,1,2,2,2.75,month-to-month,fiber,electronic_check,plus,never
0,21.6,40.3,1,3,1,4.29,month-to-month,fiber,electronic_check,plus,never
0,0.1,55.96,3,3,0,3.46,month-to-month,none,electronic_check,basic,never
0,67.8,44.53,3,1,0,2.24,month-to-month,fiber,electronic_check,basic,past
0,1.0,77.9,3,2,2,4.27,two-year,fiber,electronic_check,plus,current
0,40.0,99.57,2,0,0,3.01,month-to-month,fiber,electronic_check,plus,never
0,48.1,80.62,1,1,0,2.53,month-to-month,fiber,electronic_check,basic,past
0,9.0,66.77,3,2,1,3.58,month-to-month,fiber,electronic_check,premium,current
0,64.4,85.24,2,2,0,3.07,month-to-month,dsl,bank_transfer,plus,past
1,6.9,83.27,2,1,2,2.22,month-to-month,dsl,electronic_check,basic,current
0,13.2,62.92,3,3,0,2.74,two-year,fiber,electronic_check,basic,never
0,20.9,79.65,1,4,1,3.61,one-year,fiber,electronic_check,basic,past
0,72.0,39.51,1,1,1,2.42,two-year,none,credit_card,basic,never
0,12.3,89.9,3,1,1,3.91,month-to-month,fiber,credit_card,basic,never
0,13.4,53.77,1,2,0,3.35,two-year,none,electronic_check,basic,past
0,55.3,121.09,3,4,2,2.07,one-year,fiber,bank_transfer,basic,never
1,24.7,75.27,1,2,0,3.48,month-to-month,fiber,electronic_check,basic,never
0,15.5,123.35,2,2,0,1.86,two-year,dsl,credit_card,basic,past
0,2.3,79.4,1,5,0,2.41,two-year,none,credit_card,basic,never
0,3.2,51.38,2,1,1,1.29,two-year,dsl,credit_card,basic,never
0,10.3,106.64,3,2,0,1.5,month-to-month,dsl,electronic_check,plus,past
0,12.6,79.14,1,1,1,0.0,month-to-month,dsl,bank_transfer,basic,never
0,43.7,49.43,2,2,1,3.11,two-year,fiber,credit_card,plus,past
1,68.2,119.74,0,1,0,2.14,month-to-month,none,electronic_check,basic,never
0,0.7,80.31,2,2,0,3.07,one-year,fiber,electronic_check,basic,past
0,48.3,93.5,3,0,2,2.0,month-to-month,fiber,bank_transfer,plus,never
0,30.9,21.5,2,4,1,4.0,month-to-month,fiber,electronic_check,premium,past
1,27.6,43.49,4,3,2,4.92,month-to-month,fiber,electronic_check,basic,past
0,15.3,77.1,0,1,0,1.93,month-to-month,none,bank_transfer,basic,never
0,8.1,54.49,0,6,0,2.66,month-to-month,none,electronic_check,basic,past
0,21.7,72.02,1,1,1,4.48,month-to-month,fiber,bank_transfer,basic,never
0,21.9,88.2,1,1,3,3.18,one-year,none,bank_transfer,plus,never
0,44.2,62.65,2,1,0,0.6,month-to-month,fiber,credit_card,basic,never
0,41.1,119.24,1,1,1,2.72,month-to-month,fiber,electronic_check,basic,current
1,9.7,84.54,2,4,0,0.06,month-to-month,dsl,bank_transfer,basic,never
0,1.4,105.76,3,2,2,2.83,one-year,fiber,bank_transfer,plus,current
0,1.9,74.41,2,2,0,3.04,month-to-month,dsl,electronic_check,plus,never
0,26.6,56.59,1,2,1,1.13,one-year,fiber,bank_transfer,plus,current
0,16.9,66.73,2,1,1,1.78,one-year,dsl,electronic_check,basic,past
0,10.8,86.92,3,2,1,0.83,month-to-month,fiber,electronic_check,basic,past
0,9.9,24.07,1,4,0,1.34,one-year,dsl,credit_card,premium,never
0,5.1,50.97,3,4,0,1.01,month-to-month,dsl,bank_transfer,plus,current
0,33.8,58.74,3,2,2,1.96,month-to-month,fiber,electronic_check,basic,past
0,29.4,79.13,2,1,2,1.55,two-year,fiber,bank_transfer,basic,current
0,52.5,48.93,1,0,1,2.22,one-year,fiber,electronic_check,premium,never
0,17.7,53.05,2,5,1,1.8,one-year,fiber,electronic_check,basic,never
0,60.9,58.39,2,4,0,2.2,two-year,fiber,bank_transfer,plus,current
0,19.6,66.1,2,3,0,4.43,month-to-month,fiber,electronic_check,basic,past
0,15.7,63.06,1,3,0,2.43,month-to-month,dsl,bank_transfer,plus,never
0,5.4,73.2,1,3,0,2.12,one-year,fiber,electronic_check,basic,never
1,67.4,92.59,3,1,2,3.54,month-to-month,fiber,electronic_check,basic,past
0,10.1,35.27,2,5,1,1.8,two-year,dsl,electronic_check,basic,past
0,6.1,88.83,1,1,0,2.63,two-year,fiber,electronic_check,plus,past
0,0.9,69.65,2,3,1,5.44,month-to-month,fiber,electronic_check,plus,past
0,6.0,105.46,2,2,0,0.6,two-year,fiber,electronic_check,plus,past
0,2.4,85.48,2,1,0,3.06,month-to-month,dsl,electronic_check,basic,past
0,22.6,62.02,2,2,1,0.92,one-year,fiber,credit_card,premium,never
0,13.7,40.86,2,5,0,3.59,one-year,fiber,electronic_check,basic,never
0,25.8,10.0,1,6,0,1.7,one-year,dsl,credit_card,basic,past
0,21.1,105.29,1,1,0,0.34,month-to-month,none,credit_card,basic,past
0,10.2,76.11,2,2,1,2.11,two-year,dsl,electronic_check,basic,current
0,59.0,54.27,2,3,1,1.51,one-year,fiber,electronic_check,basic,past
0,1.0,63.47,2,2,1,1.94,month-to-month,fiber,bank_transfer,basic,current
0,37.9,43.37,2,2,0,2.35,month-to-month,none,electronic_check,basic,past
0,22.8,76.99,1,2,0,1.54,month-to-month,dsl,electronic_check,basic,never
0,9.5,47.0,3,3,0,0.82,month-to-month,dsl,bank_transfer,basic,never
0,16.5,84.58,4,3,0,0.6,one-year,fiber,bank_transfer,basic,never
0,0.5,37.62,1,1,0,2.88,one-year,dsl,credit_card,basic,never
0,11.6,40.2,1,2,0,2.31,month-to-month,fiber,electronic_check,basic,current
0,8.7,76.45,1,2,0,3.04,one-year,fiber,electronic_check,basic,current
0,13.1,73.32,1,2,0,1.73,month-to-month,none,electronic_check,premium,never
0,6.4,64.9,2,1,1,2.27,month-to-month,fiber,credit_card,plus,past
0,0.4,101.68,1,2,2,0.02,month-to-month,dsl,bank_transfer,plus,current
0,39.0,71.39,3,4,2,0.91,one-year,dsl,credit_card,basic,past
0,15.3,31.58,0,4,0,1.67,one-year,none,bank_transfer,premium,past
0,14.5,77.01,2,2,1,1.43,month-to-month,none,bank_transfer,basic,never
0,33.5,27.77,3,3,0,3.23,two-year,fiber,credit_card,basic,never
0,7.7,76.03,3,1,0,1.47,one-year,fiber,electronic_check,basic,current
0,8.8,69.68,2,4,2,1.28,two-year,dsl,electronic_check,premium,never
0,9.3,29.72,3,2,1,3.24,two-year,dsl,bank_transfer,basic,current
0,11.7,102.79,2,4,1,2.48,month-to-month,none,electronic_check,basic,never
0,9.3,38.16,1,1,0,3.36,month-to-month,fiber,electronic_check,premium,never
0,54.3,69.77,3,0,0,3.68,month-to-month,dsl,electronic_check,plus,never
0,34.2,69.46,1,4,1,3.81,one-year,fiber,electronic_check,plus,past
0,16.4,74.02,1,4,0,2.27,two-year,none,bank_transfer,plus,past
0,13.0,86.26,3,1,0,4.4,month-to-month,fiber,bank_transfer,plus,never
0,0.6,64.39,3,5,0,2.01,month-to-month,fiber,bank_transfer,basic,never
0,21.0,87.42,3,2,0,2.44,one-year,fiber,bank_transfer,plus,current
0,3.6,101.19,3,3,1,3.95,two-year,fiber,electronic_check,premium,never
0,2.4,60.61,2,1,0,2.49,two-year,dsl,bank_transfer,basic,never
0,72.0,76.38,3,1,2,1.54,two-year,dsl,electronic_check,plus,never
0,23.3,49.24,2,1,1,2.73,month-to-month,fiber,credit_card,plus,current
0,23.6,59.25,2,1,0,0.63,two-year,none,credit_card,plus,current
0,30.6,50.91,2,2,1,3.13,month-to-month,dsl,credit_card,plus,current
0,15.4,59.48,2,1,0,2.59,month-to-month,fiber,credit_card,premium,never
0,3.9,111.59,2,2,0,2.35,month-to-month,dsl,credit_card,basic,past
1,3.8,72.57,4,3,1,2.88,month-to-month,fiber,electronic_check,basic,past
1,29.6,47.17,1,2,0,2.86,month-to-month,fiber,credit_card,premium,never
0,29.1,96.07,1,2,0,0.91,month-to-month,none,electronic_check,plus,never
0,17.8,68.08,1,3,0,2.83,month-to-month,fiber,electronic_check,premium,never
0,8.6,93.49,2,0,1,3.76,month-to-month,fiber,electronic_check,plus,past
1,10.6,89.69,3,1,1,3.5,month-to-month,fiber,credit_card,plus,past
0,10.9,64.11,1,0,0,0.0,one-year,none,electronic_check,premium,never
0,12.6,65.79,2,1,0,1.59,one-year,dsl,credit_card,basic,never
1,2.8,68.95,1,2,1,0.88,month-to-month,dsl,electronic_check,basic,never
0,5.6,63.2,2,3,0,1.05,two-year,fiber,bank_transfer,basic,past
0,16.3,76.89,1,3,1,1.56,month-to-month,fiber,credit_card,basic,current
0,11.6,70.01,2,4,0,2.64,two-year,dsl,electronic_check,basic,current
0,6.1,70.56,3,4,0,0.91,one-year,fiber,electronic_check,basic,never
0,36.2,56.54,3,6,1,0.6,month-to-month,fiber,bank_transfer,basic,never
0,13.0,84.29,2,1,1,2.03,month-to-month,fiber,electronic_check,basic,never
0,22.3,49.74,2,1,1,5.3,month-to-month,fiber,bank_transfer,basic,current
0,0.6,70.83,2,4,1,2.64,month-to-month,dsl,credit_card,basic,past
0,19.0,68.61,2,1,0,2.57,one-year,fiber,credit_card,basic,past
0,15.5,43.71,2,3,0,4.4,month-to-month,dsl,bank_transfer,basic,never
0,64.8,46.97,2,1,0,4.45,month-to-month,fiber,electronic_check,plus,past
1,5.7,83.83,4,2,1,3.5,month-to-month,fiber,credit_card,basic,past
1,15.9,112.7,2,2,2,0.39,month-to-month,none,electronic_check,basic,past
1,30.6,116.87,2,1,0,3.74,month-to-month,fiber,electronic_check,basic,never
0,14.5,97.91,2,1,0,5.82,one-year,dsl,electronic_check,plus,never
0,3.8,81.46,1,1,0,2.42,one-year,none,bank_transfer,premium,never
0,31.8,49.83,2,5,2,0.98,two-year,fiber,electronic_check,basic,current
1,39.8,65.65,2,4,1,1.65,month-to-month,fiber,credit_card,basic,never
0,2.4,72.73,2,1,0,3.12,month-to-month,dsl,electronic_check,basic,never
0,0.1,53.4,1,1,0,2.92,one-year,fiber,electronic_check,basic,never
0,0.4,86.63,2,1,1,2.39,month-to-month,fiber,bank_transfer,basic,past
0,4.4,80.44,3,2,1,2.92,month-to-month,fiber,bank_transfer,basic,past
0,2.6,87.85,2,6,1,0.94,one-year,dsl,electronic_check,basic,current
0,27.9,83.44,0,1,0,0.0,one-year,none,bank_transfer,plus,current
0,14.0,65.66,2,3,1,2.48,month-to-month,dsl,credit_card,plus,never
0,15.5,101.24,1,2,0,3.28,month-to-month,none,electronic_check,basic,never
0,5.0,23.26,1,1,0,1.87,two-year,none,electronic_check,plus,past
0,6.2,99.26,2,1,1,3.63,two-year,fiber,electronic_check,basic,never
0,9.1,88.53,2,1,0,1.74,two-year,fiber,credit_card,plus,never
0,2.1,40.03,3,2,0,0.97,one-year,fiber,electronic_check,basic,past
0,15.1,33.77,2,1,0,1.21,month-to-month,fiber,credit_card,plus,past
0,6.2,57.68,3,2,1,1.7,one-year,fiber,electronic_check,basic,never
0,45.0,54.38,2,1,1,1.96,month-to-month,dsl,credit_card,premium,past
0,5.2,92.73,1,1,0,2.63,month-to-month,fiber,credit_card,basic,never
0,8.4,48.64,2,1,1,2.61,month-to-month,dsl,electronic_check,premium,current
1,5.3,75.95,2,7,2,2.11,one-year,none,credit_card,basic,never
0,4.0,71.34,2,1,0,2.53,month-to-month,dsl,credit_card,basic,past
0,2.4,38.75,2,1,0,3.55,month-to-month,fiber,bank_transfer,plus,past
0,5.0,58.87,2,3,0,1.77,month-to-month,dsl,electronic_check,basic,past
0,17.3,65.29,3,4,0,0.24,month-to-month,dsl,electronic_check,basic,past
0,42.4,72.05,2,2,0,2.15,one-year,none,bank_transfer,plus,past
0,30.5,53.1,1,3,1,1.52,two-year,none,electronic_check,basic,never
0,18.4,47.44,3,4,1,1.17,two-year,dsl,credit_card,plus,past
0,10.9,107.07,1,0,1,2.69,month-to-month,none,credit_card,premium,never
0,1.7,82.83,2,1,0,3.65,two-year,fiber,electronic_check,plus,never
0,5.8,49.43,3,4,1,2.9,month-to-month,dsl,electronic_check,basic,never
1,19.8,89.96,2,0,0,2.81,month-to-month,fiber,electronic_check,plus,past
0,17.4,31.83,0,0,0,1.46,month-to-month,none,bank_transfer,plus,current
0,5.9,63.53,2,2,0,1.36,month-to-month,dsl,bank_transfer,premium,never
0,72.0,24.07,2,2,0,5.92,one-year,fiber,credit_card,basic,past
0,72.0,65.24,1,1,0,0.65,month-to-month,dsl,bank_transfer,plus,never
0,4.4,70.8,1,1,0,2.43,month-to-month,fiber,credit_card,premium,past
1,15.7,24.83,2,2,0,2.04,month-to-month,dsl,bank_transfer,basic,past
0,11.6,50.92,3,4,1,3.03,two-year,fiber,credit_card,plus,never
0,5.7,88.05,3,1,1,2.83,month-to-month,fiber,credit_card,plus,past
0,3.2,76.69,4,1,1,3.01,two-year,dsl,electronic_check,basic,past
0,5.6,70.05,2,1,1,2.87,month-to-month,dsl,credit_card,basic,never
1,13.7,57.17,1,4,1,1.29,month-to-month,fiber,electronic_check,basic,current
0,6.8,67.15,3,5,0,1.66,two-year,none,bank_transfer,basic,never
1,0.7,79.03,2,4,2,0.73,month-to-month,none,electronic_check,basic,never
0,41.7,23.51,2,4,2,0.87,month-to-month,fiber,bank_transfer,basic,never
0,16.9,64.21,2,3,1,1.36,month-to-month,fiber,bank_transfer,plus,never
0,8.8,74.07,4,1,2,2.52,two-year,fiber,electronic_check,basic,never
0,55.6,58.14,2,2,0,1.98,month-to-month,fiber,electronic_check,basic,past
0,4.0,103.53,2,2,1,3.43,one-year,dsl,electronic_check,basic,never
0,1.9,60.4,2,3,0,2.02,month-to-month,fiber,credit_card,premium,current
1,6.2,80.93,2,2,0,2.69,month-to-month,fiber,bank_transfer,basic,never
0,50.8,91.22,4,3,1,1.46,month-to-month,dsl,bank_transfer,basic,past
0,9.8,90.31,2,2,2,2.71,month-to-month,dsl,electronic_check,plus,current
1,6.2,79.67,2,1,0,2.28,one-year,fiber,credit_card,basic,past
0,9.5,65.77,2,4,0,0.88,two-year,dsl,electronic_check,basic,current
0,44.3,40.22,3,4,0,1.7,one-year,none,electronic_check,basic,past
0,5.5,48.53,3,3,1,3.52,one-year,dsl,electronic_check,basic,current
0,22.2,72.75,3,0,0,1.59,month-to-month,fiber,credit_card,plus,current
0,13.3,69.81,1,2,1,2.5,month-to-month,fiber,bank_transfer,premium,current
0,4.9,75.22,1,3,0,4.87,month-to-month,dsl,bank_transfer,basic,past
0,30.6,38.11,1,1,0,2.63,month-to-month,fiber,bank_transfer,premium,current
1,2.1,81.17,3,2,1,2.28,month-to-month,none,electronic_check,basic,past
0,3.7,62.02,2,1,0,3.12,month-to-month,fiber,bank_transfer,basic,never
0,8.0,74.11,2,0,1,0.6,month-to-month,fiber,electronic_check,plus,current
0,0.2,119.81,2,3,0,1.31,month-to-month,dsl,bank_transfer,basic,past
0,3.0,53.57,3,2,0,1.3,month-to-month,dsl,bank_transfer,premium,current
0,53.0,36.45,3,5,0,2.44,one-year,fiber,electronic_check,premium,past
0,3.7,55.97,2,3,0,2.36,month-to-month,fiber,credit_card,basic,past
0,20.2,65.97,3,3,1,4.12,one-year,dsl,electronic_check,basic,past
0,2.0,87.57,3,0,0,1.07,month-to-month,fiber,electronic_check,premium,never
0,51.0,41.53,2,1,1,4.15,month-to-month,fiber,credit_card,basic,past
0,11.5,87.28,2,2,1,2.41,month-to-month,fiber,electronic_check,plus,never
0,16.7,119.94,4,3,2,0.77,month-to-month,dsl,electronic_check,basic,past
0,6.2,56.64,3,4,1,1.01,two-year,dsl,electronic_check,basic,never
0,5.8,87.34,4,1,3,1.23,one-year,dsl,electronic_check,plus,past
0,72.0,62.41,3,1,1,1.4,month-to-month,none,bank_transfer,plus,never
0,12.9,43.42,1,3,0,1.31,two-year,fiber,credit_card,basic,never
0,72.0,40.74,1,2,0,1.35,month-to-month,dsl,credit_card,plus,current
0,9.4,48.68,2,1,0,0.85,month-to-month,fiber,bank_transfer,basic,past
0,1.5,66.1,1,2,1,2.23,month-to-month,fiber,electronic_check,basic,current
0,2.7,30.0,2,4,0,0.79,month-to-month,fiber,electronic_check,basic,current
0,18.7,61.19,4,3,0,1.84,month-to-month,dsl,electronic_check,plus,past
1,14.9,96.27,2,4,1,1.13,month-to-month,dsl,credit_card,premium,current
1,21.5,70.91,3,1,0,2.45,one-year,fiber,bank_transfer,basic,never
0,1.9,78.51,0,3,0,1.2,month-to-month,none,credit_card,basic,never
0,10.1,92.01,2,4,0,1.26,two-year,dsl,credit_card,basic,past
0,1.5,61.82,1,6,0,1.2,month-to-month,none,electronic_check,basic,never
0,27.5,80.87,1,1,1,2.5,month-to-month,dsl,credit_card,plus,never
0,3.6,52.4,2,3,0,1.28,month-to-month,fiber,credit_card,plus,past
0,13.0,107.61,2,1,1,2.49,two-year,fiber,electronic_check,premium,never
0,10.6,65.98,3,1,0,2.15,one-year,fiber,bank_transfer,basic,current
0,33.3,37.03,1,2,0,2.13,one-year,dsl,bank_transfer,basic,never
0,20.9,124.73,2,1,0,0.85,two-year,dsl,credit_card,plus,current
0,6.0,43.36,0,0,1,2.33,month-to-month,none,bank_transfer,premium,never
1,22.4,88.95,2,3,0,2.83,month-to-month,fiber,credit_card,basic,current
0,2.1,67.78,3,1,1,1.11,month-to-month,fiber,electronic_check,basic,past
0,16.0,39.56,1,2,0,2.06,one-year,fiber,bank_transfer,basic,current
0,13.8,75.2,1,4,3,4.71,month-to-month,fiber,credit_card,plus,never
0,28.6,97.46,1,0,2,1.09,two-year,none,electronic_check,plus,never
0,16.3,74.07,3,4,0,1.19,month-to-month,fiber,credit_card,basic,never
0,4.5,62.8,2,4,0,2.67,month-to-month,fiber,electronic_check,basic,current
0,11.9,40.68,2,3,1,2.08,month-to-month,fiber,electronic_check,basic,never
0,28.2,62.74,1,4,0,2.18,one-year,fiber,credit_card,basic,past
0,7.3,54.03,3,2,0,1.01,month-to-month,dsl,bank_transfer,basic,never
0,33.5,47.08,2,4,0,1.24,month-to-month,dsl,electronic_check,basic,past
0,5.6,51.7,2,3,0,3.76,month-to-month,fiber,credit_card,basic,never
0,3.7,69.72,0,3,0,2.14,month-to-month,none,electronic_check,basic,past
1,23.1,84.55,1,1,1,2.01,month-to-month,dsl,bank_transfer,basic,past
0,2.5,77.59,1,7,0,2.78,one-year,fiber,electronic_check,plus,past
0,3.7,81.81,1,6,0,1.91,one-year,fiber,bank_transfer,basic,never
0,12.6,109.23,2,2,2,1.87,one-year,fiber,electronic_check,basic,current
0,16.6,94.46,1,2,1,1.73,month-to-month,none,credit_card,plus,current
0,8.5,66.8,1,1,0,1.57,two-year,none,electronic_check,basic,past
0,72.0,36.94,3,2,1,3.2,month-to-month,fiber,bank_transfer,plus,past
0,52.0,80.56,4,2,1,2.94,month-to-month,dsl,electronic_check,basic,never
0,8.5,48.53,1,2,0,0.0,month-to-month,dsl,electronic_check,premium,never
0,2.9,87.43,2,2,0,2.81,month-to-month,fiber,credit_card,basic,current
0,14.9,95.0,2,2,0,1.89,month-to-month,dsl,electronic_check,basic,past
0,19.6,40.61,4,2,0,1.56,month-to-month,dsl,bank_transfer,basic,past
0,72.0,44.11,3,4,0,2.99,two-year,fiber,credit_card,basic,never
0,2.2,51.69,3,3,0,1.71,month-to-month,fiber,electronic_check,plus,never
1,14.8,113.46,2,2,0,1.38,one-year,fiber,electronic_check,basic,past
0,16.5,101.12,2,2,0,2.27,month-to-month,dsl,credit_card,plus,past
0,29.8,83.97,2,1,1,1.58,month-to-month,fiber,electronic_check,basic,current
0,15.8,76.49,2,3,0,4.05,month-to-month,fiber,credit_card,plus,current
0,9.3,101.44,2,2,0,3.11,month-to-month,dsl,credit_card,basic,never
0,0.9,102.57,1,2,2,2.94,month-to-month,none,credit_card,plus,current
0,8.6,116.97,1,2,1,0.7,one-year,fiber,electronic_check,plus,past
0,0.3,100.26,2,2,1,1.07,one-year,dsl,electronic_check,premium,never
0,19.2,106.81,3,2,1,0.2,month-to-month,dsl,credit_card,basic,past
0,23.2,113.83,2,3,2,2.82,two-year,fiber,credit_card,basic,never
0,19.5,60.33,1,3,1,2.07,month-to-month,dsl,electronic_check,basic,current
1,42.7,82.1,3,0,0,4.24,month-to-month,fiber,electronic_check,premium,current
0,72.0,54.46,1,3,1,1.21,month-to-month,fiber,credit_card,basic,past
0,9.2,73.32,2,1,0,1.35,one-year,none,electronic_check,basic,never
0,27.4,64.11,2,2,1,3.45,month-to-month,dsl,electronic_check,plus,past
0,9.3,41.74,3,3,0,2.16,two-year,none,electronic_check,basic,past
1,54.6,120.9,2,3,2,4.49,month-to-month,fiber,bank_transfer,basic,never
0,9.0,37.94,2,0,0,4.32,month-to-month,dsl,credit_card,plus,past
0,6.1,80.53,2,2,1,4.09,month-to-month,dsl,credit_card,basic,past
1,43.9,83.28,2,1,1,4.02,month-to-month,fiber,electronic_check,plus,past
0,22.8,75.69,3,3,0,3.33,one-year,fiber,electronic_check,basic,never
0,0.8,64.74,1,2,1,1.66,month-to-month,fiber,electronic_check,plus,past
0,72.0,47.34,2,1,0,1.43,one-year,fiber,bank_transfer,premium,past
1,32.1,124.1,3,3,1,4.89,month-to-month,fiber,credit_card,basic,never
0,29.6,75.13,3,2,0,3.3,month-to-month,fiber,credit_card,basic,never
0,30.2,100.74,2,6,0,4.28,one-year,fiber,electronic_check,plus,current
0,72.0,84.1,2,3,1,0.9,one-year,fiber,electronic_check,basic,past
0,48.5,109.65,1,4,0,0.69,month-to-month,none,electronic_check,basic,never
0,5.9,36.07,2,2,0,1.62,month-to-month,fiber,credit_card,basic,past
0,1.0,74.02,2,2,1,2.48,month-to-month,none,credit_card,premium,never
0,9.5,77.36,4,1,1,1.43,month-to-month,dsl,credit_card,basic,current
0,3.3,46.44,2,1,0,1.33,one-year,dsl,electronic_check,basic,never
0,22.3,72.49,0,5,2,3.87,month-to-month,none,credit_card,basic,never
1,18.4,80.37,2,3,0,3.8,month-to-month,dsl,electronic_check,basic,never
0,0.5,46.57,2,4,1,1.52,two-year,none,electronic_check,basic,past
0,1.7,45.73,3,1,0,2.2,two-year,dsl,electronic_check,basic,past
1,17.8,88.47,2,1,1,3.54,month-to-month,fiber,electronic_check,basic,past
0,26.0,47.95,2,2,1,0.67,month-to-month,fiber,credit_card,basic,never
0,21.6,73.58,3,1,0,0.6,two-year,fiber,electronic_check,plus,never
0,7.7,112.2,1,2,0,2.32,month-to-month,fiber,credit_card,basic,past
0,11.2,88.14,4,1,0,2.4,month-to-month,fiber,electronic_check,basic,past
1,14.6,100.91,1,3,1,5.01,month-to-month,fiber,electronic_check,basic,never
0,18.4,107.6,0,4,0,2.24,one-year,none,electronic_check,basic,past
0,7.5,64.06,3,3,1,0.86,month-to-month,dsl,electronic_check,basic,never
0,9.5,90.0,2,1,1,1.34,month-to-month,dsl,electronic_check,plus,past
0,7.7,52.52,3,4,1,3.53,month-to-month,fiber,bank_transfer,plus,never
0,9.1,68.13,2,1,2,5.63,month-to-month,fiber,bank_transfer,basic,current
0,2.3,38.06,1,2,0,3.09,month-to-month,fiber,electronic_check,basic,past
0,4.4,104.04,2,1,0,2.33,two-year,dsl,electronic_check,plus,past
0,2.5,61.97,2,2,1,0.19,month-to-month,dsl,electronic_check,plus,past
1,20.3,46.93,3,4,2,2.29,month-to-month,dsl,electronic_check,basic,never
0,28.3,92.74,1,3,1,1.93,month-to-month,fiber,credit_card,basic,never
0,9.7,45.12,3,1,2,1.61,month-to-month,fiber,credit_card,plus,past
0,43.4,76.3,2,2,1,0.99,one-year,dsl,electronic_check,basic,current
0,4.5,51.05,2,1,0,2.44,month-to-month,dsl,electronic_check,plus,never
0,5.1,36.79,1,4,0,3.66,month-to-month,fiber,electronic_check,basic,never
0,1.1,92.05,3,2,2,1.24,month-to-month,dsl,electronic_check,basic,never
0,28.7,13.42,1,3,1,2.66,month-to-month,fiber,electronic_check,basic,past
1,5.4,106.99,3,3,0,1.21,month-to-month,dsl,credit_card,basic,current
0,16.0,78.89,3,1,0,2.38,one-year,fiber,electronic_check,premium,past
0,9.9,79.84,3,3,1,0.88,month-to-month,dsl,electronic_check,plus,never
0,1.6,82.02,2,2,1,2.7,month-to-month,fiber,bank_transfer,plus,never
0,14.1,91.13,1,1,0,1.77,month-to-month,none,bank_transfer,basic,past
1,7.8,96.8,2,5,0,2.46,month-to-month,fiber,electronic_check,basic,never
0,25.3,99.6,1,3,0,2.23,month-to-month,none,bank_transfer,basic,current
0,30.2,47.79,3,3,1,2.43,month-to-month,dsl,electronic_check,basic,current
0,38.6,77.6,1,0,1,1.79,month-to-month,dsl,bank_transfer,plus,never
0,64.2,49.13,1,1,0,4.12,month-to-month,fiber,electronic_check,basic,never
1,18.5,61.73,2,1,1,1.87,one-year,dsl,electronic_check,basic,never
0,3.6,65.76,2,3,1,4.94,two-year,fiber,electronic_check,basic,past
0,11.7,63.05,1,2,1,3.44,one-year,fiber,credit_card,plus,past
0,47.6,108.63,2,2,1,2.86,one-year,fiber,electronic_check,basic,never
0,17.2,47.07,2,0,0,1.57,month-to-month,dsl,electronic_check,plus,current
0,40.2,58.89,0,0,0,3.37,month-to-month,none,electronic_check,plus,never
1,17.0,132.3,2,2,0,2.41,month-to-month,fiber,bank_transfer,basic,past
0,0.5,94.46,4,1,0,2.55,month-to-month,fiber,credit_card,premium,never
0,16.9,72.08,1,3,1,0.6,month-to-month,fiber,electronic_check,basic,never
0,8.3,61.04,1,0,0,4.41,one-year,dsl,credit_card,premium,never
0,34.9,70.62,2,0,1,4.58,two-year,fiber,electronic_check,plus,past
0,17.1,82.14,3,4,1,4.84,two-year,fiber,electronic_check,basic,never
0,12.8,108.87,1,3,1,1.48,month-to-month,none,electronic_check,premium,past
0,72.0,55.66,1,1,0,1.51,one-year,fiber,electronic_check,plus,never
0,12.1,100.7,2,3,0,1.77,one-year,dsl,bank_transfer,plus,never
0,4.5,72.02,1,2,0,2.44,one-year,none,electronic_check,plus,never
0,19.8,69.2,2,1,1,2.16,month-to-month,fiber,credit_card,premium,never
1,12.9,98.51,1,3,1,0.39,month-to-month,dsl,electronic_check,basic,past
0,11.5,74.18,2,6,0,2.64,month-to-month,dsl,credit_card,basic,never
1,10.7,69.62,2,2,0,3.69,month-to-month,fiber,electronic_check,plus,never
0,41.7,62.85,2,0,1,2.89,two-year,fiber,bank_transfer,premium,past
1,2.3,96.22,2,1,1,2.23,month-to-month,fiber,bank_transfer,basic,past
1,18.9,65.57,2,1,1,3.46,month-to-month,fiber,electronic_check,basic,past
0,19.9,67.22,3,4,1,2.14,two-year,fiber,bank_transfer,basic,current
1,72.0,49.62,2,1,2,4.48,month-to-month,fiber,credit_card,basic,past
0,1.8,90.6,0,1,2,3.01,month-to-month,none,credit_card,premium,current
0,22.7,51.91,1,1,0,1.8,one-year,fiber,credit_card,plus,never
0,35.9,46.85,2,1,0,3.95,one-year,fiber,bank_transfer,plus,never
0,10.6,76.82,3,2,0,3.55,month-to-month,fiber,bank_transfer,basic,never
0,2.5,87.26,3,2,0,1.66,one-year,dsl,electronic_check,premium,never
1,17.0,94.21,3,2,1,1.94,one-year,dsl,bank_transfer,basic,past
0,14.2,99.23,2,1,0,2.49,month-to-month,dsl,credit_card,plus,past
0,0.4,33.54,1,0,0,3.04,month-to-month,dsl,bank_transfer,plus,past
0,17.6,86.61,3,2,0,0.81,month-to-month,fiber,bank_transfer,premium,past
0,1.3,78.07,2,1,0,1.51,month-to-month,fiber,electronic_check,plus,current
0,11.5,109.42,1,1,0,2.17,one-year,fiber,bank_transfer,basic,current
0,5.3,55.71,3,4,2,2.57,month-to-month,dsl,electronic_check,plus,never
0,46.2,21.79,1,3,0,1.97,month-to-month,fiber,electronic_check,basic,past
0,6.9,19.36,2,4,1,1.79,month-to-month,fiber,bank_transfer,basic,never
0,18.0,81.25,2,6,0,1.16,one-year,dsl,electronic_check,plus,never
1,31.4,137.39,3,5,2,2.92,two-year,fiber,bank_transfer,basic,past
0,7.6,65.89,3,2,0,2.31,month-to-month,fiber,electronic_check,basic,never
0,13.3,87.4,2,2,0,4.82,two-year,fiber,electronic_check,basic,never
1,29.7,93.44,2,4,0,2.1,one-year,fiber,credit_card,basic,current
0,29.4,75.87,3,5,0,4.2,month-to-month,fiber,bank_transfer,basic,never
1,1.0,116.9,1,3,1,3.5,month-to-month,fiber,bank_transfer,basic,past
0,43.0,67.93,1,2,1,0.0,one-year,none,electronic_check,basic,past
0,61.4,108.18,3,0,0,2.65,month-to-month,dsl,electronic_check,plus,never
0,11.6,59.14,2,1,0,3.59,two-year,fiber,electronic_check,premium,past
0,9.5,76.31,1,2,0,0.34,month-to-month,dsl,electronic_check,plus,past
0,63.8,71.64,1,3,0,1.48,month-to-month,none,credit_card,basic,never
0,36.6,68.29,3,2,0,3.12,month-to-month,fiber,bank_transfer,premium,never
1,44.5,58.74,1,2,0,3.91,month-to-month,fiber,electronic_check,basic,past
1,1.6,115.13,2,1,1,2.42,month-to-month,dsl,bank_transfer,premium,past
0,6.4,81.68,2,2,1,3.0,month-to-month,fiber,electronic_check,basic,current
0,2.1,10.0,1,0,0,3.08,two-year,none,electronic_check,premium,past
1,27.7,54.82,3,2,0,0.82,month-to-month,fiber,electronic_check,basic,never
0,3.8,84.79,3,2,1,1.78,month-to-month,dsl,bank_transfer,basic,current
0,5.2,117.76,0,1,0,1.21,one-year,none,bank_transfer,basic,past
0,72.0,66.26,1,1,0,1.4,month-to-month,fiber,bank_transfer,premium,never
0,42.6,82.54,3,2,0,1.46,one-year,dsl,credit_card,basic,past
0,2.4,58.92,2,1,0,2.3,one-year,dsl,electronic_check,premium,never
0,15.1,124.17,1,2,1,2.3,one-year,dsl,electronic_check,basic,never
0,71.8,91.01,2,5,1,3.1,one-year,fiber,electronic_check,basic,never
0,20.5,62.4,2,2,1,1.69,one-year,dsl,credit_card,plus,past
0,11.2,71.8,3,0,1,1.9,month-to-month,fiber,bank_transfer,plus,past
0,7.9,104.0,2,2,0,1.38,month-to-month,fiber,bank_transfer,plus,past
0,17.1,75.01,1,2,1,4.34,two-year,fiber,electronic_check,basic,past
0,8.0,59.0,1,1,0,2.34,two-year,dsl,credit_card,basic,past
0,2.7,102.6,2,6,0,2.0,month-to-month,fiber,electronic_check,plus,past
0,23.4,64.02,3,3,0,3.5,month-to-month,fiber,electronic_check,plus,never
0,5.0,77.41,2,3,0,0.96,one-year,dsl,electronic_check,basic,past
0,21.9,69.2,3,5,3,5.09,month-to-month,dsl,electronic_check,basic,past
0,7.4,74.07,2,1,1,0.76,one-year,dsl,credit_card,premium,past
0,3.8,42.32,1,4,0,3.88,month-to-month,fiber,bank_transfer,basic,never
0,4.0,80.15,2,3,1,2.13,month-to-month,dsl,bank_transfer,basic,past
0,3.1,84.63,1,1,1,2.74,one-year,dsl,electronic_check,plus,past
0,0.8,94.38,1,4,1,3.9,month-to-month,none,electronic_check,basic,current
0,4.5,101.61,2,4,1,2.18,month-to-month,fiber,bank_transfer,plus,never
1,6.9,84.05,1,2,0,1.15,month-to-month,dsl,bank_transfer,plus,current
0,50.1,77.53,2,1,0,0.36,month-to-month,dsl,bank_transfer,basic,past
0,2.5,42.52,3,5,0,2.82,month-to-month,dsl,bank_transfer,basic,never
0,26.8,116.26,2,0,0,1.04,month-to-month,dsl,bank_transfer,premium,never
0,30.4,36.41,1,0,0,3.25,month-to-month,dsl,electronic_check,premium,past
0,9.9,28.36,2,4,2,1.64,two-year,dsl,bank_transfer,basic,past
0,9.7,51.07,2,2,2,0.6,month-to-month,fiber,electronic_check,plus,past
0,1.8,111.42,2,1,0,3.42,one-year,dsl,bank_transfer,premium,never
0,4.8,21.22,2,1,1,1.18,month-to-month,dsl,electronic_check,plus,current
1,16.3,75.28,1,1,1,1.22,month-to-month,fiber,electronic_check,basic,never
1,8.4,65.64,1,2,0,1.6,month-to-month,fiber,electronic_check,basic,never
0,10.6,92.52,2,1,2,2.51,month-to-month,fiber,electronic_check,plus,never
0,45.6,56.18,1,2,1,1.85,month-to-month,none,electronic_check,basic,current
0,12.6,68.84,2,2,2,1.84,month-to-month,dsl,bank_transfer,basic,current
0,6.1,62.6,0,2,2,2.03,month-to-month,none,electronic_check,plus,current
0,24.2,88.35,1,4,0,0.58,two-year,dsl,credit_card,basic,past
0,3.9,109.96,3,2,1,4.07,two-year,fiber,credit_card,basic,current
0,13.1,63.3,3,2,1,2.84,one-year,fiber,bank_transfer,plus,current
0,0.2,62.75,3,1,0,2.04,two-year,dsl,electronic_check,premium,never
0,19.1,80.41,1,4,0,2.96,month-to-month,fiber,electronic_check,basic,never
0,5.0,43.01,1,1,1,0.92,one-year,none,bank_transfer,premium,never
0,19.5,62.71,2,2,1,3.82,month-to-month,dsl,electronic_check,basic,past
0,50.8,79.33,1,2,0,4.12,two-year,dsl,electronic_check,basic,current
0,29.9,54.42,2,3,0,1.16,month-to-month,dsl,bank_transfer,basic,past
1,14.6,87.03,2,3,0,4.26,month-to-month,fiber,electronic_check,basic,current
0,5.5,69.34,3,1,0,1.26,month-to-month,fiber,bank_transfer,basic,never
0,1.7,114.11,1,0,1,2.59,two-year,fiber,bank_transfer,plus,current
0,15.3,56.28,2,1,0,2.2,two-year,fiber,credit_card,plus,never
0,8.0,92.1,1,3,0,2.24,month-to-month,none,electronic_check,basic,current
0,26.4,73.33,3,4,1,1.6,month-to-month,fiber,electronic_check,basic,never
0,0.8,110.46,2,3,1,0.87,month-to-month,dsl,electronic_check,basic,past
0,41.6,35.67,1,2,0,0.73,two-year,none,bank_transfer,premium,never
0,9.3,51.53,2,0,0,1.96,month-to-month,fiber,electronic_check,plus,never
0,72.0,75.7,3,7,0,5.13,month-to-month,dsl,electronic_check,basic,current
0,7.6,94.05,2,3,0,4.01,month-to-month,dsl,electronic_check,basic,past
0,19.6,82.84,0,1,0,0.44,month-to-month,none,credit_card,basic,current
0,2.3,70.59,2,1,0,4.1,month-to-month,fiber,bank_transfer,premium,never
0,6.6,87.13,1,3,1,3.09,month-to-month,fiber,credit_card,basic,never
1,36.7,87.05,1,0,0,2.86,month-to-month,fiber,electronic_check,plus,past
0,6.4,75.52,0,1,0,2.53,month-to-month,none,bank_transfer,plus,past
0,10.0,120.17,2,1,0,3.9,month-to-month,fiber,credit_card,basic,current
0,16.7,89.18,3,2,1,0.02,month-to-month,dsl,bank_transfer,basic,past
0,11.7,79.28,4,1,0,2.19,month-to-month,dsl,electronic_check,basic,past
0,13.5,84.53,2,1,2,2.51,one-year,fiber,bank_transfer,plus,current
0,16.1,62.29,2,3,0,3.43,one-year,dsl,credit_card,plus,past
1,22.5,72.56,2,3,2,2.65,month-to-month,fiber,electronic_check,basic,current
0,13.2,61.97,1,3,2,0.59,month-to-month,dsl,credit_card,basic,current
1,19.1,46.06,3,3,2,3.12,month-to-month,fiber,credit_card,basic,past
0,72.0,99.9,3,1,0,1.35,month-to-month,dsl,bank_transfer,plus,current
0,0.8,47.35,4,4,3,4.49,month-to-month,dsl,electronic_check,basic,current
0,6.2,39.61,2,4,1,0.95,one-year,dsl,bank_transfer,basic,past
0,18.3,119.65,2,4,3,1.38,month-to-month,none,electronic_check,basic,past
0,22.8,60.47,1,3,2,1.42,month-to-month,none,electronic_check,basic,past
1,22.0,67.34,3,2,0,2.56,month-to-month,fiber,electronic_check,plus,past
1,29.0,110.14,2,1,0,1.57,month-to-month,fiber,electronic_check,plus,past
0,13.7,41.46,3,3,2,0.6,one-year,fiber,credit_card,premium,current
0,36.0,87.43,1,2,0,3.53,month-to-month,fiber,electronic_check,plus,past
0,8.9,82.0,2,3,1,1.78,two-year,dsl,bank_transfer,plus,current
0,30.2,90.39,1,2,0,1.74,month-to-month,none,electronic_check,plus,current
0,2.2,10.63,2,6,1,3.23,one-year,dsl,electronic_check,basic,past
1,1.0,96.8,1,4,0,3.68,month-to-month,fiber,electronic_check,basic,past
0,13.5,57.41,1,2,1,2.56,month-to-month,none,bank_transfer,plus,never
0,45.8,34.23,2,1,1,0.74,month-to-month,none,electronic_check,plus,never
0,4.8,69.79,2,5,1,5.08,month-to-month,fiber,bank_transfer,basic,current
0,4.2,40.66,2,2,0,1.93,month-to-month,none,electronic_check,basic,current
0,19.2,54.83,2,3,0,3.78,month-to-month,dsl,credit_card,basic,current
0,16.9,63.91,2,2,1,2.01,one-year,fiber,bank_transfer,premium,never
0,7.4,73.13,2,1,1,2.59,month-to-month,fiber,electronic_check,basic,never
0,20.6,77.02,0,1,0,1.6,two-year,none,electronic_check,premium,past
0,11.4,54.24,2,1,1,2.73,month-to-month,fiber,credit_card,plus,never
0,2.5,46.23,4,2,1,2.28,month-to-month,dsl,credit_card,plus,never
0,20.3,93.77,3,1,2,2.84,month-to-month,fiber,credit_card,basic,never
0,28.7,66.67,2,2,0,1.91,month-to-month,dsl,electronic_check,plus,never
0,1.2,43.74,1,1,0,2.42,month-to-month,fiber,credit_card,basic,never
0,10.0,68.78,1,1,0,0.6,two-year,fiber,electronic_check,basic,past
0,7.9,82.43,1,3,0,2.31,one-year,fiber,bank_transfer,basic,past
1,19.5,99.51,0,4,1,1.18,one-year,none,credit_card,basic,never
0,9.9,42.08,3,1,1,2.33,month-to-month,fiber,electronic_check,plus,never
0,3.8,85.65,1,6,0,1.47,month-to-month,dsl,credit_card,basic,current
0,31.0,54.64,1,2,1,2.65,month-to-month,fiber,bank_transfer,basic,never
0,1.9,50.24,2,1,0,5.22,two-year,fiber,electronic_check,plus,never
0,1.5,82.41,2,0,1,0.6,month-to-month,fiber,electronic_check,plus,current
0,18.2,79.06,2,2,1,0.66,month-to-month,none,credit_card,basic,past
0,42.4,51.72,0,4,0,1.64,month-to-month,none,bank_transfer,basic,never
0,18.8,59.98,2,2,0,1.85,two-year,fiber,electronic_check,plus,never
0,39.6,134.15,1,2,0,2.48,one-year,fiber,bank_transfer,basic,past
0,6.0,104.33,1,2,0,1.62,month-to-month,dsl,credit_card,basic,current
0,10.4,18.44,1,0,0,2.35,month-to-month,dsl,electronic_check,plus,never
0,9.2,56.13,3,1,2,0.16,one-year,dsl,electronic_check,basic,never
0,18.2,69.86,1,4,0,2.03,one-year,fiber,electronic_check,basic,current
0,10.0,32.35,2,4,0,3.3,month-to-month,fiber,bank_transfer,basic,past
0,6.2,61.12,0,2,0,0.17,month-to-month,none,electronic_check,plus,past
0,6.5,37.45,2,1,1,0.6,month-to-month,fiber,electronic_check,basic,past
1,3.7,84.73,1,3,1,2.39,month-to-month,fiber,credit_card,basic,past
0,33.5,79.73,3,3,0,1.89,two-year,fiber,bank_transfer,basic,never
0,6.3,52.04,2,1,1,3.45,one-year,fiber,bank_transfer,basic,past
0,8.2,54.84,1,1,0,0.6,one-year,fiber,bank_transfer,basic,past
0,14.6,47.27,2,5,0,2.09,two-year,fiber,bank_transfer,basic,past
0,21.3,51.02,2,1,1,0.84,one-year,fiber,credit_card,basic,never
0,11.7,92.24,2,3,0,2.7,month-to-month,fiber,electronic_check,basic,past
0,6.3,58.98,3,3,1,4.54,two-year,dsl,bank_transfer,basic,past
0,25.0,69.44,3,3,0,2.2,one-year,fiber,credit_card,basic,past
1,21.5,72.7,3,4,0,0.6,one-year,fiber,electronic_check,basic,past
0,45.9,74.03,1,1,1,1.32,one-year,none,credit_card,basic,current
0,5.9,51.72,2,2,0,0.93,month-to-month,dsl,bank_transfer,basic,current
1,41.6,82.4,3,1,0,1.47,month-to-month,fiber,electronic_check,premium,current
0,15.8,80.76,1,1,3,0.67,month-to-month,fiber,electronic_check,basic,past
0,3.8,96.73,2,1,1,1.75,two-year,dsl,bank_transfer,plus,never
0,7.5,60.65,3,2,1,1.41,month-to-month,fiber,bank_transfer,plus,past
0,2.9,50.4,3,3,1,2.07,month-to-month,fiber,bank_transfer,basic,past
0,18.1,116.99,2,2,0,1.25,month-to-month,dsl,electronic_check,plus,never
0,20.8,93.67,1,1,1,3.26,month-to-month,fiber,electronic_check,plus,past
0,72.0,71.3,1,0,1,2.88,month-to-month,fiber,electronic_check,plus,never
0,3.7,115.21,3,0,1,2.19,month-to-month,fiber,bank_transfer,plus,never
0,21.5,62.45,3,2,0,1.1,month-to-month,dsl,credit_card,basic,past
0,14.8,79.56,2,3,0,3.91,month-to-month,fiber,credit_card,plus,current
0,1.2,72.27,3,1,1,3.2,month-to-month,dsl,credit_card,basic,past
0,14.6,120.23,1,3,0,1.4,one-year,none,credit_card,basic,never
0,5.2,46.85,3,2,1,1.7,month-to-month,dsl,electronic_check,basic,never
0,2.2,37.06,1,2,1,3.54,two-year,none,bank_transfer,basic,never
1,46.7,76.91,1,2,1,0.39,month-to-month,none,electronic_check,basic,never
0,22.5,100.55,1,2,0,3.31,month-to-month,fiber,bank_transfer,basic,never
0,17.7,94.49,1,1,0,2.65,month-to-month,dsl,electronic_check,basic,past
0,26.7,48.08,0,3,0,1.58,two-year,none,electronic_check,basic,past
0,34.9,24.24,2,2,0,1.82,month-to-month,dsl,electronic_check,plus,current
1,11.6,52.43,1,3,0,2.68,month-to-month,none,electronic_check,plus,never
0,22.9,60.56,2,1,1,2.48,month-to-month,fiber,credit_card,plus,past
0,10.0,66.14,2,2,3,2.71,one-year,fiber,electronic_check,basic,never
0,0.0,56.26,2,1,0,3.22,month-to-month,dsl,electronic_check,plus,past
0,1.1,62.64,2,0,0,3.14,one-year,dsl,credit_card,plus,past
0,13.4,82.43,1,1,0,1.18,one-year,fiber,bank_transfer,basic,past
0,10.0,65.96,2,1,0,1.34,month-to-month,dsl,electronic_check,basic,current
0,8.4,62.63,3,1,1,3.17,one-year,none,bank_transfer,basic,current
1,12.7,106.38,3,1,0,1.97,two-year,fiber,bank_transfer,basic,past
0,5.6,110.34,0,2,1,1.75,month-to-month,none,electronic_check,basic,past
0,8.2,70.81,1,0,0,0.91,one-year,fiber,electronic_check,plus,current
0,10.3,57.61,1,2,1,1.34,month-to-month,dsl,bank_transfer,basic,past
0,21.1,34.65,3,1,0,4.25,month-to-month,dsl,credit_card,basic,past
0,31.6,50.2,2,1,0,1.37,month-to-month,fiber,credit_card,plus,never
0,10.4,93.86,1,4,0,2.55,two-year,none,electronic_check,basic,past
0,39.2,66.27,3,2,1,3.29,month-to-month,dsl,electronic_check,premium,current
0,2.1,62.96,3,4,0,0.48,month-to-month,dsl,electronic_check,basic,past
0,5.2,118.64,1,1,0,0.71,month-to-month,fiber,credit_card,plus,current
0,15.7,49.38,3,2,1,1.08,month-to-month,dsl,electronic_check,basic,past
0,9.6,73.22,2,2,0,1.51,month-to-month,dsl,electronic_check,premium,past
0,5.3,121.9,1,3,1,3.21,month-to-month,none,electronic_check,plus,past
0,18.7,28.2,1,1,0,2.1,month-to-month,none,electronic_check,basic,past
0,9.1,62.77,3,1,1,1.81,month-to-month,fiber,electronic_check,basic,past
0,0.6,38.9,2,2,0,3.87,month-to-month,fiber,bank_transfer,premium,past
0,37.1,75.88,0,4,1,2.55,month-to-month,none,bank_transfer,basic,past
0,0.4,37.61,2,3,0,1.75,month-to-month,dsl,credit_card,basic,past
0,14.5,47.86,1,1,0,0.89,month-to-month,none,electronic_check,basic,current
0,50.7,63.3,1,3,0,2.6,month-to-month,fiber,electronic_check,premium,past
0,54.3,61.23,2,3,2,2.8,month-to-month,fiber,electronic_check,basic,never
0,3.3,133.47,1,3,0,1.47,month-to-month,none,credit_card,plus,past
0,3.4,61.19,3,1,1,3.25,one-year,fiber,bank_transfer,basic,current
0,3.3,52.68,2,2,0,2.98,month-to-month,fiber,credit_card,plus,past
1,32.6,92.44,3,1,0,5.05,month-to-month,fiber,bank_transfer,basic,current
0,33.8,68.2,1,2,0,2.11,two-year,dsl,bank_transfer,plus,current
0,12.0,34.73,1,3,1,4.19,one-year,fiber,bank_transfer,basic,never
1,1.8,103.87,2,3,0,2.68,month-to-month,fiber,credit_card,plus,never
0,10.3,59.9,2,3,1,3.96,month-to-month,fiber,electronic_check,basic,never
1,16.7,77.67,3,3,1,3.02,month-to-month,fiber,electronic_check,premium,never
0,9.6,73.33,1,2,0,4.31,month-to-month,fiber,electronic_check,plus,never
0,4.0,98.72,2,3,1,1.7,month-to-month,none,credit_card,plus,current
0,0.4,43.16,3,2,1,1.89,month-to-month,dsl,electronic_check,basic,never
0,3.3,90.12,0,4,0,1.9,two-year,none,credit_card,basic,never
0,14.5,128.7,2,1,1,1.96,one-year,dsl,credit_card,plus,never
1,4.7,57.15,3,5,0,4.19,month-to-month,fiber,electronic_check,basic,past
0,10.7,84.88,4,2,1,2.4,two-year,dsl,electronic_check,basic,never
0,14.2,93.83,1,1,1,1.42,month-to-month,dsl,bank_transfer,premium,past
0,11.3,33.89,2,3,1,3.53,two-year,fiber,credit_card,basic,never
0,35.8,37.46,1,3,1,1.07,month-to-month,none,electronic_check,basic,past
0,0.7,56.69,1,3,1,1.44,month-to-month,dsl,electronic_check,basic,current
0,2.4,56.48,1,1,0,0.87,month-to-month,dsl,credit_card,plus,current
0,21.4,81.65,2,4,1,2.98,one-year,fiber,electronic_check,basic,never
0,16.5,61.93,1,2,0,2.52,month-to-month,none,electronic_check,basic,current
0,2.9,60.09,3,1,1,1.06,one-year,dsl,electronic_check,plus,past
0,10.1,55.55,1,1,0,2.33,month-to-month,none,electronic_check,plus,never
0,25.0,31.69,1,2,0,2.59,month-to-month,dsl,bank_transfer,premium,never
0,1.3,71.29,2,0,0,2.63,two-year,fiber,electronic_check,premium,current
0,28.4,87.85,1,2,0,2.13,one-year,dsl,bank_transfer,basic,current
0,16.0,69.74,4,0,1,3.97,month-to-month,dsl,electronic_check,plus,past
0,27.5,111.99,2,1,0,2.58,two-year,dsl,bank_transfer,plus,past
0,19.3,68.45,3,0,0,3.55,month-to-month,fiber,electronic_check,premium,past
0,0.8,108.08,1,1,2,4.36,one-year,fiber,electronic_check,basic,never
0,72.0,41.29,2,4,0,4.32,month-to-month,fiber,electronic_check,plus,never
0,1.9,12.64,2,1,1,3.95,one-year,fiber,electronic_check,basic,current
0,35.2,99.65,1,2,1,0.29,one-year,dsl,credit_card,plus,past
0,12.2,43.96,2,5,0,2.67,month-to-month,none,credit_card,plus,current
0,24.7,46.47,3,2,0,1.98,two-year,dsl,electronic_check,basic,never
0,17.4,93.35,1,2,0,3.24,month-to-month,fiber,electronic_check,plus,never
0,3.9,41.1,2,3,0,1.27,month-to-month,dsl,bank_transfer,plus,past
1,48.9,74.66,1,0,0,2.79,month-to-month,fiber,bank_transfer,plus,past
0,12.0,79.85,1,2,1,2.67,month-to-month,none,credit_card,basic,never
0,6.7,56.19,3,2,0,2.8,month-to-month,fiber,bank_transfer,basic,past
0,0.7,67.42,3,5,0,3.3,one-year,dsl,bank_transfer,basic,current
0,46.4,36.71,2,2,0,1.69,two-year,dsl,electronic_check,basic,never
0,6.1,94.28,2,2,0,3.01,one-year,dsl,bank_transfer,plus,current
0,6.5,106.14,1,5,1,2.26,month-to-month,dsl,bank_transfer,basic,past
0,7.3,52.61,1,0,1,2.27,two-year,dsl,electronic_check,premium,current
0,60.4,28.15,1,0,0,1.69,two-year,dsl,electronic_check,plus,current
0,7.9,51.03,2,1,1,2.67,month-to-month,dsl,electronic_check,basic,past
0,28.5,71.99,2,1,0,3.97,two-year,dsl,electronic_check,plus,past
0,26.1,78.2,2,1,0,0.0,month-to-month,none,credit_card,basic,past
0,2.6,74.47,2,4,1,1.92,one-year,dsl,credit_card,premium,never
0,15.8,59.22,1,5,1,5.09,month-to-month,none,bank_transfer,basic,past
0,18.2,81.0,2,5,1,4.16,month-to-month,fiber,credit_card,plus,current
0,3.6,54.79,2,1,1,2.27,month-to-month,none,bank_transfer,basic,current
1,29.7,91.59,1,0,0,2.61,month-to-month,fiber,bank_transfer,premium,past
0,4.5,65.07,2,6,0,4.89,month-to-month,none,credit_card,basic,current
0,6.9,41.64,1,2,1,0.14,one-year,none,credit_card,basic,never
1,5.4,124.28,1,3,2,2.06,month-to-month,none,electronic_check,basic,past
0,11.4,47.9,3,3,2,4.88,one-year,fiber,bank_transfer,basic,never
0,25.5,71.33,3,0,0,4.42,month-to-month,fiber,bank_transfer,plus,current
1,4.8,59.67,4,3,1,3.16,one-year,dsl,electronic_check,basic,current
0,36.3,91.68,1,2,1,0.13,one-year,dsl,credit_card,basic,never
0,67.6,48.65,1,1,1,3.55,one-year,fiber,electronic_check,basic,current
0,9.0,81.13,3,2,0,2.13,one-year,fiber,electronic_check,basic,never
0,7.9,15.25,2,2,0,2.04,one-year,fiber,electronic_check,basic,never
1,7.1,78.66,1,3,1,1.56,month-to-month,fiber,bank_transfer,basic,past
0,2.2,49.06,1,1,0,4.91,month-to-month,fiber,electronic_check,premium,current
0,1.1,79.05,3,5,0,2.89,month-to-month,fiber,credit_card,premium,never
0,9.3,68.28,3,1,0,2.51,two-year,fiber,electronic_check,basic,past
0,36.6,131.54,1,1,2,0.74,month-to-month,dsl,electronic_check,plus,never
0,6.4,104.2,3,3,1,1.33,one-year,fiber,electronic_check,basic,never
1,19.7,38.23,1,4,1,2.55,month-to-month,fiber,bank_transfer,basic,never
0,2.4,74.59,2,2,0,1.68,one-year,fiber,credit_card,plus,never
0,1.2,86.09,3,2,1,4.32,month-to-month,fiber,credit_card,plus,never
0,7.6,49.47,3,1,0,2.56,one-year,dsl,credit_card,plus,past
0,2.0,69.41,2,3,1,2.06,one-year,fiber,credit_card,plus,never
0,3.1,82.21,1,2,1,1.62,one-year,fiber,credit_card,basic,past
1,5.9,61.99,3,2,3,2.62,one-year,fiber,bank_transfer,basic,never
0,19.4,76.21,2,3,1,1.87,one-year,fiber,electronic_check,plus,current
0,2.9,37.75,0,1,0,2.1,month-to-month,none,electronic_check,plus,current
0,36.4,48.24,2,3,0,0.62,month-to-month,dsl,electronic_check,basic,past
0,7.4,80.9,2,1,0,2.39,month-to-month,dsl,credit_card,plus,never
0,57.9,44.73,2,2,1,2.43,one-year,fiber,electronic_check,basic,current
0,6.4,47.31,1,1,1,2.28,month-to-month,none,credit_card,basic,never
0,28.4,55.16,2,2,1,0.66,month-to-month,fiber,bank_transfer,basic,current
0,13.5,57.03,1,2,1,3.99,two-year,fiber,bank_transfer,basic,never
0,2.4,42.19,2,3,1,2.13,month-to-month,dsl,electronic_check,basic,never
1,3.2,44.8,2,2,2,0.91,one-year,dsl,electronic_check,plus,current
1,15.1,42.7,2,3,1,4.83,one-year,dsl,electronic_check,basic,never
0,4.9,36.29,3,1,1,2.19,one-year,fiber,electronic_check,basic,current
0,11.3,75.27,2,2,2,2.46,one-year,none,electronic_check,basic,current
0,20.9,33.46,1,3,0,2.26,one-year,dsl,bank_transfer,plus,never
0,12.7,63.48,2,1,1,0.6,month-to-month,fiber,bank_transfer,plus,never
0,6.3,93.76,2,0,1,4.81,month-to-month,dsl,electronic_check,plus,never
1,42.2,113.74,3,2,1,1.37,one-year,fiber,credit_card,basic,current
0,36.4,51.28,1,2,1,0.82,one-year,none,electronic_check,plus,never
0,4.1,75.52,0,1,1,3.17,two-year,none,credit_card,plus,past
1,59.2,74.63,4,6,0,3.82,month-to-month,fiber,credit_card,basic,never
0,6.5,116.09,1,2,1,2.58,month-to-month,fiber,credit_card,basic,past
1,5.9,61.79,3,4,1,0.6,month-to-month,fiber,credit_card,basic,current
1,18.9,116.03,3,0,1,3.82,month-to-month,fiber,credit_card,plus,never
0,0.9,67.48,2,3,0,1.39,month-to-month,none,bank_transfer,basic,past
0,2.1,61.13,2,3,2,2.59,month-to-month,fiber,electronic_check,basic,current
0,38.7,63.08,3,3,1,2.29,two-year,fiber,credit_card,basic,current
0,17.0,72.59,4,2,2,3.11,one-year,fiber,credit_card,plus,past
0,1.3,56.11,1,2,0,1.03,month-to-month,none,credit_card,basic,current
0,0.4,64.17,2,2,1,0.91,month-to-month,dsl,electronic_check,basic,past
0,16.7,77.29,1,3,2,1.23,month-to-month,dsl,bank_transfer,basic,current
0,8.2,59.27,2,2,1,2.47,month-to-month,dsl,bank_transfer,basic,never
1,14.2,56.01,4,0,0,2.15,month-to-month,fiber,electronic_check,plus,past
0,23.4,70.85,1,1,0,1.98,one-year,dsl,credit_card,premium,past
0,12.3,61.08,1,2,1,4.42,one-year,fiber,electronic_check,basic,past
0,4.3,80.86,2,3,1,3.43,one-year,fiber,electronic_check,premium,past
0,7.7,81.55,2,1,1,2.75,one-year,fiber,bank_transfer,basic,never
0,19.4,71.81,3,2,0,3.33,month-to-month,dsl,electronic_check,basic,never
1,16.3,96.47,3,1,1,0.06,one-year,dsl,electronic_check,basic,past
1,0.2,66.81,2,4,0,2.35,month-to-month,fiber,bank_transfer,plus,never
0,37.6,54.66,1,1,0,1.87,month-to-month,dsl,electronic_check,basic,never
0,72.0,80.68,2,4,0,1.18,month-to-month,dsl,electronic_check,basic,past
0,24.1,77.75,2,2,0,3.12,month-to-month,fiber,bank_transfer,basic,past
1,29.9,73.53,1,3,1,3.77,month-to-month,fiber,bank_transfer,basic,past
0,72.0,92.11,1,3,1,3.57,two-year,fiber,credit_card,basic,never
0,16.3,46.89,1,4,0,3.89,two-year,fiber,bank_transfer,basic,past
1,26.4,89.2,1,5,0,3.27,month-to-month,dsl,electronic_check,basic,past
0,3.1,81.88,1,1,0,3.23,one-year,none,electronic_check,plus,past
0,21.8,50.62,1,0,1,2.19,one-year,fiber,electronic_check,plus,current
0,16.3,102.65,2,2,0,3.38,month-to-month,fiber,electronic_check,basic,current
0,12.2,24.64,2,1,0,0.6,one-year,fiber,electronic_check,basic,current
0,3.6,54.16,3,2,0,1.45,one-year,dsl,bank_transfer,plus,current
0,6.4,46.51,1,1,1,2.57,month-to-month,fiber,electronic_check,basic,past
0,34.2,121.17,0,3,0,1.58,month-to-month,none,electronic_check,plus,never
0,26.4,90.34,1,4,0,1.67,one-year,fiber,electronic_check,plus,current
0,0.7,25.89,3,4,1,2.22,month-to-month,fiber,credit_card,basic,current
0,5.6,64.99,1,0,0,2.46,month-to-month,fiber,credit_card,plus,never
0,12.3,76.12,2,2,0,0.86,month-to-month,fiber,electronic_check,basic,current
0,48.6,61.7,4,4,0,1.05,two-year,dsl,electronic_check,basic,never
0,4.4,45.43,1,2,0,1.86,month-to-month,dsl,electronic_check,basic,never
0,1.1,99.25,4,2,1,2.34,month-to-month,dsl,electronic_check,basic,past
0,10.3,111.23,1,2,0,1.52,one-year,dsl,electronic_check,plus,past
0,10.8,62.71,4,0,1,2.53,two-year,fiber,credit_card,premium,never
0,13.7,71.01,2,3,0,2.88,two-year,dsl,credit_card,basic,never
0,12.8,72.43,3,3,1,3.16,month-to-month,fiber,bank_transfer,basic,never
0,1.9,49.94,1,1,0,2.0,month-to-month,dsl,bank_transfer,premium,never
0,9.6,100.46,1,3,1,0.97,two-year,fiber,credit_card,plus,past
0,2.9,63.23,2,1,0,1.66,one-year,fiber,bank_transfer,plus,never
0,16.0,85.57,2,0,0,4.89,month-to-month,fiber,electronic_check,plus,past
0,21.6,34.18,3,2,1,2.79,one-year,fiber,electronic_check,basic,past
0,3.8,62.4,1,1,1,2.79,month-to-month,none,electronic_check,basic,past
0,0.5,44.41,3,1,0,0.41,month-to-month,dsl,electronic_check,basic,never
0,9.3,122.48,2,3,1,3.13,month-to-month,dsl,credit_card,plus,current
0,19.2,40.59,1,3,1,4.1,month-to-month,fiber,credit_card,basic,current
0,18.0,94.67,1,2,0,2.67,month-to-month,fiber,electronic_check,plus,current
0,7.8,73.76,2,0,0,3.37,month-to-month,dsl,bank_transfer,plus,past
1,35.2,103.44,1,3,0,0.94,month-to-month,dsl,electronic_check,basic,current
0,21.3,72.83,2,1,0,2.19,two-year,dsl,bank_transfer,plus,never
0,4.1,97.74,2,2,1,0.93,month-to-month,fiber,electronic_check,premium,never
0,8.0,79.22,1,2,0,0.55,month-to-month,none,credit_card,basic,current
0,8.5,70.82,2,2,0,0.85,two-year,fiber,credit_card,basic,past
0,13.4,55.18,3,2,0,3.2,month-to-month,fiber,credit_card,basic,current
0,5.7,69.56,1,1,0,1.17,two-year,fiber,bank_transfer,plus,past
0,22.7,46.33,1,1,1,0.46,month-to-month,dsl,electronic_check,basic,current
0,2.2,86.27,3,2,1,2.15,month-to-month,dsl,electronic_check,basic,never
0,11.3,43.83,1,3,0,2.13,two-year,dsl,electronic_check,basic,past
0,20.0,72.53,2,3,0,3.1,one-year,fiber,electronic_check,plus,current
0,45.0,117.14,2,2,0,0.59,month-to-month,dsl,electronic_check,premium,current
0,2.9,17.96,2,1,1,3.58,month-to-month,fiber,electronic_check,basic,past
0,1.1,55.12,2,1,1,2.73,month-to-month,fiber,electronic_check,plus,never
0,31.5,62.0,2,3,0,3.9,month-to-month,fiber,bank_transfer,basic,never
0,2.4,38.98,2,3,0,4.27,two-year,fiber,electronic_check,basic,past
0,7.9,57.38,3,1,0,3.52,month-to-month,fiber,electronic_check,plus,past
0,24.1,107.07,3,1,0,4.36,month-to-month,fiber,bank_transfer,basic,never
0,10.2,85.84,2,2,1,1.32,month-to-month,dsl,electronic_check,premium,never
0,9.4,74.7,1,2,0,3.97,one-year,dsl,electronic_check,premium,past
0,18.8,17.58,1,1,0,2.05,month-to-month,fiber,electronic_check,premium,never
0,24.3,55.65,3,2,2,4.64,one-year,fiber,bank_transfer,basic,never
0,1.5,98.51,2,1,1,3.36,one-year,fiber,bank_transfer,basic,never
1,63.7,64.35,1,1,0,1.64,one-year,none,electronic_check,premium,never
1,16.6,89.03,1,2,0,1.49,month-to-month,fiber,electronic_check,basic,past
0,10.9,77.33,1,1,1,0.0,month-to-month,dsl,electronic_check,basic,never
0,30.3,47.02,2,0,2,3.86,month-to-month,dsl,credit_card,plus,never
0,39.5,53.23,1,2,1,1.41,month-to-month,none,bank_transfer,basic,past
0,10.3,119.92,2,2,1,4.87,two-year,dsl,electronic_check,plus,never
0,7.6,79.3,2,0,0,5.39,month-to-month,dsl,electronic_check,plus,past
0,15.5,75.74,3,1,0,0.6,month-to-month,fiber,electronic_check,plus,never
1,3.8,88.07,1,1,0,2.63,month-to-month,dsl,electronic_check,basic,past
0,19.3,52.37,3,5,1,3.37,one-year,fiber,credit_card,basic,never
0,6.6,68.63,1,1,0,4.14,month-to-month,fiber,bank_transfer,basic,past
0,13.2,20.13,3,2,0,2.9,month-to-month,fiber,credit_card,plus,current
0,51.7,51.36,2,2,0,1.22,month-to-month,dsl,electronic_check,basic,never
0,4.9,52.87,3,1,1,3.04,month-to-month,fiber,electronic_check,premium,never
0,27.0,93.46,0,3,1,2.07,month-to-month,none,bank_transfer,basic,never
1,12.3,76.56,2,4,1,0.6,month-to-month,fiber,electronic_check,basic,never
0,8.9,65.86,2,1,1,3.26,one-year,fiber,bank_transfer,plus,never
0,22.6,10.0,3,2,0,3.32,one-year,fiber,credit_card,basic,past
0,7.8,52.13,2,2,0,4.23,month-to-month,dsl,electronic_check,plus,never
1,72.0,95.7,3,1,0,3.25,month-to-month,fiber,bank_transfer,premium,past
0,29.9,17.95,4,2,0,1.04,month-to-month,dsl,electronic_check,basic,never
0,11.7,80.86,1,4,0,1.92,month-to-month,fiber,electronic_check,basic,past
0,5.5,63.87,3,2,1,2.92,two-year,dsl,electronic_check,basic,current
0,41.0,106.8,3,2,2,1.05,one-year,fiber,electronic_check,plus,current
0,34.6,53.69,1,2,0,0.66,one-year,dsl,credit_card,premium,never
0,6.9,37.86,2,2,0,0.88,month-to-month,dsl,credit_card,plus,past
0,35.1,56.48,2,2,1,2.72,month-to-month,fiber,electronic_check,basic,past
0,7.3,68.67,1,3,0,3.2,month-to-month,dsl,electronic_check,basic,past
0,33.9,44.31,2,2,0,2.16,one-year,dsl,electronic_check,plus,past
0,37.8,84.4,0,3,1,2.66,month-to-month,none,electronic_check,premium,never
0,24.1,77.79,3,2,0,3.53,one-year,fiber,electronic_check,basic,past
0,7.5,84.85,1,1,1,0.93,one-year,dsl,electronic_check,basic,past
0,29.6,67.69,1,2,1,1.59,one-year,dsl,bank_transfer,plus,never
0,24.7,76.46,1,3,1,0.99,month-to-month,none,bank_transfer,plus,never
0,7.5,84.37,2,2,3,3.27,one-year,fiber,credit_card,basic,past
0,8.6,50.08,3,2,1,2.75,one-year,fiber,credit_card,plus,past
0,17.0,35.92,2,1,0,2.08,one-year,dsl,bank_transfer,plus,current
0,11.8,59.48,2,4,1,1.28,two-year,dsl,electronic_check,basic,current
1,7.0,68.39,0,4,0,2.19,month-to-month,none,credit_card,premium,past
0,5.7,48.1,1,2,1,1.94,month-to-month,none,credit_card,basic,past
1,4.3,79.81,2,2,0,1.11,month-to-month,dsl,bank_transfer,basic,never
0,6.1,32.23,3,2,0,1.42,month-to-month,fiber,credit_card,basic,past
0,14.0,96.86,2,3,1,3.06,two-year,fiber,electronic_check,basic,past
0,12.2,84.4,0,2,1,4.21,month-to-month,none,electronic_check,basic,never
0,12.8,59.22,2,4,1,4.86,month-to-month,none,bank_transfer,premium,never
0,7.6,50.69,1,3,2,3.66,month-to-month,dsl,electronic_check,premium,current
0,28.8,57.15,1,1,1,2.53,month-to-month,fiber,electronic_check,plus,past
1,3.3,132.12,3,1,1,3.61,month-to-month,fiber,electronic_check,plus,past
1,15.0,74.59,3,2,1,2.54,month-to-month,fiber,electronic_check,basic,never
0,59.2,69.72,2,2,2,3.33,month-to-month,dsl,electronic_check,basic,never
0,6.1,67.04,1,2,1,1.89,one-year,none,electronic_check,plus,never
0,13.5,44.38,2,1,0,2.98,one-year,fiber,bank_transfer,plus,never
0,1.3,93.13,2,2,0,3.25,month-to-month,fiber,electronic_check,plus,never
0,11.2,43.27,3,2,1,0.97,two-year,fiber,electronic_check,basic,never
0,20.2,90.07,2,4,1,1.52,two-year,fiber,electronic_check,basic,past
0,72.0,71.54,3,4,0,3.39,month-to-month,fiber,electronic_check,basic,current
1,1.0,57.61,2,4,0,1.82,month-to-month,fiber,electronic_check,basic,current
0,0.2,78.45,1,2,1,1.91,two-year,fiber,electronic_check,plus,current
0,2.6,71.71,3,2,0,1.68,month-to-month,fiber,electronic_check,basic,never
0,10.4,71.28,2,1,1,2.4,one-year,fiber,bank_transfer,basic,current
0,23.6,74.98,2,0,0,2.21,month-to-month,dsl,credit_card,premium,never
1,2.9,90.62,3,3,0,2.0,month-to-month,fiber,bank_transfer,basic,never
1,5.8,48.54,1,3,2,1.79,month-to-month,fiber,bank_transfer,basic,past
0,26.4,55.65,1,4,0,0.6,one-year,fiber,electronic_check,basic,never
0,16.6,72.22,1,3,0,4.32,month-to-month,none,bank_transfer,basic,never
1,18.3,62.49,2,4,0,2.18,one-year,fiber,bank_transfer,basic,past
0,2.0,93.94,3,3,1,0.0,month-to-month,dsl,credit_card,basic,never
0,4.0,62.47,1,2,0,2.06,two-year,fiber,electronic_check,basic,never
0,1.4,52.32,1,1,0,3.87,month-to-month,fiber,credit_card,basic,current
0,72.0,65.54,1,2,1,3.95,month-to-month,fiber,credit_card,plus,current
1,12.0,99.33,3,1,2,1.64,month-to-month,dsl,electronic_check,basic,never
0,4.1,92.05,3,1,0,2.75,month-to-month,dsl,electronic_check,basic,current
0,66.1,38.54,2,4,0,3.18,two-year,fiber,bank_transfer,premium,past
1,30.4,73.74,3,2,0,4.69,month-to-month,fiber,electronic_check,basic,never
0,9.5,132.19,2,2,0,0.37,two-year,dsl,credit_card,basic,current
0,14.3,74.03,4,1,0,3.1,month-to-month,fiber,bank_transfer,plus,past
0,26.5,29.63,1,4,1,0.11,month-to-month,none,electronic_check,basic,never
0,72.0,66.6,1,4,1,2.13,month-to-month,dsl,electronic_check,basic,past
0,5.8,54.39,1,4,0,2.22,two-year,none,bank_transfer,premium,never
0,5.6,30.84,0,2,1,3.5,month-to-month,none,electronic_check,basic,current
0,19.2,68.15,2,2,1,2.15,one-year,dsl,bank_transfer,plus,never
0,17.3,98.47,1,0,1,1.75,month-to-month,dsl,bank_transfer,plus,current
0,20.3,50.81,3,4,0,3.77,one-year,fiber,electronic_check,basic,current
0,34.3,50.07,1,1,2,3.79,month-to-month,none,electronic_check,plus,past
0,24.5,58.83,1,1,1,3.18,month-to-month,fiber,electronic_check,basic,never
0,0.8,66.11,2,1,1,2.92,month-to-month,fiber,electronic_check,plus,never
0,46.8,47.94,2,3,1,3.53,month-to-month,fiber,electronic_check,basic,past
0,0.9,44.15,3,3,0,1.83,month-to-month,fiber,electronic_check,basic,past
0,16.3,83.89,2,1,0,0.83,two-year,fiber,bank_transfer,basic,never
0,29.0,87.26,1,1,1,2.9,one-year,fiber,electronic_check,basic,past
0,44.0,31.47,2,1,0,3.82,month-to-month,none,bank_transfer,plus,current
0,72.0,38.13,2,0,0,2.59,one-year,dsl,electronic_check,plus,current
0,47.5,51.57,2,4,0,4.23,month-to-month,fiber,bank_transfer,basic,past
0,2.4,80.83,3,4,4,1.97,month-to-month,dsl,credit_card,basic,never
0,12.2,89.81,2,5,0,3.66,month-to-month,fiber,bank_transfer,basic,current
1,48.2,54.85,1,5,0,2.73,month-to-month,fiber,credit_card,basic,past
0,9.1,32.42,2,4,0,2.92,month-to-month,fiber,credit_card,basic,past
0,12.8,35.92,2,2,1,2.15,month-to-month,none,bank_transfer,plus,never
0,9.3,57.36,2,0,0,3.47,two-year,fiber,electronic_check,premium,current
0,4.1,74.36,2,3,0,1.41,month-to-month,fiber,electronic_check,basic,current
0,36.3,111.66,3,2,1,1.98,month-to-month,fiber,credit_card,basic,never
0,2.8,44.01,2,2,1,1.01,two-year,none,credit_card,basic,never
0,5.5,101.23,1,4,1,3.55,month-to-month,dsl,electronic_check,basic,never
0,40.2,87.58,2,3,0,1.88,month-to-month,dsl,credit_card,basic,never
1,9.5,106.5,2,6,0,6.47,month-to-month,fiber,bank_transfer,basic,past
1,11.8,75.68,3,3,0,2.59,month-to-month,fiber,credit_card,basic,never
0,39.6,67.07,3,1,0,4.02,month-to-month,fiber,electronic_check,plus,never
0,20.3,65.96,3,1,1,4.02,month-to-month,fiber,bank_transfer,basic,never
0,5.2,96.24,1,3,0,1.65,two-year,fiber,electronic_check,basic,never
0,30.7,22.34,1,3,2,2.35,month-to-month,fiber,bank_transfer,basic,past
0,28.0,45.56,2,1,0,3.34,month-to-month,dsl,bank_transfer,basic,past
1,3.9,87.27,3,3,0,2.05,month-to-month,fiber,electronic_check,plus,past
0,16.6,80.31,2,4,0,1.82,month-to-month,fiber,electronic_check,basic,never
0,11.8,81.33,1,0,1,2.45,month-to-month,fiber,electronic_check,plus,current
0,23.1,78.62,2,1,1,2.32,one-year,fiber,electronic_check,plus,past
0,20.3,68.32,3,1,0,4.12,month-to-month,dsl,bank_transfer,basic,never
0,1.6,23.75,2,3,0,2.2,month-to-month,fiber,electronic_check,basic,past
0,11.5,107.71,1,3,2,2.96,two-year,dsl,electronic_check,basic,never
0,38.0,102.18,4,1,0,1.68,month-to-month,dsl,bank_transfer,basic,past
1,6.5,108.33,2,2,0,2.12,month-to-month,fiber,bank_transfer,basic,never
0,26.0,31.34,4,2,1,1.96,two-year,dsl,electronic_check,basic,never
0,30.5,46.85,1,1,1,2.71,two-year,none,electronic_check,plus,past
0,7.0,75.1,2,1,0,1.74,month-to-month,dsl,credit_card,plus,past
0,70.5,94.79,2,1,0,4.1,one-year,none,electronic_check,basic,never
0,48.8,114.11,3,0,1,0.97,month-to-month,fiber,credit_card,premium,past
0,1.4,91.69,1,3,0,2.08,one-year,fiber,electronic_check,basic,never
0,9.6,81.43,1,3,0,4.21,month-to-month,dsl,credit_card,basic,never
0,27.7,131.59,1,2,1,4.98,one-year,fiber,credit_card,plus,current
0,72.0,83.72,1,2,1,1.35,month-to-month,dsl,bank_transfer,basic,past
1,31.7,53.98,3,2,1,2.22,month-to-month,fiber,electronic_check,basic,current
0,7.1,58.07,2,1,1,4.16,month-to-month,fiber,credit_card,basic,current
0,29.4,132.66,3,2,1,2.01,month-to-month,dsl,electronic_check,plus,never
0,6.0,79.92,2,1,0,3.87,one-year,fiber,bank_transfer,premium,past
0,2.0,78.99,2,2,1,1.37,one-year,dsl,electronic_check,basic,never
0,1.0,30.28,2,0,0,2.43,month-to-month,fiber,credit_card,premium,past
1,2.2,74.09,2,2,1,3.03,one-year,fiber,bank_transfer,basic,never
0,9.0,34.48,2,2,0,5.4,one-year,fiber,electronic_check,premium,never
0,46.4,60.06,2,3,0,0.5,month-to-month,dsl,credit_card,basic,past
0,53.7,48.97,2,2,1,1.0,month-to-month,none,credit_card,basic,never
0,2.2,47.35,1,3,1,1.64,month-to-month,fiber,electronic_check,plus,past
1,10.6,41.77,2,2,0,2.17,month-to-month,dsl,electronic_check,basic,never
0,0.5,82.41,1,3,0,2.54,one-year,fiber,bank_transfer,basic,never
1,16.1,103.55,2,1,1,2.8,month-to-month,fiber,bank_transfer,basic,never
0,14.1,34.8,2,1,0,3.51,one-year,fiber,electronic_check,basic,never
0,0.4,65.29,1,1,1,4.64,month-to-month,fiber,electronic_check,basic,current
0,4.8,29.54,3,4,0,3.54,two-year,fiber,bank_transfer,basic,past
0,0.1,23.68,2,2,0,3.42,month-to-month,fiber,electronic_check,plus,past
0,23.9,22.54,1,1,1,1.18,month-to-month,none,electronic_check,basic,past
0,21.1,44.31,3,1,2,3.71,month-to-month,fiber,bank_transfer,plus,past
0,25.1,35.54,3,1,0,5.77,month-to-month,dsl,bank_transfer,basic,past
0,8.1,77.28,2,2,2,3.93,two-year,fiber,credit_card,premium,never
0,1.3,60.27,0,3,2,2.99,month-to-month,none,credit_card,basic,current
0,12.7,109.05,3,2,1,0.56,one-year,dsl,bank_transfer,plus,past
0,23.1,38.74,2,2,0,0.85,month-to-month,dsl,electronic_check,plus,never
0,43.4,10.0,1,5,2,3.34,month-to-month,none,credit_card,basic,never
0,0.5,71.46,2,4,0,1.69,month-to-month,fiber,credit_card,plus,current
0,9.3,86.52,2,2,4,3.02,one-year,dsl,electronic_check,plus,past
0,22.9,87.92,2,3,1,3.19,month-to-month,fiber,bank_transfer,basic,current
0,21.1,56.47,2,2,1,1.34,month-to-month,dsl,electronic_check,plus,never
1,9.2,81.5,3,3,2,3.64,month-to-month,fiber,electronic_check,basic,never
0,22.6,68.85,3,2,2,1.2,month-to-month,dsl,bank_transfer,basic,current
0,20.4,28.47,2,3,0,3.06,month-to-month,dsl,credit_card,basic,past
0,10.7,65.59,2,2,0,2.47,one-year,dsl,electronic_check,basic,never
0,26.3,32.04,1,2,1,1.59,month-to-month,dsl,bank_transfer,basic,current
0,17.7,24.1,1,0,0,2.93,two-year,none,electronic_check,premium,current
0,16.7,32.85,2,2,1,0.7,month-to-month,dsl,bank_transfer,basic,past
0,27.5,76.62,3,1,0,2.1,month-to-month,dsl,bank_transfer,premium,never
0,2.9,65.04,2,3,0,1.22,month-to-month,none,electronic_check,basic,current
1,3.5,51.12,2,3,0,2.9,month-to-month,dsl,electronic_check,basic,never
0,12.0,51.28,2,1,0,2.81,month-to-month,dsl,electronic_check,basic,past
1,0.4,74.45,2,1,0,2.69,month-to-month,fiber,credit_card,plus,past
0,4.5,67.22,1,1,1,1.09,month-to-month,dsl,bank_transfer,plus,current
0,12.0,23.46,1,2,0,2.37,month-to-month,none,electronic_check,basic,never
0,1.5,88.59,2,4,1,3.35,one-year,fiber,bank_transfer,plus,past
1,20.4,57.19,4,2,0,5.3,two-year,dsl,credit_card,basic,past
0,9.2,113.83,2,3,0,1.58,one-year,dsl,bank_transfer,plus,current
0,37.0,85.58,3,2,1,1.34,month-to-month,fiber,bank_transfer,plus,current
0,14.6,76.73,3,2,1,0.94,month-to-month,dsl,credit_card,basic,current
0,4.2,29.64,2,3,0,2.62,month-to-month,fiber,electronic_check,basic,past
0,2.2,27.27,2,1,1,1.81,month-to-month,dsl,electronic_check,basic,past
0,23.3,58.15,3,2,1,3.62,one-year,fiber,credit_card,basic,past
0,2.3,38.93,3,0,2,2.45,one-year,fiber,credit_card,plus,current
0,4.4,65.29,3,4,1,3.06,month-to-month,fiber,electronic_check,basic,past
0,3.9,47.23,1,1,0,3.97,month-to-month,fiber,electronic_check,plus,current
0,17.5,52.48,2,1,0,1.61,two-year,fiber,electronic_check,premium,past
1,9.8,108.18,1,5,1,1.56,month-to-month,none,bank_transfer,basic,never
1,10.6,90.38,3,1,0,2.45,one-year,fiber,electronic_check,plus,past
0,1.0,45.22,3,2,0,4.55,one-year,fiber,electronic_check,basic,past
1,2.4,67.95,4,4,1,1.22,month-to-month,dsl,credit_card,plus,never
1,8.2,79.81,1,4,1,2.48,month-to-month,dsl,electronic_check,basic,never
1,5.2,41.53,2,2,0,1.85,one-year,fiber,electronic_check,basic,never
0,8.2,76.29,1,4,0,2.33,two-year,dsl,electronic_check,plus,past
0,15.9,82.46,1,5,1,2.01,month-to-month,none,electronic_check,basic,current
0,8.0,79.26,2,1,1,1.2,month-to-month,dsl,electronic_check,basic,never
0,23.2,64.48,1,2,0,0.0,two-year,dsl,electronic_check,premium,past
0,0.5,98.81,2,2,0,4.57,month-to-month,fiber,bank_transfer,basic,current
0,9.0,55.91,2,0,0,1.84,month-to-month,fiber,bank_transfer,plus,past
1,6.2,84.6,0,4,2,3.42,month-to-month,none,bank_transfer,basic,past
1,4.6,98.06,1,1,2,1.08,month-to-month,dsl,credit_card,basic,never
1,8.5,91.12,3,2,1,3.5,month-to-month,fiber,credit_card,basic,never
0,10.6,66.77,2,3,1,1.94,month-to-month,dsl,bank_transfer,basic,never
0,19.1,59.83,1,1,0,1.54,month-to-month,dsl,electronic_check,basic,current
0,19.8,32.15,1,3,1,2.21,two-year,fiber,electronic_check,basic,current
1,21.4,86.65,3,2,1,2.73,one-year,dsl,electronic_check,basic,past
1,33.1,102.25,1,3,2,1.39,two-year,fiber,electronic_check,basic,current
0,25.1,86.9,2,0,0,1.01,one-year,fiber,electronic_check,premium,never
0,3.9,84.66,1,6,0,4.12,one-year,dsl,electronic_check,basic,current
0,23.6,43.7,2,2,1,1.52,one-year,dsl,credit_card,basic,never
0,37.3,91.82,0,1,3,2.02,month-to-month,none,electronic_check,basic,past
1,2.2,78.88,2,3,0,0.97,month-to-month,fiber,electronic_check,plus,past
0,15.9,55.73,2,2,0,3.65,month-to-month,fiber,credit_card,basic,past
0,2.3,74.39,2,2,0,2.5,month-to-month,dsl,credit_card,plus,never
0,14.8,78.2,3,3,1,2.04,month-to-month,dsl,bank_transfer,basic,past
0,1.3,53.0,3,3,0,0.6,month-to-month,fiber,electronic_check,basic,past
0,22.2,53.79,2,2,1,1.84,month-to-month,dsl,electronic_check,basic,never
0,9.8,32.55,1,0,1,2.15,month-to-month,fiber,bank_transfer,plus,never
0,17.6,44.43,1,2,0,2.63,one-year,fiber,credit_card,plus,current
0,1.7,70.28,3,0,0,0.0,one-year,dsl,credit_card,plus,past
0,17.5,28.97,3,1,0,2.32,month-to-month,fiber,bank_transfer,basic,past
0,1.9,107.55,2,0,0,0.99,month-to-month,fiber,credit_card,plus,current
0,12.6,100.83,2,4,2,2.99,one-year,dsl,electronic_check,basic,never
0,13.9,140.08,1,2,0,2.17,two-year,fiber,credit_card,plus,current
0,50.1,55.42,1,2,0,2.64,month-to-month,none,electronic_check,basic,never
0,15.5,24.5,3,2,0,1.29,month-to-month,dsl,electronic_check,premium,past
0,31.0,76.63,3,1,0,2.24,month-to-month,dsl,electronic_check,basic,never
0,2.7,58.79,1,2,0,3.64,one-year,fiber,electronic_check,basic,current
0,2.3,70.24,1,1,1,2.77,month-to-month,none,bank_transfer,premium,past
0,17.2,72.17,2,2,1,0.95,two-year,fiber,electronic_check,basic,past
0,5.7,86.98,3,0,2,0.84,one-year,dsl,electronic_check,plus,current
0,10.8,33.11,2,1,2,1.89,month-to-month,fiber,bank_transfer,basic,past
1,15.5,94.55,2,4,1,2.36,month-to-month,fiber,electronic_check,basic,past
0,24.2,38.25,1,4,1,2.24,two-year,fiber,electronic_check,basic,past
0,17.3,109.97,3,2,1,0.68,month-to-month,dsl,electronic_check,basic,never
0,5.6,133.99,2,0,1,4.49,one-year,fiber,credit_card,plus,never
0,19.2,90.53,0,4,0,3.24,month-to-month,none,bank_transfer,basic,never
0,19.5,86.65,1,2,0,1.77,two-year,dsl,bank_transfer,plus,current
0,4.7,100.44,0,0,0,1.26,month-to-month,none,credit_card,plus,never
0,15.6,68.09,2,5,1,3.36,month-to-month,dsl,electronic_check,plus,never
0,18.0,64.25,3,2,1,1.61,month-to-month,fiber,bank_transfer,plus,never
0,20.3,107.69,2,3,1,3.11,month-to-month,fiber,electronic_check,basic,past
1,16.9,10.0,2,3,1,3.93,month-to-month,fiber,credit_card,basic,never
0,9.1,60.72,2,4,0,2.43,two-year,fiber,electronic_check,basic,current
0,37.7,31.33,3,3,1,1.09,month-to-month,dsl,credit_card,basic,never
1,9.1,97.78,1,1,0,1.6,month-to-month,none,electronic_check,basic,never
0,30.3,75.35,2,1,0,2.04,month-to-month,dsl,electronic_check,basic,past
0,41.5,30.46,2,2,0,2.87,one-year,fiber,credit_card,basic,never
0,46.8,81.04,1,3,1,0.65,one-year,dsl,bank_transfer,basic,past
0,46.4,32.54,1,4,1,2.29,month-to-month,dsl,credit_card,premium,never
0,0.4,82.34,1,2,1,3.88,month-to-month,fiber,electronic_check,plus,past
0,53.7,88.91,2,0,0,0.6,month-to-month,fiber,electronic_check,plus,never
1,55.7,125.54,3,1,0,1.46,month-to-month,dsl,electronic_check,basic,current
1,1.3,42.07,4,0,2,3.69,month-to-month,fiber,electronic_check,plus,never
0,16.8,23.09,1,2,1,2.95,one-year,fiber,electronic_check,basic,never
0,1.3,67.31,2,2,1,3.89,month-to-month,fiber,credit_card,plus,current
0,4.6,57.77,1,1,1,2.45,one-year,fiber,electronic_check,basic,past
0,32.7,110.82,1,1,1,1.34,month-to-month,fiber,credit_card,premium,never
0,26.5,71.95,2,2,1,3.33,two-year,fiber,electronic_check,basic,past
0,9.9,83.16,1,4,1,1.32,month-to-month,dsl,electronic_check,basic,never
0,25.6,51.68,4,2,1,2.18,month-to-month,dsl,electronic_check,plus,past
1,3.4,81.79,0,3,1,4.18,month-to-month,none,credit_card,basic,past
0,58.0,80.41,2,2,0,2.13,one-year,dsl,electronic_check,plus,past
0,15.0,52.19,3,1,0,3.42,one-year,fiber,electronic_check,basic,never
0,6.2,86.93,2,3,2,3.79,one-year,fiber,credit_card,plus,past
0,40.5,35.32,3,2,0,3.02,month-to-month,dsl,bank_transfer,plus,never
0,2.3,70.71,2,1,1,2.45,one-year,dsl,electronic_check,plus,never
0,10.8,57.53,1,1,1,1.45,month-to-month,none,credit_card,plus,past
0,27.9,104.56,3,2,0,1.81,one-year,dsl,credit_card,basic,past
1,9.0,58.89,3,0,1,3.1,month-to-month,fiber,electronic_check,plus,past
0,6.7,71.89,2,4,3,0.18,two-year,dsl,bank_transfer,basic,past
0,23.9,69.78,2,3,0,1.79,one-year,dsl,electronic_check,basic,never
0,16.9,47.78,3,3,1,3.9,one-year,fiber,electronic_check,basic,never
1,0.1,52.48,3,3,1,2.22,month-to-month,fiber,electronic_check,basic,never
0,34.8,26.95,2,1,1,2.75,two-year,dsl,credit_card,plus,past
0,4.1,72.78,3,0,2,4.34,one-year,fiber,electronic_check,premium,current
0,22.5,53.43,4,4,0,3.04,month-to-month,fiber,credit_card,premium,current
0,3.8,53.48,2,2,0,2.31,one-year,fiber,electronic_check,basic,past
0,17.5,52.25,2,2,0,1.14,month-to-month,none,bank_transfer,basic,past
0,27.3,13.84,2,6,0,2.84,month-to-month,fiber,bank_transfer,basic,current
0,15.7,49.04,2,3,1,0.74,month-to-month,dsl,bank_transfer,basic,current
0,14.9,126.32,1,2,0,3.41,one-year,none,bank_transfer,plus,never
0,12.6,39.68,3,6,0,2.44,one-year,fiber,electronic_check,plus,past
0,23.2,83.27,3,3,0,0.52,month-to-month,dsl,electronic_check,plus,never
0,4.8,41.14,1,0,1,1.59,month-to-month,fiber,bank_transfer,plus,past
1,47.1,87.89,1,3,1,2.87,one-year,dsl,credit_card,basic,never
0,20.9,32.19,2,5,2,2.29,month-to-month,fiber,credit_card,basic,never
0,9.5,43.85,2,0,0,4.93,two-year,fiber,bank_transfer,plus,past
0,40.7,86.55,3,2,1,1.89,two-year,dsl,credit_card,basic,never
1,10.3,67.66,2,2,0,0.8,two-year,fiber,electronic_check,basic,current
0,5.1,32.82,2,1,0,2.41,one-year,fiber,electronic_check,plus,past
0,37.6,60.14,2,3,0,5.01,month-to-month,none,bank_transfer,basic,never
0,3.6,63.94,1,1,0,2.79,month-to-month,none,credit_card,plus,never
0,12.1,47.8,1,1,0,3.73,month-to-month,dsl,electronic_check,basic,current
0,0.1,89.78,4,1,0,0.0,one-year,dsl,electronic_check,basic,never
0,3.6,37.61,3,2,1,2.0,month-to-month,fiber,electronic_check,basic,never
0,67.9,113.55,3,2,2,2.83,month-to-month,fiber,credit_card,premium,past
0,25.0,23.94,1,5,0,2.27,month-to-month,none,bank_transfer,basic,past
0,7.6,47.49,2,3,0,1.89,month-to-month,dsl,bank_transfer,basic,past
0,11.6,68.92,2,1,0,1.27,month-to-month,fiber,electronic_check,premium,past
1,72.0,88.41,1,3,0,2.87,month-to-month,fiber,electronic_check,basic,current
0,2.5,59.19,2,3,1,3.09,month-to-month,fiber,electronic_check,basic,current
0,39.6,71.49,2,2,0,3.34,month-to-month,dsl,electronic_check,plus,never
0,1.3,25.94,4,0,1,2.04,two-year,fiber,credit_card,premium,current
0,31.3,53.77,2,1,2,3.17,month-to-month,fiber,electronic_check,basic,never
0,11.9,68.74,2,1,0,3.13,month-to-month,fiber,bank_transfer,premium,past
0,7.4,120.78,3,0,1,0.75,month-to-month,dsl,credit_card,plus,past
1,10.7,88.38,2,1,1,2.24,month-to-month,fiber,credit_card,basic,never
0,51.1,82.75,0,3,0,2.66,two-year,none,credit_card,basic,never
0,6.7,97.28,2,1,0,5.31,one-year,fiber,bank_transfer,plus,current
0,3.9,56.17,1,2,1,2.35,month-to-month,none,electronic_check,basic,past
0,12.7,60.95,3,1,0,2.85,one-year,fiber,bank_transfer,premium,past
0,21.3,69.53,1,3,1,2.04,month-to-month,fiber,bank_transfer,basic,never
1,23.1,123.87,1,4,1,4.64,month-to-month,fiber,credit_card,plus,past
0,0.7,58.71,2,2,0,2.82,month-to-month,fiber,bank_transfer,basic,never
0,40.6,51.2,2,2,0,3.74,one-year,fiber,electronic_check,plus,past
0,0.3,87.61,3,2,2,2.45,two-year,dsl,electronic_check,premium,never
1,8.9,60.96,3,1,2,3.49,one-year,fiber,electronic_check,plus,never
0,5.7,38.7,2,1,0,1.31,month-to-month,fiber,electronic_check,plus,never
0,48.6,53.28,0,2,1,1.46,month-to-month,none,credit_card,basic,never
0,43.4,15.27,1,1,1,3.92,month-to-month,fiber,electronic_check,basic,current
0,4.8,98.08,1,2,0,2.52,month-to-month,none,electronic_check,basic,never
0,16.7,32.93,3,2,1,1.11,month-to-month,dsl,electronic_check,basic,past
0,19.6,77.73,3,1,0,1.82,month-to-month,fiber,bank_transfer,basic,past
1,27.8,55.2,1,4,0,2.35,month-to-month,fiber,credit_card,basic,never
1,7.0,65.99,3,0,1,2.75,month-to-month,fiber,bank_transfer,premium,never
0,40.3,72.81,2,1,1,3.34,one-year,dsl,electronic_check,plus,never
0,15.1,97.81,2,0,0,0.86,month-to-month,dsl,credit_card,plus,past
0,15.7,72.31,3,4,1,5.1,month-to-month,fiber,electronic_check,basic,past
0,0.3,66.42,2,3,1,2.93,two-year,fiber,electronic_check,basic,past
0,58.6,40.49,3,1,1,3.13,one-year,fiber,electronic_check,premium,current
0,72.0,91.47,1,1,0,0.0,one-year,none,credit_card,basic,current
0,1.9,71.77,3,1,0,3.1,month-to-month,fiber,electronic_check,plus,past
0,19.6,113.49,2,3,0,1.16,month-to-month,none,bank_transfer,basic,past
1,0.3,21.3,1,1,1,0.56,month-to-month,dsl,bank_transfer,basic,never
0,1.9,66.55,1,2,1,5.25,month-to-month,none,bank_transfer,plus,past
0,56.9,93.4,1,3,0,2.22,one-year,dsl,electronic_check,basic,current
1,1.5,98.89,3,0,1,3.68,one-year,fiber,electronic_check,plus,never
0,3.7,37.39,2,1,1,2.94,month-to-month,fiber,bank_transfer,plus,past
0,33.6,62.04,4,1,0,1.24,one-year,dsl,electronic_check,plus,past
0,25.4,56.13,2,2,0,1.48,one-year,dsl,electronic_check,basic,current
0,5.8,79.35,3,1,1,3.02,month-to-month,fiber,bank_transfer,basic,current
1,2.0,72.88,2,2,0,3.74,month-to-month,fiber,bank_transfer,basic,past
0,72.0,53.07,1,1,1,5.74,month-to-month,fiber,electronic_check,basic,never
0,17.5,25.48,2,2,0,4.78,month-to-month,fiber,credit_card,plus,never
0,14.2,73.99,3,3,0,1.57,one-year,dsl,bank_transfer,basic,past
1,7.0,45.49,1,1,1,2.7,month-to-month,dsl,electronic_check,basic,never
0,3.8,84.44,4,2,0,2.67,month-to-month,fiber,electronic_check,basic,past
0,25.7,70.79,3,2,0,1.78,month-to-month,fiber,credit_card,plus,current
0,3.2,40.84,1,1,1,1.29,month-to-month,fiber,credit_card,basic,past
1,48.8,124.35,2,1,2,4.43,two-year,fiber,bank_transfer,basic,current
0,2.7,80.43,3,4,0,1.73,one-year,fiber,electronic_check,basic,past
0,8.7,62.86,3,1,1,3.11,month-to-month,dsl,electronic_check,basic,never
0,33.1,44.55,0,2,0,1.19,one-year,none,credit_card,plus,never
0,37.0,60.67,3,1,1,2.88,month-to-month,fiber,bank_transfer,basic,past
0,17.6,89.58,0,3,0,1.42,one-year,none,bank_transfer,basic,past
0,8.3,62.22,2,1,0,3.55,one-year,dsl,credit_card,premium,past
1,0.8,32.79,2,2,0,3.64,month-to-month,none,electronic_check,plus,past
0,11.8,103.22,3,1,0,1.27,one-year,dsl,electronic_check,premium,never
0,41.2,48.59,3,2,1,1.7,one-year,dsl,electronic_check,basic,past
0,1.5,78.18,1,1,1,2.81,month-to-month,fiber,electronic_check,basic,past
0,1.2,19.03,3,2,0,1.09,month-to-month,fiber,credit_card,plus,past
0,72.0,31.34,2,3,0,2.42,month-to-month,dsl,electronic_check,basic,never
0,19.7,102.08,2,3,2,3.27,month-to-month,dsl,bank_transfer,basic,never
0,19.8,43.1,3,1,1,1.24,one-year,dsl,electronic_check,plus,past
0,14.5,66.7,2,1,2,1.49,month-to-month,none,bank_transfer,plus,never
0,0.6,57.88,1,1,1,3.22,one-year,fiber,credit_card,basic,past
0,41.9,35.43,0,1,1,1.05,two-year,none,electronic_check,basic,current
0,43.1,39.31,3,3,0,4.53,month-to-month,fiber,credit_card,basic,past
0,21.4,36.65,1,1,1,3.08,month-to-month,fiber,electronic_check,basic,past
1,3.1,72.39,2,3,2,3.63,month-to-month,fiber,credit_card,basic,never
0,5.3,83.58,2,3,1,2.88,two-year,fiber,bank_transfer,basic,never
0,16.0,65.94,2,3,1,2.15,month-to-month,fiber,electronic_check,basic,never
0,3.8,127.2,2,2,0,5.52,one-year,dsl,bank_transfer,basic,past
0,9.7,64.76,3,2,1,0.6,month-to-month,fiber,bank_transfer,basic,current
0,4.3,79.89,2,0,1,3.46,month-to-month,dsl,credit_card,plus,current
0,15.6,10.0,1,3,0,1.59,month-to-month,fiber,credit_card,basic,past
0,15.5,54.44,2,1,2,3.05,month-to-month,fiber,bank_transfer,basic,never
0,18.4,120.11,3,1,0,3.27,one-year,fiber,credit_card,basic,never
1,11.7,87.9,2,3,1,1.54,one-year,fiber,credit_card,basic,past
0,20.3,55.54,3,2,1,3.61,month-to-month,none,bank_transfer,basic,never
1,4.3,68.77,1,2,1,0.0,month-to-month,dsl,electronic_check,basic,never
0,3.5,46.65,1,1,1,1.71,month-to-month,fiber,credit_card,basic,current
0,2.6,35.81,3,2,0,4.33,one-year,fiber,electronic_check,plus,never
1,21.9,73.64,2,2,0,0.16,month-to-month,dsl,electronic_check,basic,past
0,61.9,80.03,2,6,0,2.24,month-to-month,fiber,credit_card,basic,never
0,15.5,114.47,2,0,1,1.25,month-to-month,fiber,credit_card,plus,never
0,34.7,71.36,3,1,0,3.23,month-to-month,fiber,bank_transfer,plus,never
0,2.2,94.73,1,1,1,0.93,month-to-month,dsl,electronic_check,plus,past
0,15.2,81.49,2,3,1,1.83,one-year,dsl,credit_card,basic,past
0,13.5,83.07,2,3,1,1.39,two-year,dsl,electronic_check,basic,never
0,23.0,51.99,1,3,1,1.99,one-year,fiber,credit_card,plus,never
0,7.4,67.95,2,3,1,2.03,two-year,fiber,credit_card,plus,never
0,46.6,25.57,2,1,1,1.95,month-to-month,fiber,credit_card,basic,never
0,0.6,81.2,1,4,0,0.0,month-to-month,none,electronic_check,basic,past
0,0.2,70.65,2,1,1,2.5,month-to-month,fiber,electronic_check,plus,never
0,21.9,65.67,2,2,0,1.45,one-year,fiber,credit_card,basic,past
0,8.3,91.06,3,2,1,0.77,one-year,dsl,electronic_check,basic,never
0,15.5,62.68,1,4,0,3.12,month-to-month,dsl,bank_transfer,basic,never
0,7.2,92.63,3,1,0,4.65,month-to-month,dsl,bank_transfer,basic,past
0,51.1,77.05,2,2,0,2.11,month-to-month,fiber,electronic_check,basic,past
0,12.4,86.02,1,2,0,6.26,month-to-month,fiber,electronic_check,premium,never
0,33.0,71.61,1,3,1,2.62,month-to-month,dsl,electronic_check,basic,never
0,25.9,112.5,2,1,2,1.33,month-to-month,none,electronic_check,plus,never
0,19.2,57.48,2,4,0,0.71,month-to-month,fiber,credit_card,basic,never
0,0.1,67.29,3,3,0,1.99,month-to-month,fiber,bank_transfer,basic,past
0,37.5,66.02,2,0,0,1.59,month-to-month,dsl,bank_transfer,plus,past
0,35.6,74.09,1,1,0,1.94,month-to-month,none,electronic_check,basic,never
0,2.8,56.01,2,3,1,1.41,month-to-month,none,electronic_check,plus,current
0,28.8,29.36,3,2,0,1.8,one-year,fiber,electronic_check,plus,never
0,33.1,96.85,1,3,0,1.72,two-year,fiber,bank_transfer,plus,never
1,21.0,52.93,3,4,1,3.39,month-to-month,none,electronic_check,basic,current
0,9.7,59.64,3,1,1,0.08,month-to-month,dsl,bank_transfer,basic,current
0,11.5,50.24,1,0,0,1.02,two-year,fiber,electronic_check,plus,current
0,0.2,56.99,2,4,2,2.55,two-year,fiber,electronic_check,premium,past
1,32.0,41.95,2,3,0,2.56,one-year,fiber,electronic_check,basic,never
0,26.8,36.43,1,2,0,1.42,month-to-month,none,credit_card,premium,past
0,18.9,69.77,0,5,2,1.57,month-to-month,none,electronic_check,basic,past
0,45.3,72.89,2,2,0,1.14,month-to-month,dsl,bank_transfer,basic,never
0,9.4,57.24,2,1,0,1.16,month-to-month,dsl,credit_card,basic,never
0,12.3,73.42,2,2,1,3.92,one-year,fiber,electronic_check,basic,current
0,5.3,36.44,1,3,0,2.36,month-to-month,fiber,bank_transfer,plus,past
1,9.4,61.73,2,2,0,0.6,month-to-month,fiber,credit_card,basic,past
0,33.9,65.5,2,3,0,0.98,one-year,fiber,bank_transfer,basic,past
0,49.9,123.11,1,2,1,1.5,month-to-month,fiber,bank_transfer,premium,current
0,15.4,60.22,2,2,0,1.4,month-to-month,fiber,electronic_check,plus,past
0,8.5,93.79,1,3,0,0.45,month-to-month,dsl,electronic_check,basic,past
0,10.8,53.67,3,2,1,3.05,month-to-month,fiber,electronic_check,basic,current
0,18.3,47.52,2,2,1,3.65,one-year,fiber,electronic_check,basic,past
0,8.5,79.84,2,2,1,4.3,month-to-month,fiber,credit_card,basic,never
0,29.3,53.04,2,3,2,0.5,month-to-month,none,credit_card,basic,current
0,13.0,64.79,2,3,0,4.45,two-year,fiber,electronic_check,basic,current
0,14.4,85.7,2,0,0,2.87,one-year,fiber,bank_transfer,premium,current
0,1.2,50.46,2,0,0,2.65,month-to-month,fiber,credit_card,premium,current
0,5.4,74.72,2,6,2,1.93,month-to-month,dsl,bank_transfer,basic,never
0,5.2,59.36,2,1,0,2.87,month-to-month,dsl,bank_transfer,plus,past
0,14.5,65.28,3,3,1,1.44,two-year,fiber,bank_transfer,basic,current
0,8.9,73.19,4,4,0,2.5,month-to-month,dsl,bank_transfer,basic,current
0,14.9,88.95,3,2,0,2.35,one-year,fiber,credit_card,basic,past
0,4.5,79.47,1,2,1,3.13,two-year,none,electronic_check,plus,past
0,19.2,79.4,2,2,1,4.96,two-year,dsl,electronic_check,plus,never
1,0.1,98.73,2,2,1,4.37,one-year,dsl,electronic_check,basic,never
0,19.7,15.39,3,2,0,0.83,month-to-month,fiber,electronic_check,basic,never
0,21.1,88.22,2,3,0,0.07,one-year,dsl,electronic_check,basic,never
0,20.8,33.18,3,0,1,1.31,month-to-month,dsl,bank_transfer,premium,past
0,37.8,52.61,0,1,0,0.95,one-year,none,electronic_check,plus,current
0,3.7,86.12,2,3,0,2.23,one-year,none,electronic_check,plus,current
1,4.8,89.22,3,2,0,4.27,month-to-month,dsl,credit_card,basic,never
0,19.2,48.14,2,2,0,2.37,month-to-month,fiber,electronic_check,basic,never
0,14.2,90.75,2,1,0,1.36,month-to-month,dsl,electronic_check,plus,current
1,9.2,72.5,2,1,0,0.18,month-to-month,dsl,bank_transfer,premium,past
1,15.0,66.93,1,1,1,3.2,one-year,fiber,electronic_check,plus,past
0,6.7,83.62,3,0,2,0.88,one-year,dsl,electronic_check,plus,never
0,17.3,114.89,1,1,0,2.57,one-year,dsl,electronic_check,plus,never
1,21.9,44.24,3,4,1,3.71,month-to-month,fiber,bank_transfer,basic,past
0,13.5,102.15,0,3,1,2.67,two-year,none,bank_transfer,basic,past
0,0.4,68.84,0,1,0,2.94,one-year,none,electronic_check,plus,past
0,15.4,82.54,1,1,1,2.72,two-year,dsl,electronic_check,basic,never
0,7.0,61.25,2,3,1,3.02,one-year,fiber,bank_transfer,basic,never
0,21.4,65.74,2,2,1,2.73,month-to-month,dsl,electronic_check,plus,past
0,19.8,14.41,1,0,0,2.24,two-year,none,bank_transfer,plus,past
0,8.9,93.78,2,1,2,2.81,one-year,dsl,credit_card,basic,current
0,28.5,92.05,2,1,0,2.85,two-year,fiber,bank_transfer,basic,never
0,2.1,78.86,3,4,1,3.78,one-year,fiber,electronic_check,basic,never
0,13.1,74.5,2,4,1,0.8,month-to-month,fiber,credit_card,basic,current
0,1.2,70.84,2,0,1,1.8,two-year,dsl,electronic_check,plus,never
0,11.9,85.85,2,2,2,1.28,month-to-month,none,credit_card,plus,current
1,12.8,66.68,3,4,1,1.79,month-to-month,fiber,credit_card,basic,never
0,23.0,45.17,2,1,2,1.87,month-to-month,none,electronic_check,premium,never
0,6.4,57.11,3,1,1,3.8,month-to-month,fiber,electronic_check,basic,past
0,71.4,72.34,1,1,0,2.06,month-to-month,dsl,bank_transfer,plus,current
1,8.8,115.93,3,2,0,2.86,one-year,fiber,electronic_check,basic,past
0,7.8,83.99,1,2,0,0.0,one-year,none,credit_card,basic,never
1,44.1,85.84,3,1,1,1.4,two-year,dsl,electronic_check,plus,never
0,5.5,44.5,2,2,0,1.31,month-to-month,dsl,electronic_check,basic,never
1,50.6,60.33,2,5,0,5.13,month-to-month,fiber,electronic_check,basic,past
0,6.0,69.11,2,5,0,4.29,two-year,fiber,electronic_check,plus,current
1,43.6,31.47,1,2,1,0.89,one-year,none,bank_transfer,basic,never
0,4.2,60.27,4,2,0,1.12,month-to-month,dsl,bank_transfer,basic,current
0,16.7,47.35,2,1,0,1.39,one-year,fiber,bank_transfer,plus,never
0,27.6,48.7,2,0,0,1.54,month-to-month,fiber,bank_transfer,plus,past
0,29.9,71.93,4,2,1,1.65,month-to-month,dsl,electronic_check,basic,current
0,12.9,85.0,1,1,0,2.05,month-to-month,fiber,electronic_check,premium,current
0,12.9,42.21,2,1,0,2.86,one-year,fiber,electronic_check,premium,past
1,5.3,69.22,1,1,1,2.74,month-to-month,fiber,bank_transfer,basic,past
1,17.6,102.29,2,3,1,2.53,month-to-month,fiber,electronic_check,premium,current
0,19.2,59.22,2,2,0,2.97,month-to-month,fiber,bank_transfer,plus,past
0,1.6,35.44,1,2,2,1.57,one-year,dsl,bank_transfer,plus,past
0,19.6,47.78,2,1,2,3.38,one-year,none,electronic_check,basic,never
0,7.5,62.32,2,1,0,3.94,month-to-month,fiber,electronic_check,plus,never
0,6.0,29.64,3,4,0,1.09,month-to-month,dsl,credit_card,basic,past
0,3.1,87.28,2,3,0,2.43,month-to-month,dsl,electronic_check,plus,never
0,11.2,90.2,2,1,1,2.86,month-to-month,fiber,electronic_check,basic,never
1,19.6,55.54,2,2,0,3.76,month-to-month,dsl,credit_card,basic,past
1,17.0,115.36,3,5,1,0.58,month-to-month,dsl,bank_transfer,basic,past
0,24.2,94.22,1,1,0,2.21,month-to-month,fiber,electronic_check,plus,past
1,22.7,55.28,2,4,1,2.23,month-to-month,dsl,electronic_check,basic,past
0,9.6,88.07,1,1,0,4.32,month-to-month,fiber,credit_card,plus,never
0,8.6,89.99,4,1,1,3.44,one-year,fiber,credit_card,plus,current
0,35.6,98.15,3,6,0,2.74,two-year,dsl,electronic_check,basic,never
0,17.3,68.17,2,3,1,0.93,month-to-month,dsl,bank_transfer,basic,past
0,23.7,50.15,1,3,0,2.36,one-year,fiber,bank_transfer,plus,past
0,3.4,59.47,2,1,1,1.04,one-year,dsl,bank_transfer,plus,never
0,6.3,103.99,2,0,1,0.37,month-to-month,none,electronic_check,plus,past
0,1.8,83.53,1,0,1,2.32,one-year,none,bank_transfer,plus,past
1,1.7,124.19,2,4,1,1.31,month-to-month,fiber,electronic_check,basic,past
0,40.0,74.37,2,2,1,0.53,two-year,dsl,credit_card,basic,past
0,13.3,38.64,2,2,0,3.0,one-year,fiber,electronic_check,plus,never
0,72.0,53.87,1,4,2,1.0,month-to-month,fiber,bank_transfer,basic,current
0,10.7,62.22,1,4,1,1.28,month-to-month,dsl,electronic_check,basic,never
0,5.0,63.82,2,1,0,1.14,month-to-month,fiber,electronic_check,basic,past
0,2.6,57.34,2,2,2,3.49,month-to-month,dsl,bank_transfer,basic,past
0,35.5,36.18,2,4,1,2.06,month-to-month,fiber,credit_card,basic,current
0,6.7,34.77,2,0,1,2.9,two-year,dsl,electronic_check,premium,never
1,5.9,84.21,1,6,2,0.61,one-year,dsl,electronic_check,plus,never
0,0.2,109.28,3,2,1,0.5,one-year,dsl,electronic_check,plus,never
0,13.9,100.83,3,1,1,1.97,month-to-month,none,bank_transfer,basic,never
0,11.1,58.92,2,3,0,3.48,one-year,fiber,electronic_check,plus,current
0,15.5,92.94,2,4,1,2.82,month-to-month,fiber,electronic_check,basic,never
0,1.2,45.44,3,3,1,3.39,month-to-month,fiber,credit_card,basic,past
1,4.5,57.08,4,2,1,2.92,month-to-month,fiber,electronic_check,basic,current
1,3.0,122.22,2,1,2,3.89,month-to-month,fiber,bank_transfer,basic,past
0,6.6,93.31,2,2,0,1.86,two-year,fiber,electronic_check,basic,never
1,25.6,75.62,2,1,0,3.35,month-to-month,fiber,electronic_check,basic,never
0,36.4,52.25,2,4,0,2.91,month-to-month,none,electronic_check,plus,current
0,18.0,80.91,1,2,0,3.41,month-to-month,fiber,bank_transfer,basic,past
0,0.7,53.88,3,2,2,0.26,one-year,dsl,electronic_check,plus,past
1,29.6,73.37,1,2,1,1.89,month-to-month,fiber,bank_transfer,basic,never
0,1.8,93.13,2,2,0,4.81,month-to-month,dsl,electronic_check,basic,past
0,8.8,139.55,2,2,0,2.15,one-year,dsl,bank_transfer,basic,past
0,20.6,77.2,1,1,1,0.99,month-to-month,dsl,electronic_check,basic,never
0,27.6,97.78,3,0,0,0.83,month-to-month,dsl,bank_transfer,plus,current
1,3.1,98.29,3,2,1,4.42,month-to-month,fiber,electronic_check,basic,past
0,27.1,10.0,2,1,1,1.84,month-to-month,fiber,bank_transfer,plus,current
0,31.2,74.44,3,3,0,1.82,month-to-month,none,electronic_check,basic,never
0,36.6,59.53,4,0,0,3.36,month-to-month,fiber,credit_card,plus,past
0,31.5,80.04,2,1,0,3.07,two-year,fiber,electronic_check,plus,past
0,1.4,81.53,2,2,1,0.6,one-year,fiber,electronic_check,plus,past
0,20.7,32.8,4,2,1,3.9,two-year,dsl,bank_transfer,basic,current
0,15.0,71.53,2,4,1,1.17,month-to-month,dsl,bank_transfer,basic,past
0,1.0,25.89,1,2,1,1.04,month-to-month,none,bank_transfer,basic,never
1,18.9,86.28,2,3,2,3.39,month-to-month,fiber,electronic_check,basic,past
0,25.2,45.29,1,4,1,1.38,month-to-month,none,bank_transfer,basic,past
0,8.1,86.11,1,3,0,1.88,month-to-month,fiber,credit_card,basic,current
0,9.5,63.31,3,2,0,2.36,month-to-month,dsl,bank_transfer,plus,never
0,28.0,101.35,3,1,2,1.7,two-year,dsl,electronic_check,basic,past
0,3.3,71.95,1,4,0,2.67,month-to-month,fiber,credit_card,basic,past
0,47.4,56.21,1,2,0,0.4,one-year,none,electronic_check,plus,never
0,2.9,81.97,3,2,0,1.48,one-year,dsl,credit_card,plus,past
0,18.2,77.32,3,4,0,3.12,two-year,dsl,electronic_check,basic,current
0,25.2,10.0,2,3,1,2.74,one-year,fiber,bank_transfer,plus,past
0,25.5,52.38,1,1,1,0.0,month-to-month,dsl,electronic_check,basic,current
0,58.4,50.99,2,3,2,3.75,month-to-month,fiber,bank_transfer,basic,never
0,0.9,72.13,2,4,0,2.78,month-to-month,fiber,electronic_check,plus,past
0,1.8,89.5,2,4,1,3.23,month-to-month,fiber,electronic_check,basic,never
1,14.7,91.73,2,1,2,2.8,month-to-month,fiber,credit_card,basic,current
0,47.6,80.68,1,2,1,3.03,one-year,fiber,bank_transfer,basic,never
0,25.3,43.51,3,2,1,3.2,month-to-month,fiber,electronic_check,plus,past
0,3.7,79.32,2,3,1,1.51,month-to-month,fiber,credit_card,plus,past
0,9.9,125.28,3,3,0,3.96,month-to-month,dsl,electronic_check,basic,past
0,12.4,101.39,1,1,0,0.0,one-year,dsl,bank_transfer,basic,past
0,5.2,33.26,2,6,0,1.01,month-to-month,fiber,electronic_check,basic,current
0,1.7,48.38,2,2,2,3.2,one-year,dsl,electronic_check,basic,never
0,42.5,27.66,2,2,0,0.31,month-to-month,dsl,electronic_check,basic,past
0,20.3,76.67,3,4,1,3.46,month-to-month,dsl,credit_card,basic,never
0,5.3,67.42,2,2,2,3.2,month-to-month,dsl,bank_transfer,basic,current
1,23.0,94.49,1,2,0,1.67,month-to-month,fiber,electronic_check,basic,never
0,15.1,52.69,2,4,1,2.71,month-to-month,dsl,electronic_check,plus,past
0,9.9,121.58,2,2,1,2.1,two-year,dsl,bank_transfer,basic,never
0,4.8,50.6,2,2,0,4.3,month-to-month,dsl,electronic_check,premium,past
0,5.0,89.49,2,4,1,2.06,month-to-month,dsl,bank_transfer,basic,current
0,44.9,38.24,1,1,0,3.21,month-to-month,dsl,credit_card,plus,never
0,4.7,24.94,2,1,0,1.27,month-to-month,fiber,electronic_check,plus,past
0,3.5,52.89,2,1,1,2.33,month-to-month,dsl,electronic_check,basic,past
0,19.4,64.0,2,2,0,2.39,month-to-month,fiber,electronic_check,basic,never
0,9.3,81.96,2,3,2,3.34,month-to-month,dsl,credit_card,plus,never
0,16.5,72.76,3,3,0,1.15,month-to-month,dsl,electronic_check,basic,past
0,2.9,88.39,3,2,0,2.66,month-to-month,fiber,bank_transfer,basic,current
0,4.1,32.32,2,3,1,0.77,one-year,dsl,bank_transfer,premium,current
0,6.7,61.91,3,0,1,1.82,month-to-month,fiber,electronic_check,premium,never
0,9.1,34.19,2,5,1,4.65,one-year,fiber,credit_card,basic,never
0,30.5,39.5,3,0,0,2.65,one-year,fiber,electronic_check,premium,current
0,4.2,90.58,2,3,0,2.87,month-to-month,none,electronic_check,basic,current
0,14.6,123.18,1,1,1,4.97,month-to-month,fiber,electronic_check,plus,current
0,19.1,43.58,3,2,0,2.24,one-year,fiber,credit_card,basic,never
0,30.0,71.71,2,1,0,2.95,one-year,fiber,credit_card,basic,current
0,2.5,90.51,2,3,0,1.59,two-year,dsl,bank_transfer,basic,current
1,2.4,105.03,2,1,1,2.32,one-year,fiber,bank_transfer,basic,never
0,27.0,36.98,2,3,1,1.31,month-to-month,fiber,credit_card,basic,current
1,29.5,130.94,1,1,1,0.6,one-year,fiber,electronic_check,basic,past
0,72.0,57.04,2,2,1,3.82,month-to-month,dsl,electronic_check,plus,past
0,13.4,69.42,0,0,0,0.0,month-to-month,none,credit_card,plus,past
0,16.1,60.25,1,1,1,3.55,one-year,fiber,electronic_check,basic,past
0,34.5,10.0,3,3,1,3.26,two-year,fiber,electronic_check,plus,never
0,7.3,37.67,2,3,2,2.9,month-to-month,fiber,electronic_check,plus,current
0,42.1,54.03,1,0,0,2.95,month-to-month,dsl,credit_card,plus,never
0,53.5,63.42,2,1,0,2.16,month-to-month,dsl,bank_transfer,plus,past
0,0.9,77.34,2,3,1,1.08,two-year,dsl,electronic_check,premium,past
1,16.1,58.87,2,3,0,2.76,month-to-month,dsl,electronic_check,basic,past
0,0.5,56.18,2,4,1,1.41,one-year,none,electronic_check,plus,never
0,9.7,51.49,2,1,0,3.07,month-to-month,fiber,electronic_check,plus,current
0,11.0,107.43,2,3,0,0.37,month-to-month,dsl,electronic_check,premium,never
1,4.3,121.29,2,5,1,2.53,month-to-month,fiber,electronic_check,basic,past
0,54.5,42.02,1,2,2,3.25,month-to-month,fiber,electronic_check,basic,never
0,13.3,27.69,1,0,0,4.06,one-year,fiber,bank_transfer,premium,never
0,7.9,88.78,2,4,0,1.46,month-to-month,dsl,credit_card,basic,past
0,16.1,65.09,3,2,1,2.87,month-to-month,dsl,electronic_check,basic,current
0,45.9,28.4,3,0,0,1.01,month-to-month,dsl,electronic_check,plus,never
0,2.1,60.15,1,2,1,4.66,month-to-month,fiber,electronic_check,basic,current
1,12.0,97.82,3,4,0,2.6,month-to-month,fiber,electronic_check,basic,past
0,15.3,73.37,3,1,1,3.52,month-to-month,dsl,electronic_check,premium,never
0,30.0,45.93,2,5,1,0.16,one-year,dsl,electronic_check,plus,past
0,11.5,36.78,3,4,2,2.57,month-to-month,dsl,credit_card,basic,past
0,9.2,102.63,2,5,0,0.61,month-to-month,none,bank_transfer,basic,never
0,14.4,41.66,1,5,0,3.43,two-year,dsl,credit_card,plus,never
0,9.4,93.78,1,2,0,1.55,month-to-month,dsl,electronic_check,basic,current
0,12.3,87.32,1,1,0,3.35,two-year,fiber,electronic_check,premium,past
1,28.3,101.25,0,5,2,0.31,month-to-month,none,bank_transfer,basic,past
0,8.8,80.75,1,2,1,2.13,two-year,none,credit_card,plus,past
0,5.6,23.73,2,3,0,3.74,month-to-month,fiber,bank_transfer,basic,current
0,10.9,54.43,3,0,0,3.57,month-to-month,fiber,electronic_check,plus,past
0,3.4,72.43,1,2,1,0.6,one-year,fiber,electronic_check,basic,never
0,70.2,81.05,3,2,0,5.09,month-to-month,fiber,electronic_check,basic,current
0,34.7,68.6,1,2,1,2.1,one-year,dsl,credit_card,basic,current
0,1.2,87.76,2,3,0,1.86,one-year,fiber,electronic_check,plus,current
1,2.1,105.58,3,5,1,1.75,one-year,fiber,electronic_check,basic,current
1,12.1,66.22,1,6,1,2.13,month-to-month,dsl,credit_card,basic,past
0,20.0,91.79,1,1,2,2.39,one-year,fiber,electronic_check,plus,past
0,26.3,72.76,0,3,0,1.3,month-to-month,none,bank_transfer,basic,never
0,3.8,107.34,3,2,1,3.01,month-to-month,dsl,bank_transfer,basic,past
1,19.2,97.39,1,2,0,2.6,month-to-month,fiber,electronic_check,basic,never
0,13.1,66.58,4,4,0,3.66,month-to-month,fiber,bank_transfer,basic,current
0,9.5,76.63,1,5,0,0.6,two-year,fiber,electronic_check,basic,never
0,3.4,80.56,2,3,3,3.34,one-year,dsl,bank_transfer,basic,past
0,13.0,38.12,1,5,0,2.15,month-to-month,none,electronic_check,basic,past
0,17.2,55.5,3,1,1,0.0,one-year,dsl,electronic_check,basic,past
0,0.7,115.77,2,1,1,2.16,one-year,fiber,electronic_check,basic,never
1,12.4,104.82,2,2,0,2.99,month-to-month,fiber,electronic_check,basic,never
1,63.2,94.34,1,2,1,3.31,month-to-month,fiber,credit_card,basic,current
0,10.6,53.7,3,5,0,1.7,month-to-month,fiber,credit_card,basic,never
0,6.3,94.52,2,1,1,1.89,one-year,fiber,credit_card,basic,past
0,46.0,88.59,3,0,0,2.81,month-to-month,dsl,credit_card,plus,never
0,2.0,82.73,2,1,0,1.81,month-to-month,dsl,bank_transfer,plus,never
0,14.9,74.48,3,3,0,4.19,month-to-month,fiber,bank_transfer,basic,current
0,16.2,108.2,1,1,0,2.54,month-to-month,fiber,bank_transfer,basic,never
0,2.1,83.57,3,2,2,1.55,month-to-month,fiber,credit_card,basic,past
0,9.7,58.97,2,2,1,2.69,month-to-month,fiber,electronic_check,basic,current
0,0.9,99.88,2,1,1,2.06,one-year,fiber,electronic_check,basic,past
1,7.2,28.23,2,3,2,3.0,month-to-month,fiber,electronic_check,plus,current
1,28.4,34.8,2,2,2,2.73,month-to-month,fiber,electronic_check,basic,past
1,3.6,75.46,1,5,2,1.85,two-year,fiber,credit_card,basic,never
0,35.3,81.81,3,5,0,1.46,month-to-month,dsl,credit_card,basic,past
1,0.4,71.13,2,2,0,3.11,month-to-month,fiber,electronic_check,basic,never
0,20.5,100.26,1,2,0,3.82,two-year,fiber,bank_transfer,plus,never
0,28.0,104.6,3,3,0,1.0,one-year,dsl,electronic_check,plus,never
1,20.9,82.89,2,3,2,1.93,one-year,dsl,electronic_check,plus,current
0,7.5,32.34,1,1,0,3.87,two-year,fiber,electronic_check,plus,current
0,17.4,90.58,2,1,0,4.54,month-to-month,dsl,electronic_check,basic,past
0,7.0,33.62,2,4,1,2.81,month-to-month,none,electronic_check,basic,current
0,25.0,32.75,1,3,0,2.85,month-to-month,dsl,credit_card,plus,current
0,12.0,119.31,1,3,0,4.96,month-to-month,dsl,bank_transfer,basic,never
0,12.4,10.0,1,0,0,4.05,month-to-month,fiber,electronic_check,plus,never
0,11.8,47.02,2,1,0,4.35,one-year,fiber,electronic_check,plus,past
0,4.6,80.73,3,3,1,2.34,month-to-month,fiber,electronic_check,basic,past
0,5.3,52.38,2,3,2,0.0,two-year,dsl,electronic_check,basic,past
0,10.0,47.14,2,3,0,1.89,one-year,fiber,electronic_check,plus,past
0,32.9,44.07,4,2,0,3.52,one-year,fiber,electronic_check,basic,never
0,1.5,105.56,2,1,0,3.85,one-year,fiber,electronic_check,basic,current
0,53.1,51.34,2,1,0,1.9,month-to-month,fiber,credit_card,plus,past
0,46.8,79.49,3,5,0,3.7,month-to-month,dsl,electronic_check,basic,never
0,19.8,63.67,2,0,0,2.65,one-year,dsl,electronic_check,plus,current
0,1.0,61.2,2,3,2,2.68,month-to-month,dsl,electronic_check,plus,past
0,13.3,49.71,3,1,0,1.44,one-year,fiber,credit_card,basic,never
0,8.4,82.62,0,0,1,0.0,one-year,none,credit_card,plus,never
0,7.9,49.29,2,0,1,1.54,two-year,none,electronic_check,plus,past
0,4.3,66.09,1,1,1,2.11,one-year,none,electronic_check,plus,never
0,2.6,63.45,3,1,2,0.94,one-year,fiber,credit_card,plus,past
1,47.2,69.05,3,3,2,1.48,one-year,dsl,electronic_check,plus,past
0,33.2,90.04,1,3,0,1.76,month-to-month,fiber,credit_card,basic,current
0,19.8,56.56,2,1,0,1.28,month-to-month,fiber,electronic_check,basic,never
0,24.4,56.51,2,3,0,2.27,month-to-month,dsl,electronic_check,plus,never
0,24.5,50.64,2,0,0,1.66,one-year,fiber,bank_transfer,plus,past
0,12.3,75.58,3,3,0,4.77,month-to-month,fiber,bank_transfer,basic,past
1,30.9,60.1,2,0,0,3.54,one-year,dsl,bank_transfer,plus,past
0,15.1,72.61,2,0,1,0.92,month-to-month,dsl,bank_transfer,premium,past
0,24.1,77.88,2,3,0,0.46,two-year,dsl,electronic_check,plus,never
0,11.7,96.85,2,2,0,2.9,month-to-month,dsl,bank_transfer,basic,never
0,1.3,97.52,2,2,0,2.45,month-to-month,dsl,bank_transfer,basic,past
1,1.2,150.42,3,1,0,3.77,month-to-month,fiber,electronic_check,basic,past
0,1.3,19.64,3,1,2,2.51,one-year,fiber,electronic_check,basic,past
0,33.4,89.89,2,1,1,2.22,one-year,dsl,electronic_check,plus,current
0,72.0,35.45,1,3,0,3.0,month-to-month,fiber,credit_card,basic,current
0,49.2,67.95,3,2,1,2.21,month-to-month,dsl,electronic_check,basic,past
0,8.8,60.92,1,0,0,0.49,month-to-month,dsl,credit_card,premium,past
1,12.0,54.09,2,2,2,0.0,one-year,dsl,bank_transfer,plus,never
0,17.2,41.44,2,4,0,0.95,month-to-month,fiber,electronic_check,basic,never
0,15.8,71.61,1,1,1,2.94,one-year,none,electronic_check,plus,never
0,9.3,40.88,3,4,2,1.44,one-year,dsl,electronic_check,basic,past
0,21.0,10.0,3,4,1,0.99,month-to-month,dsl,credit_card,basic,never
0,13.9,43.08,3,2,1,3.72,month-to-month,fiber,credit_card,plus,past
0,4.5,94.67,3,3,1,3.04,month-to-month,fiber,bank_transfer,plus,past
1,18.5,79.56,1,2,2,3.23,month-to-month,fiber,credit_card,basic,past
0,4.5,63.88,1,4,1,2.28,one-year,fiber,electronic_check,basic,current
0,7.5,71.6,2,3,1,3.24,month-to-month,fiber,electronic_check,premium,current
1,1.0,64.26,3,4,1,2.98,month-to-month,fiber,bank_transfer,basic,past
0,1.0,46.45,0,2,0,4.54,one-year,none,credit_card,basic,past
0,44.5,58.58,2,1,0,3.69,one-year,none,electronic_check,premium,never
0,6.2,34.71,2,2,0,2.77,two-year,none,electronic_check,basic,past
0,39.5,106.07,1,1,0,2.99,one-year,dsl,bank_transfer,plus,never
0,0.4,24.7,1,0,0,0.63,two-year,fiber,electronic_check,plus,never
0,11.9,42.25,2,2,0,2.38,month-to-month,fiber,credit_card,basic,past
0,3.6,53.83,2,2,2,4.89,two-year,dsl,electronic_check,basic,past
0,11.3,80.14,3,1,0,0.99,two-year,dsl,electronic_check,plus,never
0,12.7,50.86,1,0,1,1.85,month-to-month,fiber,electronic_check,premium,past
0,15.9,103.93,1,2,0,2.35,one-year,fiber,electronic_check,basic,current
1,11.5,85.81,2,3,0,1.94,month-to-month,fiber,bank_transfer,basic,past
0,7.4,77.69,2,1,1,3.92,month-to-month,dsl,credit_card,plus,never
0,5.5,51.41,1,1,0,1.0,month-to-month,none,credit_card,plus,never
0,26.5,65.82,2,1,2,2.16,month-to-month,fiber,bank_transfer,basic,current
0,4.8,89.23,1,2,0,2.85,month-to-month,fiber,bank_transfer,basic,past
0,15.2,71.07,3,3,0,2.1,month-to-month,dsl,electronic_check,premium,never
0,9.5,86.07,2,2,1,2.0,month-to-month,dsl,electronic_check,basic,current
0,17.5,113.28,3,3,1,0.6,two-year,fiber,electronic_check,basic,never
0,22.7,81.61,3,2,0,3.35,month-to-month,fiber,credit_card,basic,past
0,41.2,70.2,2,0,1,5.07,month-to-month,dsl,electronic_check,plus,never
0,49.3,42.97,2,1,0,1.13,two-year,dsl,credit_card,basic,past
0,7.3,84.04,1,2,1,4.01,one-year,dsl,credit_card,basic,never
0,72.0,28.39,2,3,0,1.09,one-year,fiber,credit_card,basic,current
1,17.1,96.8,2,5,3,1.76,month-to-month,dsl,electronic_check,basic,never
1,24.5,96.43,2,1,0,0.6,month-to-month,fiber,bank_transfer,plus,past
0,31.9,97.01,3,2,1,0.61,month-to-month,dsl,bank_transfer,basic,past
0,2.4,97.8,1,3,0,2.83,month-to-month,fiber,electronic_check,plus,never
0,19.4,59.1,3,3,1,3.64,two-year,dsl,electronic_check,basic,past
0,19.1,70.72,3,1,1,1.96,month-to-month,fiber,electronic_check,plus,never
0,1.0,70.39,1,3,2,1.06,month-to-month,fiber,bank_transfer,plus,never
0,9.7,63.64,4,1,0,3.47,month-to-month,fiber,electronic_check,basic,never
0,21.2,67.77,2,1,0,3.76,month-to-month,fiber,bank_transfer,basic,never
0,14.4,96.75,2,3,1,1.13,one-year,fiber,electronic_check,basic,past
0,18.3,68.77,2,2,1,4.78,month-to-month,dsl,electronic_check,basic,never
1,28.7,89.08,2,0,1,3.74,month-to-month,fiber,electronic_check,plus,past
0,8.6,50.38,1,1,0,0.99,month-to-month,fiber,credit_card,basic,never
0,7.5,87.3,1,1,0,2.39,two-year,none,electronic_check,basic,current
0,4.6,73.85,1,4,0,1.04,month-to-month,dsl,credit_card,basic,past
0,9.8,107.39,2,1,2,3.58,one-year,fiber,bank_transfer,plus,never
0,2.9,61.12,1,2,0,0.0,one-year,none,credit_card,basic,never
0,6.2,67.91,2,3,1,0.93,month-to-month,none,electronic_check,basic,past
0,22.1,63.02,2,3,0,1.08,month-to-month,dsl,electronic_check,basic,past
0,3.4,58.77,3,2,0,1.71,one-year,dsl,bank_transfer,basic,past
1,5.8,74.46,2,1,0,1.21,month-to-month,none,electronic_check,basic,current
0,6.8,34.07,2,1,0,1.01,one-year,fiber,electronic_check,plus,never
0,26.0,67.37,1,2,0,2.66,month-to-month,none,electronic_check,premium,current
0,3.6,87.23,2,3,1,3.53,one-year,fiber,electronic_check,basic,never
1,0.2,79.64,1,2,0,0.6,one-year,fiber,electronic_check,basic,current
0,10.8,60.44,2,4,0,2.75,one-year,fiber,electronic_check,plus,past
0,17.3,43.63,2,4,1,3.36,one-year,fiber,bank_transfer,basic,past
0,41.5,93.73,2,3,1,1.63,month-to-month,dsl,electronic_check,plus,past
0,28.5,92.66,1,2,0,2.81,month-to-month,none,electronic_check,basic,current
0,33.6,22.33,2,0,0,3.08,one-year,fiber,electronic_check,plus,current
1,13.4,58.14,1,5,0,1.75,one-year,none,electronic_check,plus,never
0,2.6,111.17,1,3,0,2.25,two-year,none,credit_card,plus,past
0,5.6,45.1,2,1,0,2.29,one-year,none,bank_transfer,basic,past
0,22.8,105.32,2,3,0,3.31,one-year,fiber,bank_transfer,premium,past
0,40.1,112.34,2,1,0,1.07,month-to-month,dsl,electronic_check,basic,never
0,2.8,56.19,2,3,0,2.71,two-year,fiber,electronic_check,basic,never
0,31.7,72.79,1,3,0,0.89,month-to-month,none,bank_transfer,plus,never
0,2.6,85.86,2,2,1,0.0,month-to-month,dsl,electronic_check,basic,past
0,63.9,71.42,2,1,0,1.64,one-year,fiber,electronic_check,plus,current
0,8.3,73.94,2,2,0,3.7,month-to-month,none,electronic_check,basic,never
